,AGE,GENDER,STATE,EDUC,MARRIED,JOB,INC,PEOPLE,PINC,CEREAL,ROOT,VEGAN,FRUITS,MEAT,EGGS,MILK,OIL,SUGAR,WELL,CWELL,PWELL,ORG,CORG,PORG,GARDEN,CGARDEN,PGARDEN,VEG,CVEG,PVEG,GARDV1,GARDV2,GARDV3,GARDV4,GARDV5,NGARD,FGARD,INDEXV,INDEXN,VEGROOT,MEETEGG,DEPRATIO
0,71.0,0.0,CE,22.0,0.0,0.0,19000.0,4.0,2.0,7.0,3.0,6.0,5.0,5.0,6.0,7.0,7.0,5.0,1.0,4.0,3.0,3.0,4.0,2.0,3.0,3.0,2.0,3.0,2.0,3.0,1.0,0.0,0.0,0.0,0.0,0.0,1.0,101.0,3,7.0,7.0,0.5
1,28.0,1.0,BA,16.0,1.0,1.0,4500.0,2.0,2.0,7.0,4.0,6.0,5.0,4.0,7.0,7.0,4.0,7.0,2.0,3.0,2.0,3.0,4.0,2.0,3.0,3.0,5.0,4.0,2.0,1.0,1.0,0.0,0.0,0.0,1.0,0.0,2.0,89.5,3,7.0,7.0,0.0
2,31.0,1.0,PE,18.0,0.0,1.0,4500.0,2.0,2.0,7.0,5.0,7.0,5.0,6.0,4.0,6.0,6.0,6.0,3.0,4.0,4.0,5.0,5.0,3.0,5.0,5.0,3.0,5.0,3.0,5.0,1.0,1.0,1.0,0.0,1.0,0.0,4.0,102.5,3,7.0,7.0,0.0
3,28.0,1.0,SP,16.0,1.0,1.0,10000.0,3.0,2.0,7.0,5.0,7.0,3.0,0.0,7.0,0.0,5.0,7.0,7.0,4.0,3.0,3.0,4.0,1.0,1.0,4.0,1.0,5.0,2.0,1.0,0.0,0.0,0.0,0.0,0.0,1.0,0.0,93.0,3,7.0,7.0,0.3333333333333333
5,24.0,1.0,PB,14.0,1.0,0.0,10000.0,4.0,1.0,7.0,3.0,3.0,7.0,3.0,5.0,4.0,5.0,3.0,3.0,2.0,3.0,3.0,4.0,3.0,2.0,2.0,4.0,4.0,3.0,1.0,1.0,1.0,0.0,0.0,0.0,0.0,2.0,84.0,3,7.0,7.0,0.75
6,69.0,1.0,PB,16.0,1.0,0.0,10000.0,1.0,1.0,7.0,7.0,6.0,6.0,6.0,6.0,3.0,7.0,7.0,7.0,4.0,4.0,5.0,4.0,3.0,4.0,4.0,4.0,4.0,3.0,1.0,1.0,0.0,0.0,0.0,1.0,0.0,2.0,107.0,3,7.0,7.0,0.0
7,46.0,1.0,SP,16.0,0.0,1.0,41250.0,4.0,3.0,7.0,7.0,7.0,7.0,7.0,7.0,7.0,7.0,7.0,7.0,4.0,3.0,3.0,4.0,3.0,3.0,4.0,2.0,4.0,2.0,3.0,1.0,0.0,0.0,1.0,1.0,0.0,3.0,112.0,3,7.0,7.0,0.25
8,48.0,1.0,PE,16.0,0.0,1.0,13500.0,4.0,1.0,0.0,6.0,1.0,7.0,7.0,7.0,7.0,3.0,4.0,2.0,1.0,2.0,3.0,4.0,2.0,3.0,4.0,2.0,4.0,2.0,3.0,1.0,1.0,0.0,0.0,1.0,0.0,3.0,72.0,3,6.0,7.0,0.75
9,21.0,1.0,PE,12.0,1.0,0.0,4500.0,4.0,1.0,7.0,5.0,5.0,4.0,6.0,7.0,5.0,7.0,7.0,7.0,4.0,2.0,3.0,4.0,2.0,4.0,3.0,3.0,4.0,2.0,3.0,1.0,0.0,0.0,0.0,0.0,0.0,1.0,102.0,3,7.0,7.0,0.75
10,20.0,0.0,PE,14.0,1.0,0.0,27500.0,5.0,2.0,7.0,4.0,6.0,7.0,7.0,7.0,7.0,7.0,7.0,7.0,4.0,1.0,1.0,4.0,2.0,3.0,4.0,4.0,3.0,1.0,1.0,1.0,0.0,0.0,0.0,0.0,0.0,1.0,109.0,3,7.0,7.0,0.6
11,48.0,1.0,PE,16.0,0.0,1.0,41250.0,6.0,5.0,7.0,7.0,5.0,7.0,7.0,7.0,7.0,7.0,7.0,7.0,3.0,2.0,5.0,4.0,2.0,3.0,3.0,3.0,4.0,2.0,2.0,1.0,0.0,0.0,0.0,1.0,0.0,2.0,106.0,3,7.0,7.0,0.1666666666666666
12,32.0,1.0,RS,18.0,1.0,1.0,8000.0,2.0,2.0,7.0,7.0,7.0,5.0,7.0,5.0,7.0,7.0,7.0,5.0,4.0,4.0,4.0,5.0,3.0,4.0,5.0,3.0,5.0,3.0,3.0,1.0,1.0,0.0,0.0,1.0,0.0,3.0,109.0,3,7.0,7.0,0.0
13,60.0,1.0,PE,16.0,0.0,1.0,8000.0,2.0,2.0,7.0,7.0,5.0,6.0,7.0,6.0,7.0,6.0,3.0,5.0,4.0,4.0,5.0,4.0,4.0,5.0,3.0,3.0,2.0,2.0,3.0,1.0,0.0,0.0,0.0,0.0,0.0,1.0,98.0,3,7.0,7.0,0.0
14,73.0,1.0,PE,12.0,0.0,1.0,2500.0,2.0,1.0,4.0,2.0,5.0,3.0,3.0,4.0,4.0,4.0,4.0,7.0,2.0,2.0,4.0,2.0,3.0,3.0,3.0,3.0,1.0,2.0,3.0,1.0,0.0,0.0,0.0,1.0,0.0,2.0,82.5,3,6.0,7.0,0.5
15,73.0,1.0,PE,12.0,0.0,1.0,2500.0,2.0,1.0,4.0,2.0,5.0,3.0,3.0,4.0,4.0,4.0,4.0,7.0,2.0,2.0,4.0,2.0,3.0,3.0,3.0,3.0,1.0,2.0,3.0,1.0,0.0,0.0,0.0,1.0,0.0,2.0,82.5,3,6.0,7.0,0.5
16,23.0,1.0,PE,14.0,1.0,0.0,4500.0,2.0,1.0,4.0,2.0,1.0,0.0,3.0,2.0,4.0,5.0,1.0,3.0,3.0,3.0,4.0,3.0,2.0,4.0,3.0,1.0,5.0,4.0,5.0,0.0,1.0,0.0,0.0,1.0,0.0,2.0,64.0,3,6.0,6.0,0.5
17,64.0,1.0,PE,22.0,1.0,0.0,19000.0,1.0,1.0,7.0,3.0,7.0,7.0,7.0,6.0,4.0,7.0,7.0,3.0,4.0,4.0,5.0,4.0,4.0,4.0,3.0,2.0,4.0,3.0,4.0,1.0,0.0,0.0,0.0,0.0,0.0,1.0,110.0,3,7.0,7.0,0.0
18,24.0,0.0,PE,14.0,1.0,1.0,4500.0,1.0,1.0,7.0,7.0,2.0,6.0,5.0,7.0,6.0,7.0,4.0,7.0,3.0,4.0,4.0,4.0,3.0,5.0,5.0,2.0,5.0,2.0,3.0,1.0,1.0,0.0,0.0,0.0,0.0,2.0,92.5,3,7.0,7.0,0.0
19,25.0,1.0,PE,14.0,1.0,1.0,6500.0,2.0,2.0,4.0,6.0,3.0,3.0,2.0,7.0,4.0,7.0,7.0,7.0,3.0,2.0,2.0,3.0,2.0,2.0,1.0,4.0,4.0,2.0,4.0,1.0,1.0,0.0,0.0,1.0,0.0,3.0,91.0,3,7.0,7.0,0.0
20,49.0,1.0,PE,16.0,1.0,1.0,41250.0,2.0,2.0,7.0,3.0,4.0,7.0,7.0,6.0,5.0,7.0,5.0,1.0,3.0,3.0,4.0,4.0,3.0,4.0,1.0,2.0,5.0,2.0,3.0,0.0,0.0,0.0,0.0,0.0,1.0,0.0,99.0,3,7.0,7.0,0.0
21,29.0,1.0,RJ,16.0,0.0,0.0,2500.0,2.0,1.0,7.0,4.0,5.0,7.0,0.0,5.0,2.0,5.0,7.0,7.0,4.0,1.0,3.0,5.0,1.0,1.0,5.0,3.0,5.0,2.0,1.0,1.0,0.0,0.0,0.0,1.0,0.0,2.0,91.0,3,7.0,7.0,0.5
22,57.0,0.0,CE,5.0,0.0,1.0,1500.0,4.0,2.0,6.0,1.0,3.0,7.0,6.0,7.0,4.0,4.0,7.0,3.0,4.0,2.0,3.0,5.0,3.0,4.0,4.0,4.0,4.0,2.0,3.0,0.0,1.0,0.0,0.0,1.0,0.0,2.0,85.0,3,7.0,7.0,0.5
23,26.0,1.0,PE,14.0,1.0,1.0,1500.0,1.0,0.0,7.0,4.0,5.0,5.0,7.0,7.0,7.0,7.0,7.0,7.0,1.0,1.0,4.0,4.0,3.0,4.0,4.0,4.0,4.0,2.0,4.0,1.0,1.0,0.0,1.0,1.0,0.0,4.0,104.0,3,7.0,7.0,1.0
24,55.0,1.0,PE,12.0,0.0,1.0,4500.0,2.0,2.0,2.0,6.0,3.0,5.0,7.0,6.0,7.0,3.0,7.0,0.0,2.0,4.0,4.0,3.0,2.0,3.0,2.0,4.0,2.0,1.0,1.0,1.0,1.0,0.0,0.0,0.0,0.0,2.0,78.5,3,7.0,7.0,0.0
25,26.0,1.0,PE,12.0,1.0,1.0,1500.0,4.0,2.0,7.0,1.0,7.0,6.0,4.0,6.0,5.0,4.0,6.0,2.0,2.0,3.0,5.0,5.0,3.0,4.0,3.0,2.0,3.0,1.0,2.0,1.0,0.0,0.0,1.0,1.0,0.0,3.0,93.0,3,7.0,7.0,0.5
26,46.0,1.0,PE,16.0,0.0,1.0,2500.0,3.0,2.0,7.0,5.0,6.0,7.0,7.0,7.0,0.0,7.0,3.0,7.0,3.0,3.0,4.0,3.0,3.0,4.0,3.0,4.0,5.0,4.0,3.0,1.0,0.0,0.0,0.0,0.0,0.0,1.0,107.0,3,7.0,7.0,0.3333333333333333
27,38.0,1.0,PE,16.0,0.0,1.0,1500.0,4.0,1.0,7.0,4.0,5.0,3.0,6.0,7.0,5.0,6.0,7.0,6.0,2.0,3.0,3.0,3.0,2.0,2.0,2.0,1.0,1.0,1.0,1.0,1.0,0.0,0.0,0.0,0.0,0.0,1.0,96.5,3,7.0,7.0,0.75
28,62.0,1.0,RJ,16.0,0.0,0.0,19000.0,2.0,2.0,7.0,7.0,7.0,7.0,7.0,7.0,4.0,4.0,4.0,0.0,5.0,4.0,4.0,5.0,4.0,4.0,3.0,3.0,5.0,2.0,3.0,0.0,0.0,0.0,0.0,1.0,0.0,1.0,95.0,3,7.0,7.0,0.0
29,40.0,1.0,PE,16.0,0.0,1.0,4500.0,3.0,2.0,5.0,5.0,5.0,6.0,1.0,6.0,2.0,6.0,4.0,7.0,3.0,2.0,5.0,5.0,3.0,5.0,4.0,3.0,5.0,2.0,2.0,1.0,1.0,0.0,1.0,1.0,0.0,4.0,93.5,3,7.0,7.0,0.3333333333333333
30,30.0,1.0,PE,18.0,1.0,1.0,4500.0,3.0,2.0,7.0,3.0,2.0,1.0,1.0,7.0,5.0,6.0,7.0,7.0,2.0,2.0,2.0,4.0,2.0,4.0,4.0,4.0,4.0,1.0,1.0,1.0,1.0,0.0,0.0,1.0,0.0,3.0,81.0,3,7.0,7.0,0.3333333333333333
31,20.0,1.0,PE,12.0,1.0,0.0,19000.0,3.0,1.0,7.0,5.0,5.0,7.0,7.0,7.0,6.0,7.0,7.0,3.0,3.0,2.0,3.0,4.0,3.0,5.0,1.0,2.0,3.0,1.0,1.0,1.0,1.0,0.0,1.0,1.0,0.0,4.0,104.0,3,7.0,7.0,0.6666666666666666
32,26.0,1.0,PE,14.0,1.0,1.0,6500.0,5.0,2.0,6.0,4.0,5.0,7.0,6.0,7.0,5.0,6.0,5.0,7.0,2.0,2.0,4.0,2.0,2.0,4.0,2.0,3.0,2.0,2.0,2.0,1.0,1.0,0.0,0.0,1.0,0.0,3.0,100.0,3,7.0,7.0,0.6
33,37.0,1.0,PE,16.0,0.0,1.0,6500.0,4.0,2.0,7.0,4.0,6.0,5.0,5.0,7.0,7.0,7.0,6.0,7.0,1.0,1.0,2.0,4.0,2.0,4.0,4.0,2.0,3.0,1.0,1.0,1.0,0.0,0.0,0.0,1.0,0.0,2.0,104.5,3,7.0,7.0,0.5
34,50.0,1.0,PE,16.0,1.0,1.0,19000.0,3.0,1.0,7.0,0.0,3.0,2.0,2.0,5.0,0.0,6.0,0.0,4.0,4.0,1.0,1.0,5.0,2.0,1.0,5.0,1.0,5.0,3.0,1.0,1.0,0.0,0.0,0.0,1.0,0.0,2.0,73.0,3,7.0,5.0,0.6666666666666666
35,49.0,1.0,RJ,14.0,0.0,1.0,4500.0,3.0,1.0,7.0,2.0,5.0,2.0,2.0,4.0,1.0,3.0,7.0,5.0,5.0,4.0,5.0,5.0,3.0,3.0,5.0,3.0,5.0,3.0,5.0,0.0,1.0,0.0,0.0,1.0,0.0,2.0,71.0,3,7.0,5.0,0.6666666666666666
36,48.0,1.0,RJ,16.0,0.0,0.0,41250.0,3.0,2.0,7.0,7.0,7.0,7.0,7.0,7.0,3.0,7.0,7.0,5.0,2.0,2.0,2.0,5.0,2.0,1.0,5.0,4.0,5.0,1.0,1.0,1.0,1.0,0.0,0.0,1.0,0.0,3.0,111.0,3,7.0,7.0,0.3333333333333333
37,33.0,1.0,SP,16.0,1.0,1.0,4500.0,2.0,1.0,7.0,4.0,6.0,4.0,4.0,5.0,1.0,7.0,7.0,7.0,2.0,2.0,4.0,1.0,2.0,5.0,5.0,2.0,5.0,1.0,5.0,1.0,1.0,0.0,1.0,1.0,0.0,4.0,99.0,3,7.0,6.0,0.5
38,62.0,0.0,RJ,18.0,0.0,1.0,41250.0,3.0,2.0,7.0,7.0,7.0,7.0,2.0,7.0,1.0,7.0,7.0,7.0,5.0,1.0,1.0,5.0,1.0,1.0,5.0,4.0,5.0,1.0,1.0,1.0,1.0,0.0,0.0,1.0,0.0,3.0,107.0,3,7.0,7.0,0.3333333333333333
39,42.0,1.0,PE,22.0,1.0,1.0,6500.0,1.0,0.0,5.0,3.0,5.0,6.0,5.0,2.0,3.0,7.0,5.0,2.0,4.0,5.0,5.0,4.0,3.0,5.0,2.0,3.0,5.0,2.0,4.0,1.0,0.0,0.0,0.0,1.0,0.0,2.0,91.5,3,7.0,5.0,1.0
40,25.0,0.0,PE,16.0,1.0,1.0,2500.0,2.0,2.0,7.0,1.0,4.0,0.0,0.0,7.0,1.0,7.0,7.0,7.0,2.0,1.0,3.0,2.0,1.0,1.0,2.0,1.0,3.0,1.0,1.0,0.0,0.0,0.0,0.0,1.0,0.0,1.0,89.0,3,7.0,7.0,0.0
41,31.0,1.0,PE,18.0,0.0,1.0,8000.0,2.0,2.0,6.0,7.0,4.0,7.0,3.0,6.0,5.0,2.0,5.0,1.0,2.0,2.0,4.0,4.0,4.0,4.0,4.0,4.0,4.0,3.0,3.0,1.0,0.0,0.0,1.0,1.0,0.0,3.0,75.0,3,7.0,7.0,0.0
42,63.0,0.0,RJ,16.0,0.0,1.0,27500.0,3.0,1.0,7.0,6.0,7.0,7.0,3.0,5.0,5.0,5.0,6.0,5.0,2.0,1.0,2.0,4.0,1.0,1.0,2.0,1.0,3.0,1.0,1.0,0.0,0.0,0.0,0.0,0.0,1.0,0.0,98.5,3,7.0,7.0,0.6666666666666666
43,60.0,0.0,RJ,18.0,0.0,1.0,41250.0,3.0,2.0,7.0,0.0,3.0,5.0,7.0,4.0,2.0,7.0,7.0,1.0,5.0,1.0,1.0,5.0,2.0,1.0,5.0,5.0,2.0,1.0,1.0,1.0,0.0,0.0,0.0,1.0,0.0,2.0,91.0,3,7.0,6.0,0.3333333333333333
44,21.0,1.0,BA,12.0,0.0,1.0,1500.0,2.0,2.0,7.0,7.0,7.0,3.0,7.0,7.0,7.0,7.0,7.0,2.0,5.0,3.0,1.0,5.0,1.0,1.0,5.0,3.0,5.0,2.0,1.0,1.0,1.0,0.0,1.0,1.0,0.0,4.0,105.5,3,7.0,7.0,0.0
45,21.0,0.0,PE,14.0,1.0,1.0,13500.0,4.0,3.0,6.0,3.0,6.0,2.0,4.0,7.0,5.0,6.0,4.0,4.0,2.0,2.0,2.0,2.0,2.0,2.0,2.0,2.0,2.0,2.0,1.0,1.0,1.0,0.0,0.0,1.0,0.0,3.0,94.0,3,7.0,7.0,0.25
46,27.0,1.0,PE,18.0,1.0,1.0,4500.0,4.0,4.0,7.0,2.0,6.0,3.0,4.0,7.0,1.0,5.0,6.0,7.0,2.0,2.0,5.0,3.0,3.0,4.0,4.0,3.0,4.0,2.0,3.0,1.0,0.0,0.0,0.0,1.0,0.0,2.0,93.5,3,7.0,7.0,0.0
47,30.0,1.0,MS,18.0,0.0,0.0,10000.0,2.0,1.0,7.0,1.0,5.0,7.0,7.0,7.0,7.0,7.0,7.0,1.0,2.0,1.0,3.0,3.0,2.0,3.0,5.0,4.0,3.0,2.0,1.0,0.0,0.0,0.0,0.0,1.0,0.0,1.0,103.0,3,7.0,7.0,0.5
48,42.0,1.0,PE,12.0,0.0,1.0,1500.0,4.0,1.0,7.0,5.0,4.0,4.0,5.0,7.0,7.0,7.0,7.0,7.0,3.0,3.0,3.0,5.0,4.0,5.0,4.0,4.0,4.0,1.0,2.0,1.0,0.0,0.0,0.0,1.0,0.0,2.0,98.0,3,7.0,7.0,0.75
49,48.0,1.0,PE,16.0,0.0,1.0,6500.0,6.0,4.0,5.0,7.0,5.0,6.0,7.0,7.0,7.0,7.0,7.0,2.0,5.0,1.0,4.0,4.0,2.0,4.0,5.0,3.0,5.0,1.0,1.0,1.0,0.0,0.0,0.0,0.0,0.0,1.0,102.5,3,7.0,7.0,0.3333333333333333
50,58.0,1.0,PE,16.0,0.0,1.0,8000.0,3.0,3.0,7.0,7.0,7.0,4.0,7.0,3.0,7.0,1.0,7.0,1.0,4.0,4.0,5.0,5.0,3.0,5.0,2.0,1.0,5.0,3.0,5.0,1.0,0.0,0.0,0.0,0.0,0.0,1.0,82.0,3,7.0,7.0,0.0
51,34.0,0.0,SP,18.0,1.0,1.0,8000.0,1.0,1.0,7.0,7.0,4.0,7.0,7.0,0.0,7.0,7.0,0.0,7.0,5.0,5.0,4.0,4.0,5.0,5.0,4.0,5.0,4.0,3.0,4.0,0.0,0.0,0.0,0.0,1.0,0.0,1.0,99.5,3,7.0,7.0,0.0
52,27.0,0.0,PE,18.0,1.0,1.0,2500.0,4.0,3.0,6.0,5.0,5.0,5.0,5.0,7.0,3.0,7.0,7.0,7.0,3.0,3.0,5.0,4.0,4.0,4.0,3.0,4.0,3.0,2.0,3.0,1.0,0.0,0.0,0.0,1.0,0.0,2.0,102.0,3,7.0,7.0,0.25
53,26.0,1.0,PE,14.0,0.0,1.0,19000.0,3.0,2.0,6.0,3.0,2.0,4.0,6.0,7.0,5.0,3.0,4.0,7.0,3.0,1.0,3.0,4.0,3.0,2.0,3.0,1.0,3.0,2.0,1.0,0.0,0.0,0.0,1.0,1.0,0.0,2.0,75.5,3,7.0,7.0,0.3333333333333333
54,57.0,1.0,PE,12.0,0.0,1.0,19000.0,3.0,2.0,5.0,5.0,5.0,3.0,7.0,6.0,5.0,5.0,6.0,4.0,3.0,3.0,2.0,4.0,2.0,1.0,2.0,2.0,1.0,1.0,1.0,1.0,0.0,0.0,0.0,0.0,0.0,1.0,92.0,3,7.0,7.0,0.3333333333333333
55,30.0,1.0,PE,16.0,0.0,1.0,6500.0,2.0,2.0,5.0,7.0,1.0,7.0,2.0,7.0,7.0,7.0,7.0,0.0,2.0,2.0,2.0,3.0,3.0,3.0,2.0,1.0,3.0,1.0,1.0,1.0,1.0,0.0,0.0,1.0,0.0,3.0,85.5,3,7.0,7.0,0.0
56,37.0,1.0,PE,16.0,0.0,1.0,13500.0,4.0,2.0,7.0,4.0,4.0,6.0,4.0,7.0,7.0,5.0,7.0,7.0,3.0,2.0,3.0,4.0,1.0,3.0,4.0,2.0,3.0,1.0,1.0,1.0,1.0,0.0,0.0,1.0,0.0,3.0,91.0,3,7.0,7.0,0.5
57,56.0,1.0,RJ,22.0,0.0,1.0,13500.0,4.0,4.0,7.0,4.0,7.0,4.0,7.0,6.0,3.0,3.0,6.0,3.0,5.0,3.0,4.0,5.0,4.0,3.0,3.0,3.0,5.0,2.0,1.0,1.0,1.0,1.0,1.0,1.0,0.0,5.0,90.5,3,7.0,7.0,0.0
58,45.0,1.0,PE,16.0,0.0,1.0,10000.0,5.0,2.0,7.0,5.0,5.0,4.0,7.0,7.0,7.0,7.0,7.0,4.0,3.0,2.0,3.0,4.0,2.0,3.0,2.0,2.0,2.0,1.0,2.0,0.0,0.0,0.0,0.0,1.0,0.0,1.0,101.5,3,7.0,7.0,0.6
59,35.0,1.0,PE,22.0,0.0,1.0,13500.0,2.0,2.0,7.0,3.0,5.0,7.0,6.0,7.0,0.0,7.0,3.0,1.0,4.0,3.0,4.0,5.0,2.0,1.0,5.0,5.0,5.0,2.0,1.0,0.0,0.0,0.0,0.0,1.0,0.0,1.0,100.0,3,7.0,7.0,0.0
60,61.0,1.0,RJ,22.0,0.0,1.0,27500.0,2.0,2.0,7.0,7.0,7.0,7.0,4.0,7.0,5.0,7.0,7.0,2.0,4.0,2.0,2.0,5.0,2.0,4.0,5.0,3.0,5.0,1.0,1.0,1.0,1.0,0.0,0.0,1.0,0.0,3.0,106.5,3,7.0,7.0,0.0
61,36.0,1.0,PE,16.0,0.0,1.0,13500.0,2.0,2.0,7.0,3.0,3.0,5.0,5.0,7.0,6.0,5.0,5.0,4.0,1.0,1.0,3.0,2.0,2.0,3.0,1.0,1.0,3.0,1.0,2.0,1.0,0.0,0.0,0.0,0.0,0.0,1.0,85.5,3,7.0,7.0,0.0
62,26.0,1.0,PE,16.0,1.0,1.0,2500.0,2.0,2.0,7.0,4.0,2.0,6.0,7.0,7.0,5.0,6.0,7.0,7.0,1.0,1.0,5.0,4.0,2.0,3.0,4.0,3.0,4.0,2.0,3.0,1.0,1.0,0.0,1.0,1.0,0.0,4.0,92.0,3,7.0,7.0,0.0
63,19.0,1.0,PE,14.0,1.0,1.0,10000.0,3.0,3.0,6.0,4.0,4.0,6.0,3.0,6.0,5.0,7.0,7.0,5.0,5.0,4.0,3.0,5.0,3.0,4.0,4.0,2.0,5.0,3.0,3.0,0.0,1.0,0.0,0.0,1.0,0.0,2.0,97.0,3,7.0,7.0,0.0
64,27.0,1.0,PE,14.0,0.0,1.0,4500.0,2.0,1.0,7.0,3.0,6.0,6.0,7.0,2.0,7.0,6.0,7.0,7.0,4.0,2.0,3.0,4.0,2.0,3.0,5.0,2.0,4.0,2.0,3.0,1.0,1.0,0.0,1.0,1.0,0.0,4.0,104.0,3,7.0,7.0,0.5
65,19.0,1.0,PE,14.0,1.0,0.0,4500.0,5.0,4.0,7.0,2.0,4.0,4.0,3.0,2.0,5.0,5.0,7.0,6.0,3.0,4.0,4.0,4.0,3.0,5.0,4.0,2.0,5.0,2.0,3.0,1.0,1.0,0.0,1.0,1.0,0.0,4.0,87.5,3,7.0,7.0,0.2
66,46.0,0.0,AL,16.0,0.0,1.0,4500.0,4.0,3.0,7.0,3.0,5.0,1.0,2.0,7.0,2.0,3.0,5.0,7.0,3.0,1.0,2.0,2.0,3.0,2.0,4.0,1.0,2.0,1.0,1.0,0.0,1.0,0.0,0.0,0.0,0.0,1.0,78.0,3,7.0,7.0,0.25
67,21.0,0.0,PE,14.0,1.0,1.0,1500.0,1.0,1.0,7.0,0.0,0.0,5.0,4.0,3.0,7.0,7.0,7.0,0.0,3.0,2.0,4.0,4.0,3.0,3.0,1.0,2.0,5.0,2.0,1.0,1.0,1.0,0.0,1.0,1.0,0.0,4.0,82.5,3,7.0,7.0,0.0
68,48.0,0.0,PE,12.0,0.0,0.0,8000.0,3.0,1.0,7.0,4.0,7.0,5.0,7.0,7.0,5.0,7.0,3.0,3.0,4.0,3.0,3.0,4.0,3.0,3.0,3.0,3.0,3.0,3.0,3.0,1.0,0.0,0.0,1.0,1.0,0.0,3.0,106.0,3,7.0,7.0,0.6666666666666666
69,30.0,0.0,PE,16.0,1.0,1.0,13500.0,3.0,2.0,7.0,5.0,7.0,7.0,7.0,5.0,7.0,5.0,7.0,5.0,4.0,2.0,1.0,5.0,2.0,3.0,5.0,5.0,5.0,3.0,1.0,1.0,0.0,0.0,0.0,1.0,0.0,2.0,103.0,3,7.0,7.0,0.3333333333333333
70,35.0,1.0,PE,12.0,1.0,1.0,1500.0,3.0,1.0,7.0,7.0,7.0,7.0,7.0,7.0,7.0,0.0,0.0,0.0,3.0,4.0,4.0,5.0,2.0,5.0,5.0,4.0,2.0,2.0,1.0,1.0,0.0,0.0,0.0,1.0,0.0,2.0,77.0,3,7.0,7.0,0.6666666666666666
71,24.0,0.0,PE,16.0,1.0,1.0,2500.0,5.0,5.0,7.0,3.0,6.0,4.0,3.0,5.0,4.0,3.0,7.0,2.0,2.0,2.0,3.0,2.0,2.0,4.0,1.0,2.0,2.0,1.0,2.0,1.0,1.0,0.0,0.0,0.0,0.0,2.0,83.5,3,7.0,7.0,0.0
72,28.0,1.0,PE,18.0,1.0,1.0,8000.0,4.0,3.0,7.0,6.0,7.0,7.0,5.0,5.0,0.0,7.0,5.0,7.0,2.0,3.0,4.0,4.0,2.0,5.0,3.0,4.0,3.0,2.0,1.0,1.0,0.0,0.0,0.0,1.0,0.0,2.0,101.0,3,7.0,5.0,0.25
73,36.0,1.0,PE,16.0,0.0,0.0,4500.0,3.0,2.0,7.0,3.0,7.0,5.0,3.0,7.0,7.0,5.0,6.0,3.0,2.0,2.0,3.0,3.0,1.0,3.0,1.0,4.0,1.0,2.0,3.0,1.0,0.0,0.0,0.0,0.0,0.0,1.0,95.5,3,7.0,7.0,0.3333333333333333
74,61.0,1.0,PE,14.0,0.0,0.0,10000.0,3.0,2.0,7.0,3.0,0.0,5.0,7.0,7.0,4.0,6.0,3.0,4.0,4.0,2.0,4.0,4.0,2.0,4.0,3.0,4.0,3.0,2.0,2.0,1.0,0.0,0.0,0.0,1.0,0.0,2.0,81.5,3,7.0,7.0,0.3333333333333333
75,38.0,1.0,PE,16.0,0.0,1.0,4500.0,2.0,2.0,7.0,2.0,7.0,7.0,5.0,7.0,5.0,3.0,7.0,7.0,4.0,2.0,3.0,5.0,2.0,3.0,5.0,2.0,5.0,1.0,1.0,1.0,0.0,0.0,0.0,0.0,0.0,1.0,94.0,3,7.0,7.0,0.0
76,36.0,0.0,PE,16.0,1.0,1.0,10000.0,3.0,2.0,7.0,1.0,2.0,7.0,3.0,7.0,7.0,4.0,7.0,7.0,2.0,1.0,2.0,4.0,2.0,4.0,2.0,3.0,2.0,1.0,1.0,1.0,1.0,0.0,1.0,1.0,0.0,4.0,81.0,3,7.0,7.0,0.3333333333333333
77,56.0,1.0,PB,22.0,1.0,1.0,19000.0,1.0,1.0,7.0,4.0,5.0,6.0,7.0,7.0,4.0,5.0,7.0,7.0,2.0,2.0,4.0,4.0,4.0,5.0,3.0,4.0,4.0,2.0,2.0,1.0,0.0,0.0,0.0,1.0,0.0,2.0,97.0,3,7.0,7.0,0.0
78,33.0,1.0,PE,12.0,0.0,1.0,1500.0,3.0,2.0,7.0,6.0,4.0,5.0,7.0,6.0,7.0,6.0,4.0,3.0,2.0,4.0,5.0,5.0,2.0,4.0,1.0,1.0,2.0,1.0,2.0,1.0,0.0,0.0,0.0,0.0,0.0,1.0,93.5,3,7.0,7.0,0.3333333333333333
79,24.0,0.0,PE,14.0,0.0,1.0,6500.0,2.0,2.0,5.0,3.0,0.0,4.0,6.0,7.0,6.0,4.0,7.0,6.0,3.0,2.0,3.0,5.0,2.0,1.0,5.0,4.0,5.0,2.0,1.0,1.0,1.0,0.0,1.0,1.0,0.0,4.0,74.5,3,7.0,7.0,0.0
80,26.0,0.0,PE,16.0,1.0,1.0,27500.0,4.0,4.0,7.0,7.0,7.0,7.0,6.0,7.0,6.0,7.0,7.0,5.0,4.0,2.0,3.0,4.0,3.0,3.0,3.0,2.0,5.0,3.0,4.0,1.0,0.0,0.0,0.0,1.0,0.0,2.0,110.0,3,7.0,7.0,0.0
81,23.0,1.0,PE,16.0,1.0,1.0,2500.0,1.0,1.0,7.0,5.0,5.0,5.0,1.0,7.0,0.0,7.0,7.0,7.0,3.0,2.0,2.0,4.0,3.0,2.0,5.0,5.0,3.0,1.0,1.0,1.0,1.0,0.0,0.0,1.0,0.0,3.0,98.0,3,7.0,7.0,0.0
82,32.0,1.0,SP,16.0,0.0,1.0,6500.0,3.0,2.0,7.0,7.0,1.0,7.0,3.0,7.0,3.0,7.0,7.0,7.0,3.0,2.0,4.0,4.0,3.0,4.0,3.0,1.0,3.0,1.0,3.0,1.0,1.0,0.0,0.0,1.0,0.0,3.0,90.0,3,7.0,7.0,0.3333333333333333
83,64.0,1.0,SP,18.0,1.0,0.0,13500.0,1.0,0.0,7.0,7.0,7.0,7.0,7.0,5.0,4.0,7.0,7.0,5.0,4.0,4.0,4.0,5.0,4.0,5.0,2.0,4.0,5.0,4.0,4.0,0.0,0.0,0.0,0.0,1.0,0.0,1.0,111.0,3,7.0,7.0,1.0
84,47.0,1.0,PE,16.0,0.0,1.0,10000.0,3.0,2.0,7.0,6.0,7.0,7.0,7.0,7.0,5.0,6.0,7.0,3.0,4.0,4.0,2.0,3.0,2.0,4.0,2.0,4.0,3.0,2.0,2.0,0.0,0.0,0.0,0.0,1.0,0.0,1.0,106.0,3,7.0,7.0,0.3333333333333333
85,34.0,1.0,PE,16.0,0.0,1.0,8000.0,4.0,2.0,7.0,0.0,5.0,0.0,3.0,4.0,4.0,7.0,7.0,7.0,2.0,1.0,4.0,2.0,2.0,3.0,1.0,2.0,1.0,1.0,1.0,1.0,0.0,0.0,0.0,0.0,0.0,1.0,95.0,3,7.0,7.0,0.5
86,36.0,1.0,PE,16.0,0.0,1.0,41250.0,4.0,2.0,7.0,4.0,7.0,7.0,2.0,7.0,2.0,2.0,7.0,5.0,5.0,1.0,1.0,5.0,2.0,1.0,4.0,4.0,5.0,1.0,1.0,1.0,0.0,0.0,0.0,1.0,0.0,2.0,86.0,3,7.0,7.0,0.5
87,21.0,0.0,PE,14.0,0.0,1.0,8000.0,4.0,4.0,5.0,3.0,4.0,3.0,4.0,6.0,5.0,4.0,5.0,4.0,2.0,1.0,4.0,2.0,3.0,4.0,1.0,2.0,2.0,1.0,2.0,1.0,1.0,0.0,1.0,1.0,0.0,4.0,81.5,3,7.0,7.0,0.0
88,37.0,1.0,PE,16.0,0.0,1.0,41250.0,4.0,1.0,7.0,5.0,7.0,7.0,4.0,7.0,7.0,7.0,1.0,7.0,2.0,1.0,4.0,4.0,3.0,4.0,5.0,5.0,4.0,2.0,4.0,0.0,0.0,0.0,0.0,1.0,0.0,1.0,106.0,3,7.0,7.0,0.75
89,39.0,1.0,PE,16.0,0.0,1.0,6500.0,2.0,2.0,7.0,4.0,4.0,5.0,7.0,0.0,7.0,7.0,7.0,2.0,4.0,3.0,4.0,5.0,3.0,5.0,4.0,4.0,5.0,4.0,4.0,1.0,1.0,0.0,1.0,1.0,0.0,4.0,98.5,3,7.0,7.0,0.0
90,40.0,1.0,PE,16.0,0.0,1.0,4500.0,3.0,1.0,6.0,4.0,3.0,6.0,6.0,5.0,7.0,7.0,7.0,2.0,2.0,1.0,3.0,4.0,2.0,3.0,3.0,1.0,4.0,1.0,3.0,1.0,1.0,0.0,0.0,1.0,0.0,3.0,95.5,3,7.0,7.0,0.6666666666666666
91,38.0,1.0,PE,16.0,0.0,1.0,4500.0,2.0,2.0,7.0,4.0,7.0,7.0,7.0,7.0,5.0,7.0,7.0,5.0,5.0,2.0,3.0,5.0,2.0,3.0,5.0,1.0,5.0,2.0,1.0,1.0,0.0,0.0,0.0,1.0,0.0,2.0,111.0,3,7.0,7.0,0.0
92,61.0,0.0,PB,22.0,0.0,1.0,19000.0,5.0,3.0,7.0,3.0,3.0,7.0,7.0,7.0,7.0,3.0,7.0,2.0,4.0,2.0,4.0,4.0,3.0,5.0,4.0,4.0,3.0,2.0,2.0,1.0,0.0,0.0,0.0,1.0,0.0,2.0,81.5,3,7.0,7.0,0.4
93,23.0,1.0,PE,14.0,1.0,0.0,13500.0,5.0,2.0,7.0,3.0,7.0,5.0,3.0,7.0,5.0,7.0,7.0,7.0,2.0,1.0,3.0,3.0,3.0,4.0,2.0,2.0,2.0,2.0,1.0,1.0,1.0,0.0,0.0,0.0,0.0,2.0,106.0,3,7.0,7.0,0.6
94,26.0,1.0,PE,16.0,1.0,1.0,41250.0,2.0,1.0,1.0,2.0,3.0,5.0,6.0,7.0,7.0,7.0,2.0,2.0,4.0,1.0,2.0,2.0,2.0,4.0,2.0,4.0,4.0,2.0,1.0,1.0,1.0,0.0,1.0,0.0,0.0,3.0,84.0,3,3.0,7.0,0.5
95,25.0,1.0,PE,14.0,1.0,1.0,4500.0,2.0,2.0,7.0,4.0,7.0,7.0,7.0,4.0,7.0,7.0,2.0,2.0,2.0,2.0,3.0,4.0,2.0,3.0,4.0,4.0,3.0,1.0,2.0,1.0,1.0,0.0,1.0,1.0,0.0,4.0,107.0,3,7.0,7.0,0.0
96,69.0,1.0,AM,5.0,0.0,0.0,2500.0,2.0,1.0,4.0,3.0,5.0,0.0,1.0,6.0,2.0,1.0,6.0,2.0,4.0,2.0,3.0,5.0,3.0,4.0,2.0,1.0,4.0,1.0,1.0,0.0,0.0,0.0,0.0,0.0,1.0,0.0,66.0,3,7.0,7.0,0.5
97,33.0,0.0,PE,16.0,0.0,1.0,4500.0,3.0,2.0,7.0,0.0,1.0,1.0,3.0,5.0,3.0,7.0,4.0,5.0,2.0,2.0,3.0,2.0,1.0,2.0,3.0,3.0,1.0,1.0,1.0,1.0,1.0,0.0,0.0,1.0,0.0,3.0,81.5,3,7.0,7.0,0.3333333333333333
98,21.0,0.0,PE,14.0,1.0,0.0,27500.0,5.0,2.0,4.0,7.0,7.0,5.0,7.0,7.0,7.0,7.0,7.0,4.0,3.0,1.0,4.0,4.0,3.0,4.0,4.0,4.0,5.0,2.0,1.0,1.0,1.0,0.0,0.0,0.0,0.0,2.0,108.5,3,7.0,7.0,0.6
99,51.0,1.0,PE,16.0,0.0,1.0,1500.0,5.0,3.0,7.0,7.0,7.0,6.0,7.0,7.0,1.0,7.0,7.0,7.0,4.0,2.0,4.0,5.0,1.0,3.0,5.0,1.0,2.0,1.0,1.0,1.0,1.0,0.0,1.0,1.0,0.0,4.0,111.0,3,7.0,7.0,0.4
100,21.0,1.0,PE,14.0,1.0,1.0,10000.0,3.0,3.0,6.0,6.0,4.0,5.0,5.0,7.0,0.0,7.0,7.0,7.0,2.0,1.0,1.0,3.0,2.0,3.0,2.0,1.0,3.0,1.0,1.0,1.0,1.0,0.0,1.0,1.0,0.0,4.0,99.0,3,7.0,7.0,0.0
101,21.0,1.0,PE,14.0,1.0,0.0,4500.0,3.0,2.0,6.0,4.0,6.0,6.0,5.0,7.0,7.0,7.0,7.0,7.0,4.0,2.0,3.0,5.0,4.0,4.0,4.0,2.0,3.0,2.0,1.0,1.0,1.0,0.0,0.0,1.0,0.0,3.0,106.0,3,7.0,7.0,0.3333333333333333
102,21.0,1.0,PR,14.0,1.0,1.0,2500.0,4.0,4.0,6.0,3.0,4.0,4.0,3.0,5.0,4.0,6.0,3.0,5.0,5.0,3.0,4.0,5.0,3.0,4.0,5.0,4.0,5.0,1.0,3.0,1.0,1.0,0.0,1.0,1.0,0.0,4.0,89.0,3,7.0,7.0,0.0
103,31.0,1.0,PE,16.0,1.0,1.0,4500.0,2.0,1.0,7.0,3.0,2.0,2.0,7.0,7.0,7.0,4.0,7.0,7.0,2.0,1.0,4.0,5.0,3.0,4.0,4.0,1.0,5.0,1.0,1.0,1.0,1.0,0.0,0.0,1.0,0.0,3.0,80.0,3,7.0,7.0,0.5
104,27.0,0.0,PE,16.0,1.0,0.0,41250.0,2.0,1.0,7.0,2.0,7.0,5.0,7.0,7.0,7.0,7.0,7.0,1.0,4.0,3.0,3.0,5.0,4.0,4.0,4.0,3.0,4.0,2.0,1.0,1.0,1.0,0.0,0.0,1.0,0.0,3.0,107.0,3,7.0,7.0,0.5
105,45.0,0.0,RJ,16.0,1.0,1.0,13500.0,4.0,2.0,7.0,6.0,6.0,7.0,5.0,7.0,6.0,7.0,5.0,7.0,2.0,1.0,3.0,2.0,1.0,3.0,1.0,1.0,1.0,1.0,1.0,1.0,1.0,0.0,1.0,1.0,0.0,4.0,106.0,3,7.0,7.0,0.5
106,48.0,1.0,PE,16.0,1.0,1.0,6500.0,4.0,4.0,5.0,7.0,6.0,7.0,7.0,7.0,7.0,7.0,6.0,5.0,4.0,4.0,3.0,4.0,3.0,3.0,4.0,4.0,3.0,1.0,2.0,1.0,1.0,0.0,0.0,1.0,0.0,3.0,107.5,3,7.0,7.0,0.0
107,19.0,1.0,PE,14.0,1.0,0.0,19000.0,5.0,1.0,7.0,0.0,4.0,6.0,6.0,7.0,0.0,7.0,7.0,3.0,1.0,1.0,1.0,2.0,2.0,4.0,4.0,3.0,2.0,3.0,1.0,1.0,1.0,0.0,0.0,1.0,0.0,3.0,99.0,3,7.0,7.0,0.8
108,56.0,1.0,PE,18.0,1.0,1.0,2500.0,2.0,2.0,4.0,5.0,2.0,3.0,2.0,2.0,3.0,7.0,6.0,6.0,1.0,1.0,2.0,2.0,2.0,2.0,1.0,1.0,2.0,1.0,1.0,0.0,0.0,0.0,0.0,1.0,0.0,1.0,79.0,3,7.0,5.0,0.0
109,25.0,1.0,PE,16.0,1.0,1.0,4500.0,1.0,1.0,7.0,0.0,0.0,1.0,3.0,4.0,3.0,7.0,7.0,5.0,2.0,1.0,1.0,4.0,2.0,1.0,4.0,2.0,4.0,1.0,1.0,1.0,1.0,0.0,0.0,0.0,0.0,2.0,80.0,3,7.0,7.0,0.0
110,19.0,1.0,PB,12.0,1.0,1.0,2500.0,3.0,3.0,7.0,3.0,1.0,1.0,3.0,3.0,4.0,2.0,4.0,4.0,2.0,1.0,3.0,2.0,1.0,2.0,1.0,1.0,4.0,1.0,1.0,1.0,0.0,0.0,0.0,0.0,0.0,1.0,61.0,3,7.0,7.0,0.0
111,44.0,1.0,PB,5.0,0.0,1.0,1500.0,3.0,3.0,7.0,7.0,7.0,7.0,7.0,7.0,7.0,7.0,7.0,7.0,3.0,4.0,4.0,3.0,3.0,4.0,2.0,4.0,5.0,4.0,2.0,1.0,1.0,0.0,0.0,0.0,0.0,2.0,112.0,3,7.0,7.0,0.0
112,55.0,0.0,PB,5.0,0.0,1.0,1500.0,3.0,3.0,7.0,4.0,5.0,5.0,7.0,3.0,7.0,0.0,0.0,2.0,2.0,5.0,4.0,4.0,2.0,4.0,2.0,2.0,3.0,3.0,3.0,1.0,0.0,0.0,0.0,1.0,0.0,2.0,70.0,3,7.0,7.0,0.0
113,48.0,1.0,SP,16.0,0.0,0.0,2500.0,2.0,1.0,5.0,4.0,5.0,7.0,5.0,5.0,2.0,7.0,7.0,7.0,2.0,1.0,2.0,2.0,3.0,4.0,2.0,2.0,4.0,2.0,2.0,1.0,0.0,0.0,0.0,1.0,0.0,2.0,104.0,3,7.0,7.0,0.5
114,42.0,1.0,SP,22.0,0.0,1.0,4500.0,2.0,2.0,7.0,3.0,3.0,5.0,2.0,7.0,2.0,6.0,5.0,5.0,4.0,1.0,2.0,4.0,2.0,2.0,4.0,1.0,4.0,2.0,1.0,1.0,1.0,0.0,0.0,1.0,0.0,3.0,87.0,3,7.0,7.0,0.0
115,58.0,0.0,SP,16.0,0.0,1.0,4500.0,2.0,1.0,7.0,4.0,7.0,7.0,5.0,4.0,4.0,7.0,7.0,7.0,3.0,1.0,3.0,4.0,2.0,3.0,4.0,1.0,4.0,2.0,1.0,1.0,1.0,0.0,0.0,1.0,0.0,3.0,110.0,3,7.0,7.0,0.5
116,21.0,1.0,PE,14.0,1.0,1.0,10000.0,3.0,2.0,7.0,4.0,5.0,7.0,7.0,7.0,3.0,7.0,7.0,7.0,4.0,1.0,3.0,5.0,4.0,5.0,5.0,5.0,5.0,2.0,4.0,1.0,0.0,0.0,0.0,1.0,0.0,2.0,106.0,3,7.0,7.0,0.3333333333333333
117,44.0,1.0,RJ,16.0,0.0,1.0,10000.0,4.0,2.0,7.0,4.0,7.0,5.0,4.0,6.0,4.0,7.0,7.0,7.0,3.0,4.0,4.0,4.0,3.0,4.0,5.0,5.0,3.0,1.0,1.0,1.0,0.0,0.0,0.0,1.0,0.0,2.0,107.0,3,7.0,7.0,0.5
118,28.0,1.0,SP,16.0,1.0,0.0,2500.0,3.0,2.0,7.0,2.0,4.0,2.0,0.0,5.0,2.0,3.0,5.0,7.0,1.0,1.0,3.0,3.0,1.0,3.0,2.0,2.0,3.0,1.0,1.0,1.0,1.0,0.0,0.0,1.0,0.0,3.0,74.0,3,7.0,7.0,0.3333333333333333
119,75.0,1.0,RJ,18.0,1.0,0.0,13500.0,1.0,0.0,7.0,7.0,7.0,7.0,7.0,7.0,5.0,5.0,4.0,1.0,5.0,4.0,5.0,5.0,4.0,5.0,5.0,5.0,4.0,2.0,3.0,1.0,0.0,0.0,0.0,0.0,0.0,1.0,99.5,3,7.0,7.0,1.0
120,29.0,0.0,BA,16.0,1.0,1.0,10000.0,2.0,2.0,5.0,4.0,7.0,5.0,7.0,7.0,7.0,7.0,7.0,3.0,1.0,1.0,4.0,4.0,3.0,5.0,2.0,4.0,5.0,2.0,1.0,1.0,0.0,0.0,0.0,1.0,0.0,2.0,108.0,3,7.0,7.0,0.0
121,29.0,0.0,BA,16.0,0.0,1.0,19000.0,2.0,2.0,7.0,6.0,5.0,7.0,7.0,7.0,7.0,5.0,7.0,3.0,3.0,1.0,2.0,3.0,2.0,4.0,2.0,4.0,3.0,2.0,1.0,1.0,0.0,0.0,0.0,1.0,0.0,2.0,96.0,3,7.0,7.0,0.0
122,26.0,0.0,BA,16.0,0.0,1.0,10000.0,4.0,4.0,7.0,5.0,6.0,6.0,6.0,4.0,7.0,6.0,5.0,6.0,4.0,2.0,1.0,4.0,2.0,1.0,3.0,3.0,4.0,2.0,1.0,1.0,1.0,0.0,0.0,1.0,0.0,3.0,101.5,3,7.0,7.0,0.0
123,32.0,1.0,BA,16.0,1.0,1.0,2500.0,4.0,2.0,3.0,1.0,2.0,4.0,6.0,7.0,3.0,7.0,7.0,2.0,1.0,1.0,3.0,2.0,2.0,5.0,3.0,2.0,2.0,2.0,1.0,1.0,0.0,0.0,0.0,0.0,0.0,1.0,84.5,3,4.0,7.0,0.5
124,28.0,1.0,BA,16.0,1.0,0.0,13500.0,4.0,3.0,7.0,2.0,3.0,6.0,7.0,7.0,7.0,6.0,7.0,6.0,4.0,2.0,3.0,5.0,2.0,4.0,4.0,3.0,5.0,2.0,1.0,1.0,1.0,0.0,0.0,1.0,0.0,3.0,94.5,3,7.0,7.0,0.25
125,29.0,1.0,BA,16.0,1.0,1.0,10000.0,2.0,2.0,7.0,3.0,5.0,4.0,7.0,7.0,7.0,7.0,5.0,4.0,2.0,1.0,3.0,3.0,3.0,3.0,2.0,2.0,4.0,2.0,1.0,1.0,0.0,0.0,0.0,1.0,0.0,2.0,100.5,3,7.0,7.0,0.0
126,33.0,1.0,PE,16.0,0.0,1.0,4500.0,2.0,2.0,7.0,2.0,5.0,5.0,5.0,7.0,3.0,7.0,7.0,6.0,1.0,1.0,2.0,3.0,2.0,4.0,4.0,2.0,4.0,2.0,3.0,1.0,1.0,0.0,0.0,1.0,0.0,3.0,101.5,3,7.0,7.0,0.0
127,30.0,0.0,BA,16.0,0.0,1.0,4500.0,4.0,4.0,4.0,3.0,5.0,5.0,7.0,7.0,7.0,7.0,3.0,5.0,2.0,2.0,4.0,3.0,2.0,3.0,4.0,3.0,3.0,2.0,3.0,0.0,0.0,0.0,0.0,1.0,0.0,1.0,101.0,3,7.0,7.0,0.0
128,30.0,1.0,BA,16.0,1.0,1.0,13500.0,2.0,2.0,7.0,5.0,7.0,7.0,7.0,7.0,4.0,2.0,7.0,1.0,4.0,2.0,3.0,4.0,2.0,2.0,4.0,4.0,4.0,3.0,2.0,0.0,0.0,0.0,0.0,1.0,0.0,1.0,89.0,3,7.0,7.0,0.0
129,33.0,1.0,CE,14.0,1.0,1.0,2500.0,2.0,2.0,7.0,2.0,5.0,6.0,3.0,3.0,4.0,4.0,4.0,2.0,2.0,4.0,5.0,3.0,3.0,4.0,4.0,3.0,4.0,2.0,2.0,1.0,1.0,0.0,0.0,1.0,0.0,3.0,85.0,3,7.0,7.0,0.0
130,43.0,1.0,CE,16.0,0.0,1.0,4500.0,3.0,2.0,2.0,1.0,7.0,7.0,7.0,4.0,7.0,7.0,1.0,0.0,4.0,2.0,5.0,5.0,3.0,5.0,4.0,3.0,2.0,1.0,3.0,1.0,0.0,0.0,0.0,0.0,0.0,1.0,97.5,3,3.0,7.0,0.3333333333333333
131,45.0,0.0,CE,16.0,1.0,1.0,2500.0,3.0,3.0,7.0,5.0,7.0,7.0,7.0,7.0,4.0,3.0,1.0,3.0,2.0,1.0,4.0,4.0,2.0,5.0,4.0,5.0,2.0,2.0,3.0,1.0,1.0,0.0,0.0,1.0,0.0,3.0,91.0,3,7.0,7.0,0.0
132,37.0,1.0,PE,16.0,0.0,1.0,27500.0,4.0,2.0,7.0,6.0,6.0,6.0,7.0,7.0,7.0,7.0,7.0,7.0,4.0,2.0,3.0,5.0,4.0,5.0,3.0,1.0,4.0,1.0,1.0,1.0,1.0,0.0,0.0,0.0,0.0,2.0,108.0,3,7.0,7.0,0.5
133,30.0,0.0,CE,12.0,0.0,0.0,1500.0,3.0,1.0,5.0,0.0,3.0,2.0,5.0,3.0,5.0,2.0,7.0,7.0,2.0,2.0,2.0,1.0,2.0,1.0,2.0,1.0,1.0,1.0,1.0,1.0,0.0,0.0,0.0,0.0,0.0,1.0,69.0,3,5.0,7.0,0.6666666666666666
134,37.0,1.0,PE,16.0,0.0,1.0,10000.0,4.0,2.0,7.0,7.0,7.0,7.0,7.0,7.0,7.0,7.0,7.0,5.0,3.0,2.0,2.0,4.0,2.0,3.0,4.0,2.0,4.0,2.0,3.0,1.0,1.0,0.0,0.0,0.0,0.0,2.0,111.0,3,7.0,7.0,0.5
135,22.0,0.0,CE,12.0,1.0,1.0,2500.0,3.0,2.0,7.0,2.0,3.0,4.0,6.0,7.0,0.0,5.0,4.0,2.0,2.0,5.0,5.0,3.0,3.0,4.0,3.0,3.0,2.0,1.0,4.0,1.0,1.0,0.0,1.0,0.0,0.0,3.0,84.0,3,7.0,7.0,0.3333333333333333
136,53.0,1.0,CE,16.0,0.0,1.0,4500.0,3.0,3.0,7.0,2.0,0.0,2.0,3.0,7.0,2.0,7.0,0.0,5.0,4.0,4.0,5.0,5.0,2.0,4.0,5.0,2.0,5.0,2.0,4.0,1.0,0.0,0.0,1.0,1.0,0.0,3.0,77.5,3,7.0,7.0,0.0
137,21.0,1.0,CE,12.0,1.0,1.0,1500.0,5.0,3.0,7.0,0.0,7.0,0.0,7.0,7.0,7.0,7.0,7.0,4.0,3.0,5.0,4.0,3.0,2.0,3.0,5.0,5.0,3.0,2.0,2.0,1.0,1.0,0.0,0.0,1.0,0.0,3.0,103.5,3,7.0,7.0,0.4
138,37.0,1.0,PE,16.0,0.0,1.0,19000.0,5.0,3.0,7.0,5.0,6.0,7.0,7.0,3.0,7.0,7.0,3.0,1.0,3.0,1.0,3.0,4.0,4.0,5.0,5.0,3.0,2.0,3.0,3.0,1.0,0.0,0.0,1.0,1.0,0.0,3.0,104.0,3,7.0,7.0,0.4
139,33.0,0.0,CE,16.0,0.0,1.0,2500.0,3.0,0.0,6.0,1.0,7.0,3.0,5.0,5.0,4.0,5.0,3.0,2.0,4.0,2.0,4.0,3.0,3.0,5.0,2.0,2.0,1.0,1.0,2.0,1.0,0.0,0.0,0.0,0.0,0.0,1.0,93.5,3,7.0,7.0,1.0
140,50.0,1.0,CE,12.0,0.0,1.0,1500.0,3.0,1.0,4.0,5.0,3.0,3.0,7.0,3.0,4.0,6.0,0.0,2.0,4.0,3.0,1.0,5.0,4.0,4.0,5.0,5.0,2.0,2.0,3.0,1.0,1.0,0.0,1.0,0.0,0.0,3.0,86.0,3,7.0,7.0,0.6666666666666666
141,29.0,0.0,CE,12.0,0.0,1.0,1500.0,3.0,1.0,7.0,2.0,3.0,1.0,2.0,7.0,5.0,4.0,7.0,0.0,4.0,2.0,3.0,5.0,2.0,1.0,5.0,3.0,5.0,1.0,1.0,1.0,1.0,1.0,0.0,1.0,0.0,4.0,73.5,3,7.0,7.0,0.6666666666666666
142,45.0,0.0,CE,16.0,0.0,1.0,2500.0,3.0,1.0,5.0,3.0,5.0,4.0,5.0,5.0,4.0,4.0,4.0,4.0,4.0,2.0,2.0,4.0,2.0,5.0,4.0,2.0,4.0,2.0,3.0,0.0,0.0,0.0,0.0,1.0,0.0,1.0,86.0,3,7.0,7.0,0.6666666666666666
143,27.0,1.0,CE,14.0,1.0,0.0,13500.0,2.0,1.0,7.0,0.0,7.0,7.0,7.0,7.0,7.0,7.0,0.0,7.0,3.0,4.0,4.0,5.0,2.0,5.0,1.0,1.0,4.0,1.0,2.0,1.0,1.0,1.0,0.0,0.0,0.0,3.0,108.5,3,7.0,7.0,0.5
144,38.0,1.0,PE,16.0,0.0,1.0,10000.0,2.0,2.0,2.0,2.0,4.0,5.0,7.0,7.0,4.0,2.0,2.0,1.0,3.0,2.0,5.0,3.0,2.0,3.0,3.0,4.0,4.0,2.0,4.0,1.0,0.0,0.0,0.0,0.0,0.0,1.0,69.5,3,4.0,7.0,0.0
145,41.0,1.0,CE,9.0,0.0,1.0,1500.0,4.0,2.0,7.0,4.0,3.0,7.0,4.0,3.0,4.0,2.0,3.0,2.0,3.0,1.0,1.0,1.0,2.0,2.0,1.0,1.0,1.0,1.0,1.0,0.0,1.0,0.0,0.0,0.0,0.0,1.0,72.5,3,7.0,7.0,0.5
146,25.0,0.0,AM,14.0,0.0,1.0,1500.0,2.0,2.0,7.0,1.0,7.0,4.0,7.0,7.0,7.0,7.0,7.0,3.0,1.0,1.0,4.0,1.0,1.0,5.0,1.0,4.0,1.0,1.0,2.0,1.0,0.0,0.0,1.0,0.0,0.0,2.0,107.0,3,7.0,7.0,0.0
147,24.0,0.0,RJ,11.0,1.0,1.0,1500.0,4.0,3.0,4.0,4.0,2.0,7.0,4.0,4.0,7.0,2.0,4.0,4.0,2.0,1.0,2.0,4.0,3.0,2.0,2.0,2.0,2.0,2.0,1.0,1.0,0.0,0.0,0.0,0.0,0.0,1.0,71.0,3,7.0,7.0,0.25
148,27.0,1.0,PE,16.0,1.0,1.0,4500.0,4.0,2.0,7.0,4.0,2.0,2.0,3.0,2.0,4.0,3.0,3.0,7.0,4.0,3.0,3.0,5.0,3.0,3.0,2.0,1.0,2.0,2.0,2.0,0.0,1.0,0.0,1.0,1.0,0.0,3.0,66.0,3,7.0,6.0,0.5
149,32.0,1.0,CE,16.0,1.0,1.0,1500.0,1.0,1.0,7.0,7.0,7.0,7.0,7.0,7.0,0.0,7.0,2.0,3.0,4.0,1.0,3.0,4.0,2.0,3.0,4.0,3.0,3.0,2.0,3.0,1.0,0.0,1.0,0.0,1.0,0.0,3.0,107.5,3,7.0,7.0,0.0
150,44.0,1.0,PE,16.0,1.0,1.0,4500.0,3.0,2.0,7.0,0.0,6.0,5.0,5.0,0.0,3.0,7.0,7.0,7.0,2.0,2.0,3.0,3.0,1.0,3.0,4.0,3.0,3.0,1.0,2.0,1.0,1.0,0.0,1.0,0.0,0.0,3.0,89.0,3,7.0,3.0,0.3333333333333333
151,40.0,1.0,PE,16.0,0.0,1.0,2500.0,4.0,2.0,7.0,7.0,6.0,7.0,6.0,7.0,7.0,7.0,7.0,7.0,4.0,3.0,1.0,2.0,2.0,3.0,1.0,4.0,2.0,1.0,3.0,1.0,1.0,0.0,1.0,1.0,0.0,4.0,108.0,3,7.0,7.0,0.5
152,51.0,0.0,PE,16.0,0.0,1.0,2500.0,4.0,2.0,6.0,3.0,6.0,5.0,6.0,3.0,5.0,6.0,6.0,6.0,4.0,3.0,4.0,5.0,3.0,4.0,3.0,3.0,2.0,1.0,1.0,1.0,0.0,0.0,0.0,0.0,0.0,1.0,101.0,3,7.0,7.0,0.5
153,58.0,1.0,PE,16.0,1.0,1.0,2500.0,1.0,1.0,3.0,2.0,4.0,6.0,6.0,6.0,6.0,7.0,6.0,7.0,4.0,3.0,4.0,4.0,2.0,4.0,4.0,4.0,4.0,3.0,4.0,1.0,1.0,0.0,1.0,1.0,0.0,4.0,96.5,3,5.0,7.0,0.0
154,39.0,1.0,PE,14.0,0.0,1.0,2500.0,4.0,2.0,7.0,2.0,5.0,2.0,5.0,6.0,5.0,4.0,6.0,5.0,3.0,1.0,1.0,5.0,2.0,4.0,5.0,4.0,5.0,1.0,1.0,1.0,0.0,0.0,0.0,0.0,0.0,1.0,85.5,3,7.0,7.0,0.5
155,37.0,1.0,PE,22.0,0.0,1.0,2500.0,3.0,2.0,7.0,6.0,5.0,6.0,6.0,7.0,5.0,6.0,7.0,6.0,3.0,1.0,2.0,5.0,1.0,1.0,5.0,1.0,4.0,1.0,1.0,1.0,0.0,0.0,0.0,0.0,0.0,1.0,99.5,3,7.0,7.0,0.3333333333333333
156,45.0,1.0,PE,16.0,1.0,1.0,2500.0,1.0,0.0,7.0,2.0,4.0,1.0,7.0,0.0,5.0,7.0,7.0,7.0,1.0,5.0,2.0,2.0,1.0,1.0,1.0,1.0,1.0,1.0,1.0,1.0,0.0,0.0,0.0,0.0,0.0,1.0,89.0,3,7.0,5.0,1.0
157,44.0,1.0,PE,9.0,0.0,1.0,2500.0,3.0,2.0,7.0,2.0,2.0,3.0,3.0,7.0,1.0,7.0,7.0,7.0,1.0,4.0,5.0,2.0,1.0,1.0,1.0,1.0,2.0,1.0,1.0,1.0,1.0,0.0,1.0,1.0,0.0,4.0,89.0,3,7.0,7.0,0.3333333333333333
158,40.0,1.0,PE,12.0,1.0,0.0,1500.0,2.0,1.0,6.0,1.0,5.0,0.0,1.0,3.0,0.0,4.0,2.0,5.0,1.0,1.0,3.0,5.0,1.0,3.0,5.0,4.0,5.0,1.0,1.0,0.0,1.0,0.0,0.0,1.0,0.0,2.0,61.5,3,7.0,3.0,0.5
159,40.0,1.0,PE,12.0,0.0,1.0,2500.0,4.0,2.0,7.0,7.0,7.0,5.0,6.0,7.0,7.0,6.0,7.0,7.0,3.0,5.0,4.0,5.0,1.0,3.0,5.0,4.0,3.0,1.0,1.0,1.0,1.0,0.0,0.0,1.0,0.0,3.0,105.0,3,7.0,7.0,0.5
160,55.0,1.0,PE,16.0,1.0,1.0,2500.0,1.0,1.0,7.0,4.0,5.0,5.0,2.0,4.0,2.0,2.0,4.0,7.0,1.0,1.0,3.0,4.0,2.0,4.0,1.0,2.0,2.0,1.0,2.0,1.0,0.0,0.0,0.0,1.0,0.0,2.0,73.5,3,7.0,6.0,0.0
161,31.0,1.0,PE,12.0,0.0,0.0,1500.0,2.0,1.0,7.0,0.0,7.0,7.0,3.0,4.0,5.0,4.0,7.0,7.0,4.0,3.0,4.0,4.0,2.0,4.0,4.0,4.0,3.0,2.0,1.0,1.0,1.0,0.0,0.0,0.0,0.0,2.0,96.0,3,7.0,7.0,0.5
162,44.0,0.0,PE,12.0,0.0,1.0,4500.0,3.0,1.0,7.0,7.0,7.0,7.0,7.0,7.0,7.0,7.0,7.0,7.0,1.0,1.0,1.0,1.0,2.0,1.0,2.0,3.0,2.0,2.0,1.0,0.0,1.0,0.0,0.0,0.0,0.0,1.0,112.0,3,7.0,7.0,0.6666666666666666
163,35.0,1.0,PE,16.0,1.0,1.0,2500.0,1.0,1.0,4.0,2.0,4.0,3.0,5.0,7.0,5.0,4.0,5.0,7.0,3.0,2.0,3.0,4.0,2.0,3.0,4.0,2.0,4.0,2.0,4.0,1.0,0.0,0.0,0.0,0.0,0.0,1.0,82.0,3,6.0,7.0,0.0
164,41.0,1.0,SP,16.0,1.0,1.0,4500.0,1.0,1.0,5.0,2.0,2.0,1.0,2.0,7.0,1.0,3.0,6.0,5.0,4.0,2.0,5.0,4.0,2.0,4.0,5.0,5.0,3.0,2.0,2.0,1.0,1.0,0.0,0.0,1.0,0.0,3.0,68.5,3,7.0,7.0,0.0
165,40.0,1.0,PE,16.0,0.0,0.0,2500.0,2.0,1.0,7.0,2.0,7.0,7.0,4.0,7.0,5.0,0.0,7.0,7.0,3.0,2.0,1.0,3.0,2.0,1.0,3.0,2.0,2.0,1.0,1.0,1.0,0.0,0.0,0.0,0.0,0.0,1.0,81.0,3,7.0,7.0,0.5
166,36.0,1.0,PE,22.0,0.0,1.0,8000.0,3.0,2.0,7.0,3.0,3.0,5.0,3.0,7.0,0.0,4.0,5.0,5.0,4.0,3.0,5.0,5.0,3.0,5.0,4.0,2.0,5.0,4.0,5.0,1.0,0.0,0.0,0.0,0.0,0.0,1.0,80.0,3,7.0,7.0,0.3333333333333333
167,43.0,0.0,PE,14.0,1.0,1.0,6500.0,2.0,2.0,7.0,5.0,7.0,4.0,2.0,7.0,5.0,4.0,7.0,7.0,2.0,1.0,4.0,2.0,2.0,4.0,1.0,1.0,2.0,1.0,1.0,0.0,0.0,0.0,0.0,0.0,1.0,0.0,92.0,3,7.0,7.0,0.0
168,44.0,1.0,PE,12.0,1.0,1.0,2500.0,3.0,2.0,3.0,0.0,7.0,7.0,4.0,1.0,4.0,7.0,3.0,7.0,1.0,1.0,1.0,2.0,1.0,1.0,4.0,1.0,1.0,1.0,1.0,0.0,1.0,0.0,0.0,0.0,0.0,1.0,91.0,3,3.0,5.0,0.3333333333333333
169,53.0,0.0,PE,12.0,0.0,1.0,4500.0,5.0,3.0,7.0,5.0,7.0,6.0,7.0,7.0,7.0,7.0,7.0,0.0,3.0,5.0,1.0,5.0,2.0,1.0,4.0,5.0,2.0,1.0,1.0,1.0,1.0,0.0,0.0,1.0,0.0,3.0,107.5,3,7.0,7.0,0.4
170,32.0,1.0,PE,14.0,1.0,1.0,2500.0,1.0,0.0,5.0,3.0,3.0,3.0,3.0,7.0,7.0,7.0,7.0,2.0,4.0,5.0,5.0,4.0,3.0,5.0,4.0,4.0,4.0,3.0,5.0,1.0,1.0,0.0,1.0,1.0,0.0,4.0,89.5,3,7.0,7.0,1.0
171,48.0,0.0,PE,12.0,0.0,1.0,8000.0,4.0,4.0,7.0,2.0,7.0,5.0,3.0,5.0,2.0,2.0,3.0,3.0,2.0,2.0,3.0,2.0,1.0,3.0,2.0,3.0,2.0,1.0,1.0,1.0,0.0,0.0,0.0,0.0,0.0,1.0,82.0,3,7.0,7.0,0.0
172,48.0,1.0,PE,12.0,0.0,1.0,2500.0,3.0,2.0,3.0,3.0,4.0,3.0,6.0,6.0,2.0,3.0,2.0,2.0,3.0,2.0,4.0,5.0,3.0,4.0,5.0,4.0,5.0,2.0,3.0,1.0,1.0,0.0,0.0,1.0,0.0,3.0,75.0,3,6.0,7.0,0.3333333333333333
173,34.0,1.0,PE,12.0,0.0,1.0,4500.0,3.0,2.0,7.0,4.0,5.0,5.0,2.0,5.0,7.0,7.0,6.0,6.0,1.0,3.0,3.0,3.0,2.0,3.0,4.0,4.0,2.0,2.0,2.0,1.0,1.0,0.0,1.0,1.0,0.0,4.0,98.0,3,7.0,7.0,0.3333333333333333
174,40.0,1.0,PE,16.0,0.0,1.0,2500.0,3.0,1.0,7.0,4.0,7.0,5.0,1.0,7.0,3.0,2.0,7.0,5.0,3.0,1.0,3.0,4.0,2.0,4.0,4.0,3.0,2.0,1.0,2.0,1.0,0.0,0.0,0.0,0.0,0.0,1.0,83.0,3,7.0,7.0,0.6666666666666666
175,65.0,0.0,PE,12.0,0.0,1.0,4500.0,2.0,2.0,7.0,4.0,3.0,3.0,3.0,3.0,5.0,4.0,5.0,2.0,5.0,3.0,5.0,4.0,2.0,2.0,2.0,1.0,4.0,1.0,1.0,0.0,0.0,0.0,1.0,0.0,0.0,1.0,76.5,3,7.0,7.0,0.0
176,25.0,1.0,PE,14.0,1.0,1.0,6500.0,3.0,3.0,7.0,3.0,2.0,4.0,2.0,2.0,6.0,4.0,7.0,7.0,1.0,1.0,3.0,5.0,2.0,3.0,1.0,2.0,4.0,2.0,1.0,1.0,0.0,0.0,0.0,0.0,0.0,1.0,77.0,3,7.0,7.0,0.0
177,68.0,1.0,PE,12.0,1.0,0.0,1500.0,5.0,4.0,7.0,6.0,7.0,4.0,4.0,7.0,3.0,3.0,7.0,7.0,2.0,2.0,3.0,3.0,3.0,4.0,4.0,5.0,3.0,1.0,1.0,1.0,1.0,0.0,0.0,0.0,0.0,2.0,90.0,3,7.0,7.0,0.2
178,33.0,1.0,PE,12.0,1.0,1.0,1500.0,4.0,3.0,5.0,0.0,1.0,2.0,1.0,1.0,3.0,2.0,4.0,1.0,2.0,3.0,2.0,2.0,1.0,2.0,2.0,2.0,2.0,2.0,2.0,1.0,0.0,0.0,0.0,0.0,0.0,1.0,42.5,3,5.0,4.0,0.25
179,34.0,1.0,PE,16.0,0.0,1.0,10000.0,3.0,2.0,7.0,2.0,3.0,4.0,7.0,7.0,2.0,7.0,7.0,7.0,3.0,1.0,1.0,5.0,3.0,5.0,3.0,1.0,1.0,1.0,1.0,1.0,1.0,0.0,0.0,0.0,0.0,2.0,97.0,3,7.0,7.0,0.3333333333333333
180,46.0,0.0,PE,14.0,0.0,1.0,6500.0,4.0,2.0,7.0,7.0,7.0,7.0,7.0,7.0,5.0,3.0,3.0,2.0,1.0,1.0,3.0,4.0,3.0,1.0,4.0,4.0,3.0,2.0,1.0,1.0,0.0,0.0,1.0,1.0,0.0,3.0,91.5,3,7.0,7.0,0.5
181,35.0,0.0,RJ,12.0,1.0,1.0,1500.0,5.0,3.0,5.0,2.0,3.0,3.0,2.0,3.0,6.0,4.0,6.0,2.0,2.0,2.0,3.0,3.0,3.0,4.0,1.0,1.0,1.0,1.0,1.0,1.0,1.0,0.0,1.0,0.0,0.0,3.0,76.0,3,7.0,7.0,0.4
182,20.0,1.0,CE,12.0,1.0,1.0,1500.0,5.0,2.0,0.0,3.0,7.0,4.0,6.0,6.0,5.0,4.0,7.0,5.0,4.0,2.0,1.0,4.0,4.0,5.0,3.0,2.0,4.0,3.0,1.0,1.0,0.0,0.0,0.0,0.0,0.0,1.0,87.0,3,3.0,7.0,0.6
183,31.0,1.0,CE,16.0,1.0,1.0,1500.0,4.0,3.0,7.0,4.0,7.0,2.0,5.0,3.0,0.0,7.0,7.0,7.0,2.0,1.0,4.0,3.0,2.0,4.0,5.0,5.0,2.0,1.0,3.0,1.0,0.0,0.0,0.0,0.0,0.0,1.0,89.0,3,7.0,3.0,0.25
184,28.0,1.0,CE,16.0,0.0,1.0,1500.0,4.0,2.0,7.0,4.0,3.0,7.0,7.0,7.0,2.0,7.0,7.0,1.0,3.0,1.0,2.0,4.0,5.0,3.0,5.0,4.0,2.0,1.0,1.0,0.0,0.0,0.0,0.0,1.0,0.0,1.0,97.0,3,7.0,7.0,0.5
185,50.0,1.0,CE,12.0,0.0,0.0,1500.0,4.0,0.0,7.0,0.0,7.0,7.0,7.0,0.0,3.0,7.0,7.0,7.0,3.0,5.0,4.0,4.0,2.0,5.0,4.0,3.0,3.0,2.0,3.0,1.0,1.0,1.0,1.0,1.0,0.0,5.0,96.0,3,7.0,3.0,1.0
186,40.0,1.0,CE,16.0,0.0,1.0,6500.0,7.0,3.0,7.0,1.0,7.0,7.0,7.0,4.0,7.0,7.0,7.0,7.0,4.0,4.0,5.0,2.0,2.0,4.0,2.0,4.0,1.0,1.0,1.0,1.0,1.0,0.0,0.0,1.0,0.0,3.0,112.0,3,7.0,7.0,0.5714285714285714
187,39.0,1.0,RJ,16.0,1.0,1.0,1500.0,2.0,2.0,1.0,1.0,2.0,0.0,1.0,2.0,1.0,5.0,2.0,4.0,4.0,2.0,2.0,3.0,2.0,3.0,1.0,3.0,2.0,2.0,3.0,1.0,1.0,0.0,0.0,1.0,0.0,3.0,46.0,3,2.0,3.0,0.0
188,51.0,1.0,PE,12.0,0.0,1.0,1500.0,4.0,2.0,7.0,3.0,7.0,7.0,3.0,5.0,2.0,3.0,5.0,7.0,2.0,3.0,5.0,3.0,2.0,4.0,2.0,2.0,2.0,2.0,3.0,1.0,1.0,0.0,1.0,0.0,0.0,3.0,91.0,3,7.0,7.0,0.5
189,52.0,1.0,CE,16.0,0.0,1.0,4500.0,2.0,1.0,2.0,7.0,3.0,7.0,1.0,7.0,0.0,7.0,7.0,7.0,3.0,3.0,5.0,4.0,2.0,5.0,4.0,1.0,4.0,1.0,3.0,1.0,0.0,0.0,0.0,1.0,0.0,2.0,94.0,3,7.0,7.0,0.5
190,24.0,0.0,RJ,14.0,1.0,1.0,2500.0,4.0,2.0,7.0,1.0,7.0,5.0,3.0,7.0,4.0,3.0,7.0,5.0,2.0,2.0,2.0,2.0,4.0,2.0,2.0,3.0,2.0,3.0,4.0,0.0,1.0,0.0,0.0,0.0,0.0,1.0,89.0,3,7.0,7.0,0.5
191,37.0,0.0,RJ,16.0,1.0,1.0,4500.0,1.0,1.0,5.0,3.0,4.0,4.0,4.0,6.0,3.0,3.0,5.0,4.0,3.0,3.0,4.0,2.0,3.0,3.0,2.0,3.0,3.0,3.0,1.0,1.0,1.0,0.0,0.0,1.0,0.0,3.0,78.5,3,7.0,7.0,0.0
192,47.0,0.0,RJ,22.0,0.0,1.0,19000.0,2.0,2.0,1.0,5.0,1.0,6.0,6.0,7.0,7.0,0.0,1.0,1.0,5.0,5.0,5.0,5.0,4.0,5.0,5.0,3.0,5.0,2.0,1.0,1.0,0.0,0.0,0.0,0.0,0.0,1.0,56.0,3,6.0,7.0,0.0
193,38.0,1.0,PE,12.0,0.0,1.0,2500.0,2.0,2.0,7.0,6.0,6.0,5.0,6.0,7.0,4.0,4.0,4.0,7.0,4.0,4.0,3.0,4.0,3.0,4.0,4.0,3.0,3.0,2.0,3.0,1.0,1.0,0.0,0.0,0.0,0.0,2.0,92.5,3,7.0,7.0,0.0
194,38.0,1.0,PE,12.0,0.0,1.0,2500.0,2.0,2.0,7.0,6.0,6.0,5.0,6.0,7.0,4.0,4.0,4.0,7.0,4.0,3.0,4.0,4.0,3.0,4.0,4.0,3.0,3.0,2.0,3.0,1.0,1.0,0.0,0.0,0.0,0.0,2.0,92.5,3,7.0,7.0,0.0
195,40.0,1.0,PE,16.0,0.0,0.0,1500.0,3.0,1.0,7.0,1.0,1.0,1.0,3.0,2.0,5.0,1.0,7.0,3.0,5.0,2.0,3.0,5.0,1.0,3.0,2.0,3.0,5.0,1.0,3.0,1.0,0.0,0.0,0.0,0.0,0.0,1.0,58.0,3,7.0,7.0,0.6666666666666666
196,27.0,1.0,PE,12.0,0.0,1.0,1500.0,3.0,1.0,5.0,0.0,6.0,5.0,7.0,6.0,2.0,6.0,5.0,5.0,2.0,2.0,4.0,3.0,3.0,4.0,3.0,2.0,2.0,1.0,1.0,1.0,1.0,1.0,1.0,1.0,0.0,5.0,97.0,3,5.0,7.0,0.6666666666666666
197,45.0,1.0,PE,12.0,0.0,1.0,2500.0,4.0,2.0,7.0,4.0,6.0,3.0,7.0,6.0,4.0,7.0,6.0,6.0,4.0,4.0,5.0,4.0,2.0,5.0,4.0,4.0,2.0,2.0,4.0,1.0,0.0,0.0,0.0,0.0,0.0,1.0,104.0,3,7.0,7.0,0.5
198,24.0,0.0,SP,14.0,1.0,1.0,27500.0,4.0,4.0,5.0,6.0,2.0,7.0,0.0,6.0,5.0,7.0,7.0,4.0,3.0,2.0,3.0,4.0,2.0,3.0,2.0,2.0,4.0,2.0,1.0,1.0,1.0,0.0,0.0,1.0,0.0,3.0,88.5,3,7.0,7.0,0.0
199,27.0,1.0,PE,16.0,0.0,1.0,4500.0,2.0,2.0,7.0,5.0,6.0,4.0,2.0,7.0,7.0,5.0,5.0,7.0,2.0,1.0,2.0,3.0,2.0,3.0,3.0,2.0,4.0,3.0,1.0,1.0,0.0,0.0,0.0,1.0,0.0,2.0,92.0,3,7.0,7.0,0.0
200,20.0,1.0,MG,14.0,1.0,1.0,1500.0,1.0,1.0,3.0,0.0,3.0,6.0,1.0,0.0,6.0,0.0,4.0,3.0,4.0,5.0,3.0,4.0,2.0,3.0,4.0,5.0,5.0,4.0,4.0,1.0,0.0,0.0,0.0,1.0,0.0,2.0,49.5,3,3.0,6.0,0.0
201,40.0,1.0,SP,16.0,1.0,1.0,2500.0,6.0,6.0,2.0,7.0,7.0,7.0,3.0,0.0,0.0,0.0,0.0,2.0,4.0,5.0,4.0,4.0,4.0,4.0,4.0,4.0,5.0,5.0,4.0,1.0,1.0,0.0,1.0,0.0,0.0,3.0,46.0,3,7.0,0.0,0.0
202,23.0,1.0,RJ,12.0,1.0,1.0,1500.0,3.0,2.0,7.0,7.0,7.0,7.0,7.0,0.0,2.0,0.0,4.0,4.0,5.0,3.0,4.0,5.0,4.0,4.0,5.0,5.0,5.0,4.0,5.0,1.0,0.0,0.0,0.0,0.0,0.0,1.0,61.0,3,7.0,2.0,0.3333333333333333
203,19.0,1.0,SP,14.0,1.0,1.0,8000.0,3.0,3.0,7.0,5.0,7.0,7.0,7.0,0.0,2.0,3.0,2.0,4.0,5.0,5.0,4.0,5.0,2.0,4.0,4.0,4.0,5.0,3.0,5.0,1.0,0.0,0.0,0.0,1.0,0.0,2.0,72.0,3,7.0,2.0,0.0
204,22.0,1.0,SP,14.0,1.0,1.0,4500.0,5.0,3.0,7.0,7.0,7.0,4.0,2.0,7.0,4.0,7.0,7.0,7.0,3.0,1.0,1.0,4.0,2.0,1.0,1.0,1.0,4.0,2.0,1.0,0.0,0.0,0.0,0.0,0.0,1.0,0.0,104.0,3,7.0,7.0,0.4
205,39.0,1.0,RJ,16.0,0.0,1.0,6500.0,2.0,2.0,2.0,4.0,1.0,6.0,6.0,5.0,5.0,5.0,2.0,4.0,1.0,2.0,3.0,3.0,3.0,3.0,1.0,1.0,1.0,1.0,1.0,1.0,0.0,0.0,1.0,0.0,0.0,2.0,78.0,3,6.0,7.0,0.0
206,56.0,1.0,RS,16.0,1.0,0.0,8000.0,2.0,2.0,7.0,5.0,5.0,7.0,7.0,5.0,3.0,4.0,4.0,3.0,2.0,3.0,4.0,5.0,3.0,5.0,3.0,2.0,3.0,1.0,2.0,1.0,1.0,0.0,0.0,1.0,0.0,3.0,90.5,3,7.0,7.0,0.0
207,37.0,1.0,PR,14.0,1.0,1.0,2500.0,2.0,2.0,7.0,3.0,2.0,6.0,1.0,5.0,0.0,7.0,6.0,4.0,1.0,2.0,2.0,4.0,2.0,3.0,2.0,4.0,4.0,2.0,3.0,1.0,0.0,0.0,0.0,0.0,0.0,1.0,80.0,3,7.0,5.0,0.0
208,62.0,1.0,SP,12.0,0.0,0.0,4500.0,3.0,2.0,7.0,1.0,7.0,5.0,7.0,7.0,2.0,7.0,7.0,7.0,2.0,4.0,5.0,2.0,1.0,3.0,4.0,4.0,2.0,1.0,3.0,1.0,1.0,1.0,0.0,1.0,0.0,4.0,110.0,3,7.0,7.0,0.3333333333333333
209,63.0,1.0,RS,5.0,1.0,0.0,1500.0,1.0,1.0,3.0,2.0,4.0,5.0,3.0,3.0,3.0,4.0,2.0,1.0,3.0,2.0,5.0,4.0,3.0,5.0,2.0,3.0,2.0,2.0,3.0,0.0,1.0,0.0,0.0,0.0,0.0,1.0,71.5,3,5.0,6.0,0.0
210,58.0,0.0,SP,16.0,1.0,1.0,4500.0,2.0,2.0,7.0,3.0,4.0,7.0,5.0,7.0,5.0,2.0,7.0,4.0,4.0,2.0,3.0,4.0,3.0,4.0,4.0,3.0,4.0,1.0,3.0,1.0,0.0,0.0,0.0,1.0,0.0,2.0,79.5,3,7.0,7.0,0.0
211,46.0,1.0,MA,16.0,0.0,1.0,4500.0,4.0,2.0,7.0,7.0,7.0,7.0,7.0,7.0,7.0,7.0,7.0,2.0,4.0,1.0,4.0,4.0,2.0,4.0,4.0,3.0,4.0,2.0,4.0,1.0,1.0,0.0,1.0,0.0,0.0,3.0,109.5,3,7.0,7.0,0.5
212,58.0,0.0,SP,16.0,1.0,1.0,6500.0,2.0,2.0,7.0,4.0,5.0,7.0,5.0,7.0,5.0,3.0,7.0,5.0,4.0,3.0,3.0,4.0,3.0,4.0,4.0,3.0,4.0,2.0,3.0,1.0,0.0,0.0,1.0,1.0,0.0,3.0,87.0,3,7.0,7.0,0.0
213,34.0,1.0,RN,16.0,1.0,0.0,1500.0,4.0,1.0,5.0,4.0,5.0,5.0,7.0,3.0,5.0,3.0,2.0,3.0,3.0,3.0,5.0,4.0,3.0,4.0,2.0,4.0,3.0,1.0,4.0,1.0,1.0,1.0,1.0,1.0,0.0,5.0,83.5,3,7.0,7.0,0.75
214,32.0,1.0,BA,12.0,0.0,1.0,1500.0,3.0,2.0,7.0,0.0,7.0,2.0,2.0,7.0,1.0,7.0,7.0,7.0,2.0,1.0,5.0,3.0,2.0,4.0,2.0,4.0,3.0,1.0,2.0,1.0,0.0,0.0,0.0,1.0,0.0,2.0,102.0,3,7.0,7.0,0.3333333333333333
215,43.0,1.0,MG,9.0,0.0,0.0,1500.0,3.0,1.0,7.0,0.0,7.0,0.0,0.0,1.0,7.0,0.0,7.0,5.0,2.0,1.0,4.0,2.0,3.0,3.0,5.0,4.0,3.0,3.0,1.0,1.0,0.0,0.0,1.0,1.0,0.0,3.0,69.0,3,7.0,7.0,0.6666666666666666
216,46.0,1.0,BA,16.0,0.0,1.0,2500.0,4.0,2.0,7.0,7.0,6.0,7.0,7.0,7.0,5.0,7.0,5.0,4.0,4.0,1.0,4.0,4.0,4.0,4.0,4.0,5.0,2.0,3.0,3.0,1.0,0.0,0.0,0.0,0.0,0.0,1.0,106.5,3,7.0,7.0,0.5
217,63.0,1.0,SP,16.0,0.0,1.0,10000.0,2.0,2.0,6.0,2.0,2.0,2.0,7.0,7.0,2.0,7.0,3.0,3.0,3.0,3.0,4.0,5.0,3.0,4.0,5.0,3.0,5.0,2.0,2.0,1.0,1.0,0.0,1.0,1.0,0.0,4.0,88.0,3,7.0,7.0,0.0
218,46.0,1.0,BA,16.0,0.0,1.0,2500.0,4.0,2.0,7.0,7.0,7.0,7.0,7.0,7.0,7.0,7.0,7.0,5.0,4.0,4.0,4.0,4.0,4.0,4.0,4.0,4.0,2.0,4.0,3.0,1.0,1.0,1.0,1.0,1.0,0.0,5.0,111.0,3,7.0,7.0,0.5
219,62.0,1.0,RJ,14.0,1.0,0.0,4500.0,1.0,1.0,7.0,7.0,5.0,4.0,4.0,4.0,2.0,7.0,7.0,7.0,5.0,4.0,4.0,5.0,3.0,4.0,5.0,4.0,5.0,2.0,4.0,1.0,0.0,0.0,1.0,1.0,0.0,3.0,96.0,3,7.0,6.0,0.0
220,54.0,1.0,SP,14.0,1.0,1.0,2500.0,2.0,0.0,3.0,3.0,2.0,4.0,2.0,3.0,6.0,7.0,3.0,4.0,2.0,1.0,3.0,1.0,2.0,1.0,2.0,4.0,1.0,1.0,1.0,1.0,1.0,1.0,1.0,1.0,0.0,5.0,83.5,3,6.0,7.0,1.0
221,62.0,1.0,MG,12.0,0.0,0.0,4500.0,2.0,2.0,7.0,6.0,5.0,7.0,7.0,7.0,7.0,7.0,6.0,7.0,4.0,3.0,3.0,3.0,3.0,3.0,5.0,4.0,4.0,4.0,4.0,0.0,0.0,0.0,0.0,0.0,1.0,0.0,105.5,3,7.0,7.0,0.0
222,43.0,1.0,SP,12.0,1.0,1.0,1500.0,2.0,2.0,7.0,7.0,7.0,7.0,7.0,7.0,7.0,4.0,7.0,4.0,4.0,1.0,5.0,5.0,2.0,5.0,5.0,3.0,4.0,1.0,4.0,1.0,1.0,1.0,1.0,1.0,0.0,5.0,98.5,3,7.0,7.0,0.0
223,73.0,1.0,SP,16.0,1.0,1.0,4500.0,2.0,1.0,4.0,3.0,5.0,6.0,4.0,7.0,3.0,7.0,2.0,1.0,4.0,2.0,4.0,4.0,4.0,5.0,4.0,5.0,4.0,4.0,5.0,1.0,1.0,0.0,1.0,1.0,0.0,4.0,96.5,3,7.0,7.0,0.5
224,52.0,1.0,SC,12.0,0.0,0.0,2500.0,6.0,5.0,7.0,0.0,7.0,7.0,4.0,7.0,4.0,7.0,7.0,7.0,3.0,2.0,3.0,3.0,1.0,2.0,4.0,3.0,2.0,1.0,1.0,1.0,0.0,0.0,0.0,0.0,0.0,1.0,109.0,3,7.0,7.0,0.1666666666666666
225,66.0,1.0,CE,11.0,0.0,0.0,2500.0,3.0,2.0,7.0,4.0,6.0,5.0,7.0,7.0,7.0,7.0,7.0,7.0,3.0,4.0,4.0,5.0,3.0,4.0,5.0,4.0,3.0,1.0,1.0,1.0,0.0,0.0,0.0,1.0,0.0,2.0,107.0,3,7.0,7.0,0.3333333333333333
226,36.0,1.0,MG,16.0,0.0,1.0,2500.0,2.0,2.0,3.0,2.0,3.0,3.0,2.0,3.0,4.0,2.0,5.0,6.0,1.0,2.0,2.0,3.0,2.0,4.0,1.0,4.0,2.0,1.0,1.0,1.0,0.0,0.0,0.0,0.0,0.0,1.0,65.5,3,5.0,7.0,0.0
227,71.0,1.0,SP,14.0,1.0,0.0,2500.0,5.0,3.0,7.0,1.0,3.0,3.0,7.0,4.0,3.0,7.0,7.0,4.0,1.0,2.0,4.0,4.0,3.0,5.0,5.0,4.0,2.0,1.0,1.0,1.0,0.0,0.0,0.0,0.0,0.0,1.0,94.5,3,7.0,7.0,0.4
228,50.0,1.0,PB,16.0,1.0,1.0,2500.0,1.0,0.0,5.0,6.0,5.0,7.0,4.0,7.0,5.0,6.0,5.0,5.0,4.0,3.0,5.0,4.0,3.0,5.0,4.0,2.0,3.0,1.0,1.0,1.0,1.0,0.0,0.0,0.0,0.0,2.0,97.0,3,7.0,7.0,1.0
229,49.0,1.0,BA,16.0,0.0,1.0,2500.0,5.0,3.0,7.0,2.0,7.0,3.0,3.0,3.0,3.0,3.0,7.0,4.0,5.0,4.0,5.0,5.0,3.0,5.0,2.0,2.0,4.0,2.0,3.0,1.0,1.0,0.0,0.0,1.0,0.0,3.0,82.5,3,7.0,6.0,0.4
230,55.0,1.0,RS,11.0,1.0,1.0,6500.0,2.0,2.0,4.0,1.0,4.0,7.0,5.0,7.0,1.0,5.0,7.0,1.0,4.0,3.0,4.0,4.0,2.0,4.0,4.0,2.0,2.0,1.0,1.0,1.0,1.0,1.0,1.0,1.0,0.0,5.0,86.0,3,5.0,7.0,0.0
231,40.0,1.0,RJ,16.0,1.0,0.0,4500.0,2.0,0.0,7.0,3.0,5.0,0.0,4.0,7.0,0.0,3.0,7.0,6.0,2.0,5.0,4.0,4.0,1.0,3.0,4.0,5.0,2.0,1.0,3.0,1.0,1.0,0.0,0.0,1.0,0.0,3.0,79.5,3,7.0,7.0,1.0
232,33.0,1.0,PR,16.0,0.0,1.0,2500.0,3.0,2.0,7.0,3.0,7.0,4.0,4.0,7.0,7.0,0.0,7.0,3.0,1.0,2.0,1.0,2.0,2.0,2.0,5.0,5.0,1.0,1.0,2.0,1.0,1.0,0.0,0.0,0.0,0.0,2.0,76.0,3,7.0,7.0,0.3333333333333333
233,35.0,1.0,RS,16.0,1.0,1.0,1500.0,1.0,0.0,3.0,1.0,2.0,7.0,3.0,3.0,0.0,3.0,0.0,3.0,3.0,4.0,3.0,4.0,5.0,3.0,3.0,5.0,3.0,2.0,2.0,1.0,1.0,0.0,1.0,1.0,0.0,4.0,49.5,3,4.0,3.0,1.0
234,50.0,1.0,BA,16.0,0.0,1.0,2500.0,2.0,2.0,3.0,5.0,7.0,7.0,7.0,7.0,7.0,3.0,2.0,2.0,4.0,5.0,5.0,4.0,3.0,5.0,1.0,1.0,2.0,1.0,3.0,1.0,0.0,0.0,0.0,0.0,0.0,1.0,91.0,3,7.0,7.0,0.0
235,64.0,1.0,RJ,12.0,1.0,0.0,4500.0,4.0,3.0,7.0,7.0,5.0,4.0,5.0,5.0,5.0,7.0,7.0,4.0,2.0,3.0,4.0,4.0,3.0,4.0,5.0,5.0,4.0,2.0,4.0,1.0,0.0,0.0,1.0,0.0,0.0,2.0,99.5,3,7.0,7.0,0.25
236,57.0,1.0,SP,9.0,0.0,1.0,2500.0,3.0,2.0,7.0,3.0,4.0,7.0,7.0,3.0,6.0,5.0,7.0,7.0,4.0,4.0,1.0,2.0,4.0,4.0,5.0,4.0,1.0,1.0,1.0,0.0,0.0,0.0,1.0,1.0,0.0,2.0,95.0,3,7.0,7.0,0.3333333333333333
237,60.0,1.0,RJ,12.0,1.0,0.0,2500.0,2.0,2.0,2.0,1.0,3.0,7.0,7.0,2.0,7.0,0.0,2.0,2.0,5.0,2.0,4.0,5.0,3.0,4.0,4.0,2.0,3.0,1.0,1.0,1.0,0.0,0.0,0.0,1.0,0.0,2.0,59.0,3,3.0,7.0,0.0
238,65.0,1.0,MG,16.0,1.0,0.0,1500.0,1.0,0.0,7.0,1.0,0.0,2.0,3.0,5.0,4.0,7.0,7.0,7.0,5.0,4.0,3.0,2.0,3.0,3.0,1.0,3.0,3.0,2.0,3.0,1.0,0.0,0.0,0.0,0.0,0.0,1.0,82.0,3,7.0,7.0,1.0
239,59.0,1.0,GO,14.0,1.0,1.0,2500.0,3.0,3.0,7.0,4.0,7.0,7.0,5.0,7.0,2.0,7.0,7.0,4.0,2.0,1.0,4.0,4.0,2.0,5.0,2.0,4.0,3.0,2.0,5.0,1.0,1.0,0.0,0.0,1.0,0.0,3.0,108.5,3,7.0,7.0,0.0
240,20.0,1.0,CE,14.0,1.0,1.0,1500.0,4.0,1.0,7.0,1.0,6.0,3.0,2.0,0.0,5.0,7.0,7.0,7.0,5.0,5.0,5.0,3.0,1.0,2.0,5.0,4.0,5.0,3.0,4.0,1.0,1.0,0.0,0.0,1.0,0.0,3.0,92.0,3,7.0,5.0,0.75
242,53.0,1.0,DF,16.0,1.0,0.0,2500.0,2.0,1.0,4.0,2.0,1.0,2.0,4.0,3.0,0.0,4.0,4.0,2.0,4.0,1.0,2.0,4.0,2.0,2.0,4.0,3.0,3.0,1.0,2.0,1.0,1.0,0.0,1.0,1.0,0.0,4.0,52.0,3,6.0,3.0,0.5
243,37.0,1.0,CE,11.0,0.0,0.0,1500.0,4.0,1.0,5.0,0.0,0.0,0.0,2.0,0.0,7.0,1.0,2.0,0.0,3.0,3.0,5.0,5.0,4.0,5.0,2.0,5.0,1.0,1.0,1.0,1.0,1.0,0.0,0.0,1.0,0.0,3.0,45.0,3,5.0,7.0,0.75
244,62.0,1.0,SC,5.0,0.0,0.0,1500.0,2.0,2.0,7.0,4.0,3.0,7.0,3.0,6.0,2.0,6.0,7.0,7.0,5.0,1.0,5.0,3.0,2.0,3.0,4.0,5.0,2.0,2.0,1.0,1.0,1.0,0.0,0.0,1.0,0.0,3.0,92.0,3,7.0,7.0,0.0
245,65.0,1.0,SP,5.0,1.0,0.0,1500.0,3.0,3.0,4.0,5.0,4.0,4.0,2.0,4.0,7.0,0.0,2.0,0.0,2.0,3.0,3.0,4.0,2.0,2.0,4.0,4.0,4.0,1.0,1.0,1.0,1.0,0.0,0.0,1.0,0.0,3.0,61.0,3,7.0,7.0,0.0
246,60.0,1.0,BA,18.0,0.0,0.0,4500.0,2.0,2.0,7.0,4.0,5.0,6.0,7.0,4.0,7.0,7.0,7.0,7.0,2.0,3.0,4.0,4.0,3.0,4.0,5.0,5.0,5.0,2.0,4.0,1.0,0.0,0.0,0.0,1.0,0.0,2.0,105.0,3,7.0,7.0,0.0
247,46.0,1.0,PR,16.0,1.0,1.0,2500.0,3.0,2.0,7.0,4.0,7.0,7.0,7.0,3.0,3.0,4.0,7.0,7.0,2.0,4.0,3.0,4.0,2.0,4.0,2.0,4.0,4.0,2.0,4.0,1.0,0.0,0.0,0.0,1.0,0.0,2.0,96.0,3,7.0,6.0,0.3333333333333333
248,57.0,1.0,SP,12.0,0.0,1.0,2500.0,2.0,2.0,7.0,3.0,7.0,5.0,4.0,6.0,7.0,0.0,7.0,7.0,4.0,3.0,2.0,2.0,1.0,3.0,1.0,4.0,1.0,1.0,1.0,1.0,0.0,0.0,0.0,1.0,0.0,2.0,79.0,3,7.0,7.0,0.0
249,66.0,1.0,SP,16.0,1.0,0.0,2500.0,1.0,1.0,7.0,7.0,7.0,7.0,5.0,7.0,5.0,7.0,7.0,7.0,5.0,5.0,5.0,5.0,3.0,5.0,5.0,4.0,4.0,3.0,4.0,1.0,1.0,0.0,1.0,1.0,0.0,4.0,110.0,3,7.0,7.0,0.0
250,51.0,1.0,BA,16.0,1.0,1.0,4500.0,3.0,0.0,7.0,1.0,4.0,1.0,1.0,4.0,7.0,3.0,4.0,4.0,3.0,3.0,3.0,3.0,2.0,3.0,4.0,3.0,3.0,3.0,3.0,1.0,0.0,0.0,0.0,0.0,0.0,1.0,72.0,3,7.0,7.0,1.0
251,45.0,1.0,MG,5.0,1.0,1.0,2500.0,1.0,1.0,7.0,7.0,7.0,6.0,4.0,4.0,3.0,3.0,3.0,5.0,3.0,3.0,4.0,4.0,2.0,3.0,2.0,3.0,4.0,1.0,3.0,1.0,0.0,0.0,1.0,0.0,0.0,2.0,89.0,3,7.0,7.0,0.0
252,45.0,1.0,RN,16.0,1.0,1.0,8000.0,3.0,3.0,7.0,7.0,3.0,7.0,7.0,7.0,7.0,3.0,0.0,4.0,1.0,1.0,5.0,3.0,2.0,5.0,1.0,4.0,4.0,2.0,3.0,1.0,1.0,0.0,1.0,0.0,0.0,3.0,79.0,3,7.0,7.0,0.0
253,51.0,1.0,SC,16.0,0.0,1.0,8000.0,4.0,3.0,7.0,2.0,4.0,5.0,5.0,4.0,4.0,7.0,3.0,4.0,4.0,2.0,5.0,4.0,2.0,5.0,4.0,5.0,4.0,2.0,3.0,1.0,0.0,0.0,0.0,0.0,0.0,1.0,95.5,3,7.0,7.0,0.25
254,42.0,1.0,SP,16.0,0.0,1.0,2500.0,5.0,2.0,7.0,2.0,7.0,4.0,4.0,7.0,5.0,7.0,7.0,7.0,1.0,3.0,4.0,4.0,4.0,5.0,5.0,5.0,2.0,1.0,3.0,1.0,1.0,0.0,0.0,0.0,0.0,2.0,106.0,3,7.0,7.0,0.6
255,46.0,1.0,PI,16.0,0.0,0.0,1500.0,3.0,1.0,3.0,1.0,1.0,4.0,2.0,1.0,7.0,1.0,2.0,2.0,3.0,2.0,3.0,5.0,2.0,3.0,2.0,4.0,5.0,4.0,4.0,1.0,1.0,0.0,1.0,1.0,0.0,4.0,51.0,3,4.0,7.0,0.6666666666666666
256,27.0,1.0,MG,16.0,1.0,1.0,6500.0,3.0,2.0,7.0,4.0,7.0,7.0,7.0,7.0,7.0,7.0,7.0,2.0,5.0,5.0,4.0,5.0,5.0,5.0,5.0,5.0,5.0,1.0,1.0,1.0,1.0,0.0,0.0,1.0,0.0,3.0,109.5,3,7.0,7.0,0.3333333333333333
257,36.0,1.0,SP,11.0,1.0,0.0,1500.0,3.0,0.0,7.0,7.0,7.0,7.0,4.0,4.0,5.0,7.0,7.0,5.0,5.0,5.0,5.0,5.0,5.0,5.0,5.0,5.0,3.0,2.0,5.0,1.0,0.0,0.0,1.0,0.0,0.0,2.0,108.0,3,7.0,7.0,1.0
258,37.0,1.0,RJ,16.0,0.0,1.0,8000.0,2.0,2.0,6.0,5.0,6.0,6.0,4.0,6.0,5.0,7.0,7.0,7.0,2.0,3.0,4.0,3.0,3.0,4.0,2.0,4.0,4.0,2.0,3.0,1.0,0.0,0.0,1.0,1.0,0.0,3.0,105.0,3,7.0,7.0,0.0
259,31.0,1.0,CE,12.0,1.0,0.0,1500.0,2.0,1.0,7.0,7.0,7.0,7.0,6.0,3.0,0.0,3.0,7.0,7.0,2.0,1.0,5.0,5.0,3.0,5.0,4.0,5.0,3.0,2.0,3.0,1.0,1.0,0.0,1.0,1.0,0.0,4.0,79.0,3,7.0,3.0,0.5
260,67.0,1.0,SP,16.0,0.0,0.0,10000.0,2.0,2.0,7.0,2.0,5.0,7.0,7.0,7.0,7.0,7.0,7.0,3.0,5.0,4.0,3.0,5.0,2.0,3.0,5.0,2.0,5.0,1.0,1.0,1.0,0.0,0.0,1.0,0.0,0.0,2.0,104.0,3,7.0,7.0,0.0
261,48.0,1.0,PE,11.0,1.0,0.0,1500.0,2.0,0.0,0.0,0.0,0.0,0.0,0.0,0.0,0.0,0.0,0.0,0.0,1.0,1.0,1.0,1.0,1.0,1.0,1.0,4.0,1.0,1.0,1.0,0.0,0.0,1.0,0.0,0.0,0.0,1.0,0.0,1,0.0,0.0,1.0
262,36.0,1.0,BA,16.0,1.0,0.0,1500.0,2.0,0.0,7.0,3.0,7.0,7.0,4.0,7.0,7.0,3.0,7.0,7.0,3.0,5.0,2.0,4.0,4.0,4.0,3.0,4.0,4.0,2.0,3.0,1.0,0.0,0.0,0.0,0.0,0.0,1.0,93.0,3,7.0,7.0,1.0
263,66.0,1.0,CE,12.0,0.0,0.0,13500.0,3.0,0.0,7.0,0.0,5.0,4.0,7.0,7.0,7.0,5.0,4.0,0.0,2.0,2.0,3.0,4.0,3.0,3.0,4.0,2.0,2.0,2.0,2.0,0.0,0.0,0.0,0.0,1.0,0.0,1.0,90.0,3,7.0,7.0,1.0
264,64.0,1.0,PE,12.0,1.0,0.0,1500.0,4.0,1.0,7.0,0.0,2.0,2.0,3.0,1.0,2.0,7.0,7.0,3.0,1.0,2.0,1.0,3.0,1.0,1.0,1.0,3.0,1.0,1.0,1.0,0.0,1.0,0.0,0.0,0.0,0.0,1.0,70.0,3,7.0,3.0,0.75
265,57.0,1.0,PA,16.0,1.0,0.0,1500.0,5.0,1.0,7.0,4.0,2.0,2.0,7.0,2.0,5.0,7.0,3.0,2.0,1.0,3.0,4.0,5.0,4.0,5.0,5.0,4.0,1.0,1.0,1.0,1.0,1.0,0.0,1.0,0.0,0.0,3.0,87.5,3,7.0,7.0,0.8
266,50.0,1.0,BA,16.0,0.0,1.0,1500.0,3.0,1.0,7.0,7.0,7.0,7.0,7.0,6.0,0.0,7.0,2.0,5.0,4.0,2.0,3.0,4.0,4.0,5.0,5.0,5.0,1.0,2.0,5.0,1.0,1.0,0.0,0.0,0.0,0.0,2.0,104.5,3,7.0,6.0,0.6666666666666666
267,65.0,1.0,MG,9.0,1.0,0.0,1500.0,5.0,2.0,7.0,3.0,7.0,7.0,7.0,7.0,4.0,7.0,7.0,7.0,4.0,5.0,4.0,3.0,2.0,4.0,5.0,4.0,4.0,2.0,2.0,1.0,0.0,0.0,1.0,0.0,0.0,2.0,112.0,3,7.0,7.0,0.6
268,63.0,0.0,MG,16.0,0.0,1.0,19000.0,1.0,1.0,6.0,3.0,5.0,6.0,7.0,6.0,1.0,5.0,2.0,5.0,3.0,2.0,3.0,3.0,3.0,3.0,4.0,4.0,3.0,2.0,2.0,1.0,0.0,0.0,0.0,0.0,0.0,1.0,93.5,3,7.0,7.0,0.0
269,61.0,1.0,BA,18.0,1.0,1.0,4500.0,1.0,0.0,7.0,4.0,7.0,7.0,7.0,7.0,5.0,7.0,5.0,5.0,4.0,4.0,4.0,5.0,5.0,5.0,5.0,5.0,5.0,4.0,4.0,1.0,0.0,0.0,0.0,1.0,0.0,2.0,110.0,3,7.0,7.0,1.0
270,50.0,0.0,SC,9.0,0.0,1.0,4500.0,4.0,2.0,7.0,4.0,5.0,7.0,7.0,4.0,1.0,5.0,2.0,7.0,2.0,3.0,5.0,1.0,1.0,1.0,1.0,4.0,1.0,1.0,1.0,1.0,0.0,0.0,0.0,0.0,0.0,1.0,87.5,3,7.0,5.0,0.5
271,69.0,1.0,MG,16.0,0.0,0.0,4500.0,2.0,1.0,7.0,4.0,3.0,6.0,5.0,6.0,4.0,5.0,7.0,5.0,4.0,2.0,4.0,4.0,3.0,4.0,4.0,4.0,3.0,2.0,2.0,1.0,1.0,0.0,1.0,1.0,0.0,4.0,88.0,3,7.0,7.0,0.5
273,42.0,1.0,GO,16.0,1.0,0.0,1500.0,5.0,2.0,7.0,3.0,5.0,2.0,4.0,2.0,5.0,2.0,7.0,2.0,3.0,5.0,5.0,4.0,2.0,5.0,4.0,3.0,3.0,2.0,4.0,1.0,1.0,1.0,1.0,1.0,0.0,5.0,75.5,3,7.0,7.0,0.6
274,52.0,1.0,MG,12.0,1.0,0.0,1500.0,2.0,1.0,7.0,7.0,7.0,7.0,7.0,7.0,7.0,2.0,6.0,3.0,4.0,4.0,4.0,4.0,3.0,5.0,5.0,5.0,4.0,2.0,4.0,1.0,1.0,0.0,0.0,1.0,0.0,3.0,89.5,3,7.0,7.0,0.5
275,45.0,1.0,MG,16.0,1.0,1.0,2500.0,3.0,1.0,7.0,7.0,7.0,7.0,3.0,6.0,1.0,2.0,4.0,3.0,1.0,1.0,4.0,3.0,2.0,4.0,4.0,4.0,1.0,1.0,3.0,1.0,0.0,0.0,0.0,0.0,0.0,1.0,84.5,3,7.0,7.0,0.6666666666666666
276,51.0,1.0,PE,12.0,1.0,0.0,1500.0,2.0,2.0,6.0,2.0,3.0,2.0,4.0,4.0,3.0,2.0,7.0,3.0,2.0,1.0,4.0,4.0,2.0,4.0,3.0,4.0,4.0,4.0,3.0,1.0,1.0,0.0,1.0,1.0,0.0,4.0,70.0,3,7.0,7.0,0.0
277,35.0,1.0,PR,16.0,1.0,1.0,8000.0,3.0,3.0,6.0,2.0,5.0,7.0,5.0,6.0,7.0,7.0,7.0,6.0,2.0,2.0,5.0,4.0,3.0,4.0,2.0,4.0,3.0,3.0,4.0,1.0,0.0,0.0,1.0,0.0,0.0,2.0,103.5,3,7.0,7.0,0.0
278,58.0,1.0,SP,5.0,0.0,0.0,8000.0,4.0,2.0,7.0,4.0,7.0,7.0,4.0,7.0,7.0,7.0,7.0,2.0,4.0,3.0,3.0,5.0,4.0,4.0,4.0,5.0,2.0,2.0,2.0,1.0,1.0,0.0,1.0,1.0,0.0,4.0,106.5,3,7.0,7.0,0.5
279,45.0,1.0,PR,16.0,1.0,1.0,8000.0,3.0,1.0,4.0,4.0,5.0,7.0,7.0,7.0,6.0,7.0,3.0,4.0,3.0,1.0,5.0,4.0,4.0,5.0,5.0,5.0,4.0,1.0,2.0,1.0,1.0,0.0,1.0,1.0,0.0,4.0,102.5,3,7.0,7.0,0.6666666666666666
280,28.0,1.0,GO,11.0,1.0,0.0,1500.0,3.0,0.0,7.0,4.0,3.0,5.0,6.0,7.0,3.0,4.0,7.0,7.0,2.0,2.0,4.0,3.0,4.0,5.0,4.0,4.0,2.0,2.0,3.0,1.0,0.0,0.0,0.0,0.0,0.0,1.0,85.0,3,7.0,7.0,1.0
281,51.0,1.0,DF,12.0,0.0,1.0,1500.0,2.0,2.0,7.0,0.0,7.0,3.0,0.0,2.0,7.0,0.0,7.0,7.0,4.0,1.0,5.0,4.0,2.0,4.0,5.0,4.0,4.0,1.0,3.0,1.0,1.0,0.0,0.0,1.0,0.0,3.0,73.0,3,7.0,7.0,0.0
282,32.0,0.0,PI,16.0,0.0,1.0,2500.0,2.0,1.0,7.0,3.0,7.0,3.0,5.0,7.0,4.0,7.0,7.0,7.0,3.0,1.0,4.0,5.0,2.0,3.0,5.0,2.0,5.0,1.0,1.0,1.0,0.0,0.0,0.0,0.0,0.0,1.0,106.0,3,7.0,7.0,0.5
283,48.0,1.0,PE,11.0,1.0,0.0,1500.0,1.0,0.0,0.0,0.0,0.0,0.0,0.0,0.0,0.0,0.0,0.0,0.0,1.0,1.0,1.0,1.0,1.0,1.0,1.0,4.0,1.0,1.0,1.0,1.0,0.0,0.0,0.0,0.0,0.0,1.0,0.0,1,0.0,0.0,1.0
284,53.0,1.0,SP,16.0,0.0,1.0,6500.0,2.0,2.0,0.0,7.0,7.0,7.0,7.0,2.0,7.0,0.0,7.0,7.0,5.0,5.0,5.0,5.0,5.0,5.0,5.0,4.0,5.0,3.0,5.0,1.0,0.0,0.0,0.0,0.0,0.0,1.0,84.0,3,7.0,7.0,0.0
285,59.0,1.0,RJ,16.0,1.0,0.0,6500.0,1.0,1.0,6.0,3.0,5.0,3.0,3.0,7.0,2.0,7.0,6.0,3.0,3.0,4.0,5.0,4.0,2.0,5.0,4.0,4.0,3.0,2.0,5.0,1.0,1.0,0.0,1.0,0.0,0.0,3.0,95.5,3,7.0,7.0,0.0
286,36.0,0.0,RJ,11.0,0.0,1.0,2500.0,4.0,2.0,7.0,3.0,6.0,6.0,5.0,5.0,4.0,2.0,5.0,5.0,3.0,3.0,3.0,4.0,2.0,4.0,4.0,3.0,3.0,1.0,1.0,1.0,1.0,0.0,0.0,0.0,0.0,2.0,84.0,3,7.0,7.0,0.5
287,64.0,1.0,BA,16.0,0.0,0.0,1500.0,4.0,3.0,7.0,7.0,7.0,7.0,7.0,7.0,7.0,7.0,7.0,0.0,5.0,5.0,2.0,5.0,2.0,2.0,1.0,1.0,5.0,1.0,1.0,1.0,0.0,0.0,0.0,0.0,0.0,1.0,108.5,3,7.0,7.0,0.25
288,40.0,1.0,PE,16.0,0.0,1.0,4500.0,3.0,2.0,7.0,4.0,7.0,4.0,3.0,7.0,6.0,6.0,6.0,6.0,2.0,1.0,1.0,4.0,2.0,1.0,3.0,3.0,4.0,2.0,2.0,1.0,1.0,0.0,0.0,1.0,0.0,3.0,100.0,3,7.0,7.0,0.3333333333333333
289,62.0,1.0,SP,14.0,1.0,1.0,4500.0,1.0,1.0,7.0,2.0,7.0,3.0,7.0,7.0,1.0,2.0,5.0,5.0,2.0,3.0,5.0,4.0,3.0,5.0,3.0,4.0,2.0,2.0,3.0,1.0,0.0,0.0,1.0,1.0,0.0,3.0,86.0,3,7.0,7.0,0.0
290,48.0,1.0,RN,18.0,1.0,1.0,2500.0,2.0,1.0,7.0,3.0,7.0,7.0,7.0,7.0,5.0,5.0,5.0,5.0,4.0,4.0,5.0,4.0,4.0,5.0,4.0,4.0,4.0,3.0,4.0,1.0,0.0,0.0,0.0,0.0,0.0,1.0,102.0,3,7.0,7.0,0.5
291,62.0,1.0,RJ,12.0,1.0,0.0,2500.0,1.0,0.0,7.0,1.0,5.0,4.0,4.0,1.0,0.0,5.0,7.0,7.0,5.0,4.0,4.0,5.0,3.0,4.0,5.0,4.0,5.0,2.0,3.0,1.0,0.0,0.0,1.0,1.0,0.0,3.0,68.0,3,7.0,1.0,1.0
292,62.0,1.0,SP,12.0,0.0,0.0,6500.0,3.0,1.0,7.0,0.0,7.0,3.0,6.0,7.0,2.0,7.0,7.0,7.0,4.0,3.0,2.0,4.0,3.0,3.0,4.0,4.0,3.0,3.0,3.0,1.0,1.0,1.0,1.0,1.0,1.0,5.0,107.0,3,7.0,7.0,0.6666666666666666
293,47.0,1.0,SP,14.0,1.0,1.0,1500.0,4.0,2.0,7.0,3.0,7.0,7.0,3.0,7.0,5.0,7.0,7.0,7.0,2.0,1.0,2.0,4.0,2.0,2.0,1.0,4.0,5.0,2.0,2.0,1.0,1.0,1.0,1.0,1.0,0.0,5.0,108.0,3,7.0,7.0,0.5
294,48.0,1.0,PE,11.0,1.0,0.0,1500.0,1.0,0.0,0.0,0.0,0.0,0.0,0.0,0.0,0.0,0.0,0.0,0.0,1.0,1.0,1.0,1.0,1.0,2.0,1.0,4.0,1.0,1.0,1.0,1.0,0.0,1.0,1.0,0.0,0.0,3.0,0.0,1,0.0,0.0,1.0
295,66.0,1.0,SP,16.0,1.0,0.0,2500.0,1.0,0.0,7.0,7.0,4.0,7.0,7.0,5.0,3.0,7.0,7.0,7.0,3.0,5.0,4.0,3.0,3.0,4.0,5.0,4.0,3.0,2.0,2.0,1.0,0.0,0.0,1.0,1.0,0.0,3.0,103.0,3,7.0,7.0,1.0
296,59.0,1.0,MG,16.0,1.0,1.0,4500.0,1.0,1.0,3.0,1.0,7.0,3.0,7.0,3.0,7.0,0.0,4.0,5.0,4.0,2.0,1.0,4.0,3.0,4.0,4.0,4.0,3.0,2.0,3.0,1.0,0.0,0.0,0.0,1.0,0.0,2.0,71.5,3,4.0,7.0,0.0
297,26.0,0.0,AM,14.0,0.0,0.0,2500.0,3.0,2.0,6.0,2.0,0.0,0.0,1.0,7.0,0.0,7.0,4.0,7.0,1.0,1.0,5.0,1.0,1.0,2.0,1.0,1.0,1.0,1.0,1.0,0.0,0.0,0.0,0.0,1.0,0.0,1.0,76.5,3,7.0,7.0,0.3333333333333333
298,58.0,0.0,BA,14.0,0.0,0.0,2500.0,3.0,2.0,0.0,3.0,4.0,7.0,3.0,7.0,7.0,2.0,0.0,0.0,4.0,4.0,5.0,5.0,3.0,5.0,4.0,3.0,4.0,2.0,1.0,1.0,1.0,0.0,1.0,1.0,0.0,4.0,64.0,3,3.0,7.0,0.3333333333333333
299,59.0,1.0,GO,14.0,1.0,1.0,6500.0,3.0,3.0,7.0,4.0,7.0,4.0,6.0,7.0,0.0,7.0,7.0,2.0,2.0,1.0,2.0,4.0,2.0,5.0,4.0,4.0,4.0,2.0,4.0,1.0,0.0,0.0,0.0,0.0,0.0,1.0,105.5,3,7.0,7.0,0.0
300,43.0,1.0,SP,16.0,0.0,0.0,13500.0,3.0,1.0,7.0,1.0,3.0,0.0,0.0,5.0,3.0,3.0,3.0,4.0,4.0,4.0,3.0,4.0,2.0,3.0,2.0,2.0,2.0,1.0,1.0,1.0,0.0,0.0,0.0,0.0,0.0,1.0,66.5,3,7.0,7.0,0.6666666666666666
301,63.0,1.0,RJ,18.0,1.0,0.0,13500.0,1.0,0.0,5.0,7.0,5.0,7.0,7.0,7.0,4.0,5.0,0.0,6.0,4.0,3.0,2.0,5.0,3.0,4.0,4.0,4.0,2.0,1.0,2.0,0.0,0.0,0.0,0.0,1.0,0.0,1.0,94.0,3,7.0,7.0,1.0
302,60.0,1.0,SP,12.0,1.0,1.0,27500.0,4.0,3.0,7.0,5.0,3.0,7.0,7.0,3.0,1.0,7.0,0.0,0.0,4.0,5.0,5.0,5.0,4.0,5.0,5.0,5.0,5.0,2.0,2.0,1.0,1.0,0.0,1.0,1.0,0.0,4.0,81.0,3,7.0,4.0,0.25
303,68.0,1.0,MG,16.0,1.0,0.0,4500.0,5.0,2.0,7.0,3.0,2.0,7.0,6.0,6.0,7.0,2.0,3.0,3.0,4.0,4.0,5.0,5.0,2.0,4.0,4.0,4.0,4.0,2.0,4.0,1.0,1.0,0.0,1.0,1.0,0.0,4.0,72.0,3,7.0,7.0,0.6
304,41.0,1.0,PE,16.0,0.0,1.0,2500.0,3.0,2.0,5.0,3.0,5.0,2.0,5.0,3.0,7.0,0.0,7.0,4.0,4.0,4.0,5.0,5.0,1.0,4.0,4.0,4.0,4.0,1.0,3.0,1.0,1.0,0.0,1.0,1.0,0.0,4.0,69.5,3,7.0,7.0,0.3333333333333333
305,62.0,1.0,BA,16.0,1.0,0.0,8000.0,3.0,1.0,7.0,7.0,4.0,7.0,7.0,5.0,7.0,7.0,7.0,7.0,4.0,4.0,5.0,4.0,3.0,5.0,4.0,4.0,3.0,2.0,3.0,1.0,0.0,0.0,1.0,0.0,0.0,2.0,103.0,3,7.0,7.0,0.6666666666666666
306,46.0,1.0,BA,16.0,0.0,1.0,4500.0,2.0,2.0,7.0,7.0,7.0,7.0,7.0,7.0,7.0,7.0,7.0,7.0,3.0,4.0,4.0,4.0,3.0,5.0,4.0,4.0,2.0,3.0,4.0,1.0,0.0,0.0,1.0,1.0,0.0,3.0,112.0,3,7.0,7.0,0.0
307,53.0,1.0,DF,16.0,1.0,0.0,2500.0,2.0,1.0,7.0,4.0,5.0,4.0,4.0,5.0,0.0,5.0,5.0,4.0,2.0,2.0,2.0,2.0,2.0,2.0,2.0,2.0,2.0,1.0,2.0,1.0,1.0,0.0,1.0,1.0,0.0,4.0,81.5,3,7.0,5.0,0.5
308,46.0,1.0,PR,16.0,1.0,1.0,2500.0,3.0,2.0,7.0,5.0,7.0,7.0,4.0,3.0,3.0,3.0,4.0,3.0,2.0,2.0,4.0,3.0,2.0,4.0,2.0,3.0,3.0,2.0,4.0,1.0,1.0,0.0,1.0,1.0,0.0,4.0,85.5,3,7.0,6.0,0.3333333333333333
309,21.0,1.0,PE,14.0,1.0,0.0,4500.0,3.0,2.0,7.0,7.0,7.0,7.0,7.0,7.0,7.0,7.0,0.0,0.0,5.0,5.0,5.0,5.0,5.0,5.0,5.0,4.0,5.0,3.0,5.0,0.0,0.0,0.0,0.0,1.0,0.0,1.0,105.0,3,7.0,7.0,0.3333333333333333
310,37.0,1.0,MG,12.0,1.0,0.0,1500.0,3.0,0.0,7.0,1.0,1.0,1.0,0.0,7.0,2.0,0.0,5.0,2.0,1.0,2.0,5.0,5.0,2.0,5.0,3.0,4.0,2.0,1.0,3.0,1.0,0.0,0.0,0.0,0.0,0.0,1.0,49.5,3,7.0,7.0,1.0
311,50.0,1.0,SC,16.0,1.0,1.0,2500.0,1.0,1.0,3.0,2.0,3.0,7.0,5.0,7.0,2.0,4.0,0.0,5.0,4.0,5.0,3.0,5.0,2.0,3.0,4.0,5.0,4.0,1.0,2.0,1.0,0.0,0.0,0.0,1.0,0.0,2.0,77.5,3,5.0,7.0,0.0
312,53.0,1.0,DF,16.0,1.0,1.0,10000.0,3.0,3.0,7.0,7.0,7.0,7.0,7.0,7.0,7.0,7.0,7.0,7.0,2.0,3.0,5.0,5.0,4.0,4.0,5.0,5.0,4.0,4.0,5.0,1.0,0.0,0.0,0.0,0.0,0.0,1.0,112.0,3,7.0,7.0,0.0
313,35.0,1.0,SP,16.0,0.0,1.0,4500.0,4.0,3.0,7.0,7.0,7.0,0.0,7.0,7.0,7.0,7.0,0.0,7.0,4.0,5.0,5.0,4.0,3.0,5.0,1.0,3.0,4.0,4.0,5.0,1.0,0.0,0.0,0.0,0.0,0.0,1.0,101.5,3,7.0,7.0,0.25
314,30.0,1.0,MG,12.0,1.0,1.0,2500.0,4.0,2.0,7.0,7.0,7.0,7.0,7.0,7.0,2.0,7.0,7.0,7.0,3.0,4.0,3.0,3.0,3.0,3.0,3.0,4.0,3.0,3.0,2.0,1.0,1.0,0.0,1.0,1.0,0.0,4.0,112.0,3,7.0,7.0,0.5
315,42.0,1.0,BA,16.0,1.0,1.0,6500.0,1.0,1.0,7.0,7.0,3.0,7.0,4.0,7.0,7.0,7.0,7.0,7.0,2.0,1.0,5.0,5.0,4.0,5.0,4.0,1.0,4.0,2.0,1.0,1.0,1.0,0.0,1.0,1.0,0.0,4.0,97.0,3,7.0,7.0,0.0
316,50.0,0.0,SP,16.0,0.0,1.0,13500.0,3.0,2.0,7.0,4.0,4.0,3.0,7.0,6.0,3.0,7.0,7.0,4.0,4.0,3.0,4.0,4.0,3.0,4.0,2.0,2.0,4.0,2.0,3.0,1.0,0.0,0.0,1.0,1.0,0.0,3.0,97.5,3,7.0,7.0,0.3333333333333333
317,53.0,1.0,GO,16.0,1.0,1.0,4500.0,3.0,3.0,5.0,1.0,5.0,5.0,5.0,5.0,0.0,2.0,0.0,5.0,3.0,3.0,2.0,3.0,2.0,3.0,4.0,3.0,1.0,1.0,2.0,1.0,0.0,0.0,0.0,0.0,0.0,1.0,67.5,3,6.0,5.0,0.0
318,61.0,0.0,SP,16.0,1.0,0.0,4500.0,1.0,0.0,5.0,0.0,3.0,3.0,6.0,2.0,5.0,4.0,3.0,5.0,2.0,5.0,4.0,4.0,2.0,4.0,4.0,4.0,2.0,1.0,4.0,1.0,0.0,0.0,0.0,0.0,0.0,1.0,76.0,3,5.0,7.0,1.0
319,54.0,0.0,RS,12.0,0.0,1.0,4500.0,3.0,3.0,7.0,5.0,5.0,4.0,3.0,5.0,5.0,5.0,4.0,4.0,2.0,2.0,3.0,4.0,3.0,3.0,4.0,4.0,2.0,2.0,3.0,1.0,1.0,0.0,0.0,1.0,0.0,3.0,88.0,3,7.0,7.0,0.0
320,30.0,1.0,MG,14.0,1.0,1.0,2500.0,3.0,2.0,4.0,4.0,7.0,7.0,7.0,5.0,7.0,3.0,7.0,7.0,3.0,3.0,1.0,2.0,2.0,3.0,3.0,2.0,2.0,2.0,4.0,1.0,1.0,1.0,1.0,1.0,0.0,5.0,96.0,3,7.0,7.0,0.3333333333333333
321,45.0,1.0,PE,16.0,0.0,1.0,6500.0,3.0,1.0,6.0,6.0,6.0,4.0,3.0,7.0,7.0,6.0,6.0,7.0,4.0,3.0,3.0,5.0,4.0,5.0,1.0,2.0,4.0,3.0,1.0,1.0,1.0,0.0,0.0,0.0,0.0,2.0,97.5,3,7.0,7.0,0.6666666666666666
322,65.0,1.0,PR,18.0,1.0,0.0,4500.0,2.0,1.0,7.0,7.0,7.0,7.0,7.0,7.0,4.0,4.0,7.0,1.0,3.0,3.0,4.0,4.0,3.0,5.0,4.0,5.0,2.0,1.0,1.0,1.0,0.0,0.0,0.0,1.0,0.0,2.0,97.0,3,7.0,7.0,0.5
323,51.0,1.0,RJ,11.0,1.0,0.0,1500.0,2.0,0.0,7.0,5.0,7.0,4.0,2.0,4.0,4.0,3.0,2.0,7.0,4.0,3.0,5.0,4.0,2.0,5.0,3.0,4.0,4.0,3.0,4.0,1.0,0.0,0.0,1.0,1.0,0.0,3.0,85.5,3,7.0,7.0,1.0
324,70.0,1.0,SP,12.0,1.0,0.0,2500.0,1.0,0.0,7.0,7.0,7.0,7.0,7.0,6.0,5.0,7.0,7.0,7.0,5.0,1.0,3.0,5.0,2.0,2.0,4.0,2.0,4.0,4.0,3.0,1.0,0.0,0.0,0.0,0.0,0.0,1.0,112.0,3,7.0,7.0,1.0
325,65.0,1.0,SP,16.0,1.0,1.0,10000.0,2.0,0.0,7.0,2.0,3.0,4.0,5.0,6.0,4.0,4.0,5.0,7.0,5.0,5.0,5.0,5.0,3.0,5.0,5.0,5.0,5.0,3.0,5.0,1.0,0.0,0.0,1.0,1.0,0.0,3.0,82.0,3,7.0,7.0,1.0
326,54.0,1.0,RJ,16.0,0.0,0.0,1500.0,2.0,1.0,7.0,5.0,4.0,7.0,7.0,7.0,7.0,7.0,7.0,4.0,4.0,3.0,5.0,5.0,3.0,3.0,5.0,4.0,5.0,3.0,3.0,1.0,0.0,0.0,0.0,0.0,0.0,1.0,101.5,3,7.0,7.0,0.5
327,26.0,0.0,BA,16.0,1.0,1.0,10000.0,3.0,3.0,7.0,4.0,7.0,3.0,3.0,7.0,2.0,7.0,7.0,7.0,3.0,1.0,3.0,4.0,2.0,4.0,2.0,4.0,4.0,2.0,1.0,0.0,1.0,0.0,0.0,1.0,0.0,2.0,104.0,3,7.0,7.0,0.0
328,35.0,0.0,BA,16.0,1.0,1.0,1500.0,4.0,2.0,7.0,1.0,7.0,7.0,1.0,1.0,1.0,0.0,7.0,7.0,3.0,2.0,3.0,4.0,2.0,3.0,4.0,3.0,4.0,1.0,1.0,1.0,0.0,0.0,0.0,0.0,0.0,1.0,58.0,3,7.0,2.0,0.5
329,39.0,1.0,RJ,16.0,1.0,1.0,2500.0,3.0,2.0,5.0,3.0,0.0,5.0,7.0,2.0,7.0,6.0,3.0,5.0,3.0,2.0,4.0,4.0,2.0,4.0,3.0,4.0,4.0,2.0,4.0,1.0,1.0,0.0,1.0,0.0,0.0,3.0,82.0,3,7.0,7.0,0.3333333333333333
330,53.0,1.0,SP,22.0,0.0,1.0,8000.0,2.0,2.0,7.0,3.0,7.0,7.0,7.0,7.0,0.0,7.0,7.0,7.0,4.0,4.0,5.0,4.0,2.0,5.0,4.0,4.0,4.0,2.0,5.0,1.0,0.0,0.0,0.0,0.0,0.0,1.0,112.0,3,7.0,7.0,0.0
331,67.0,1.0,SP,14.0,0.0,0.0,6500.0,4.0,4.0,7.0,6.0,4.0,7.0,4.0,5.0,3.0,7.0,7.0,7.0,4.0,4.0,3.0,4.0,3.0,3.0,4.0,3.0,4.0,1.0,2.0,0.0,0.0,0.0,0.0,1.0,0.0,1.0,100.0,3,7.0,7.0,0.0
332,45.0,1.0,RJ,14.0,0.0,0.0,2500.0,3.0,1.0,7.0,7.0,7.0,7.0,5.0,7.0,7.0,7.0,2.0,2.0,4.0,3.0,4.0,3.0,2.0,3.0,5.0,5.0,3.0,3.0,1.0,1.0,0.0,0.0,0.0,0.0,0.0,1.0,105.0,3,7.0,7.0,0.6666666666666666
333,61.0,1.0,MG,12.0,1.0,0.0,1500.0,1.0,0.0,7.0,7.0,0.0,7.0,7.0,7.0,2.0,7.0,0.0,6.0,1.0,5.0,5.0,1.0,1.0,1.0,4.0,4.0,1.0,1.0,3.0,1.0,0.0,0.0,0.0,0.0,0.0,1.0,87.0,3,7.0,7.0,1.0
334,46.0,0.0,MG,16.0,1.0,1.0,1500.0,2.0,1.0,7.0,2.0,3.0,1.0,2.0,5.0,2.0,3.0,4.0,1.0,4.0,4.0,4.0,2.0,3.0,4.0,2.0,3.0,4.0,2.0,3.0,1.0,0.0,0.0,1.0,0.0,0.0,2.0,68.5,3,7.0,7.0,0.5
335,63.0,1.0,PE,14.0,1.0,0.0,4500.0,3.0,2.0,7.0,7.0,7.0,7.0,7.0,7.0,7.0,7.0,0.0,0.0,5.0,5.0,5.0,5.0,4.0,5.0,5.0,4.0,5.0,3.0,5.0,0.0,0.0,0.0,0.0,1.0,0.0,1.0,105.0,3,7.0,7.0,0.3333333333333333
336,44.0,1.0,RS,9.0,0.0,0.0,4500.0,4.0,2.0,6.0,5.0,3.0,5.0,2.0,4.0,5.0,2.0,1.0,1.0,2.0,4.0,5.0,5.0,3.0,5.0,2.0,5.0,2.0,3.0,5.0,1.0,0.0,0.0,0.0,0.0,0.0,1.0,67.0,3,7.0,7.0,0.5
337,55.0,1.0,RJ,5.0,0.0,0.0,1500.0,3.0,2.0,1.0,3.0,5.0,3.0,2.0,2.0,1.0,0.0,0.0,0.0,1.0,1.0,1.0,1.0,1.0,1.0,2.0,4.0,3.0,1.0,2.0,1.0,0.0,0.0,0.0,0.0,0.0,1.0,40.0,3,4.0,3.0,0.3333333333333333
338,48.0,1.0,RJ,12.0,0.0,0.0,1500.0,4.0,2.0,7.0,7.0,7.0,7.0,0.0,7.0,7.0,7.0,7.0,0.0,1.0,2.0,3.0,1.0,2.0,3.0,4.0,4.0,1.0,1.0,1.0,1.0,0.0,0.0,1.0,0.0,0.0,2.0,101.5,3,7.0,7.0,0.5
339,71.0,0.0,SE,18.0,0.0,0.0,13500.0,4.0,1.0,4.0,2.0,6.0,7.0,7.0,5.0,7.0,0.0,0.0,1.0,4.0,2.0,5.0,4.0,3.0,5.0,3.0,4.0,5.0,4.0,5.0,1.0,0.0,0.0,0.0,0.0,0.0,1.0,72.5,3,6.0,7.0,0.75
340,43.0,1.0,PI,11.0,0.0,0.0,1500.0,3.0,1.0,7.0,4.0,7.0,4.0,2.0,3.0,7.0,7.0,2.0,0.0,2.0,4.0,4.0,4.0,2.0,4.0,5.0,4.0,5.0,2.0,4.0,1.0,1.0,0.0,1.0,1.0,0.0,4.0,98.0,3,7.0,7.0,0.6666666666666666
341,61.0,1.0,SP,12.0,1.0,0.0,2500.0,1.0,1.0,7.0,3.0,7.0,7.0,7.0,5.0,4.0,4.0,7.0,3.0,4.0,4.0,4.0,4.0,3.0,4.0,3.0,4.0,2.0,2.0,2.0,1.0,1.0,0.0,1.0,1.0,0.0,4.0,98.0,3,7.0,7.0,0.0
342,41.0,1.0,GO,16.0,0.0,0.0,6500.0,3.0,1.0,7.0,3.0,7.0,7.0,4.0,7.0,3.0,7.0,7.0,3.0,5.0,4.0,5.0,4.0,2.0,4.0,5.0,2.0,4.0,1.0,3.0,1.0,0.0,0.0,0.0,1.0,0.0,2.0,107.0,3,7.0,7.0,0.6666666666666666
343,55.0,1.0,SP,12.0,0.0,0.0,4500.0,2.0,0.0,7.0,3.0,7.0,7.0,7.0,0.0,0.0,7.0,7.0,6.0,4.0,2.0,2.0,2.0,2.0,2.0,4.0,5.0,3.0,2.0,1.0,1.0,0.0,0.0,0.0,0.0,0.0,1.0,83.5,3,7.0,0.0,1.0
344,61.0,1.0,RJ,16.0,1.0,1.0,8000.0,4.0,2.0,7.0,5.0,7.0,5.0,5.0,7.0,6.0,6.0,7.0,7.0,3.0,3.0,5.0,4.0,3.0,5.0,3.0,5.0,3.0,3.0,4.0,1.0,0.0,0.0,0.0,1.0,0.0,2.0,104.0,3,7.0,7.0,0.5
345,76.0,1.0,RJ,12.0,1.0,1.0,2500.0,1.0,0.0,3.0,7.0,7.0,7.0,7.0,7.0,6.0,7.0,7.0,7.0,5.0,5.0,5.0,5.0,5.0,5.0,5.0,4.0,5.0,3.0,4.0,1.0,0.0,0.0,0.0,0.0,0.0,1.0,112.0,3,7.0,7.0,1.0
346,46.0,1.0,BA,14.0,0.0,1.0,2500.0,2.0,2.0,3.0,7.0,5.0,5.0,7.0,3.0,2.0,1.0,1.0,3.0,3.0,4.0,4.0,3.0,2.0,4.0,3.0,4.0,3.0,2.0,4.0,1.0,0.0,0.0,1.0,1.0,0.0,3.0,67.0,3,7.0,5.0,0.0
347,56.0,1.0,SC,12.0,1.0,0.0,1500.0,1.0,0.0,7.0,3.0,7.0,7.0,2.0,0.0,0.0,7.0,7.0,0.0,5.0,2.0,1.0,4.0,1.0,4.0,5.0,5.0,5.0,3.0,1.0,1.0,1.0,0.0,1.0,1.0,0.0,4.0,75.5,3,7.0,0.0,1.0
348,61.0,1.0,BA,12.0,1.0,0.0,2500.0,3.0,1.0,7.0,7.0,2.0,0.0,4.0,3.0,1.0,7.0,6.0,6.0,5.0,2.0,5.0,4.0,2.0,4.0,4.0,4.0,3.0,1.0,4.0,1.0,1.0,1.0,1.0,1.0,0.0,5.0,74.0,3,7.0,4.0,0.6666666666666666
349,57.0,0.0,BA,11.0,0.0,1.0,2500.0,4.0,3.0,7.0,5.0,7.0,5.0,7.0,7.0,4.0,4.0,7.0,3.0,3.0,4.0,4.0,4.0,3.0,4.0,4.0,4.0,3.0,3.0,1.0,1.0,1.0,0.0,1.0,0.0,0.0,3.0,96.0,3,7.0,7.0,0.25
350,65.0,1.0,PR,11.0,1.0,1.0,2500.0,2.0,1.0,7.0,5.0,2.0,5.0,7.0,4.0,3.0,3.0,7.0,4.0,2.0,5.0,2.0,4.0,2.0,4.0,2.0,4.0,4.0,2.0,2.0,0.0,0.0,0.0,0.0,1.0,0.0,1.0,77.5,3,7.0,7.0,0.5
351,64.0,1.0,SP,16.0,0.0,0.0,2500.0,2.0,2.0,7.0,5.0,6.0,6.0,7.0,6.0,2.0,7.0,7.0,7.0,3.0,3.0,3.0,4.0,2.0,3.0,5.0,5.0,1.0,1.0,1.0,1.0,1.0,0.0,1.0,1.0,0.0,4.0,108.0,3,7.0,7.0,0.0
352,40.0,1.0,RJ,16.0,1.0,0.0,2500.0,2.0,1.0,7.0,7.0,4.0,5.0,2.0,2.0,7.0,7.0,1.0,1.0,2.0,5.0,4.0,4.0,2.0,3.0,2.0,4.0,4.0,2.0,3.0,1.0,1.0,0.0,1.0,1.0,0.0,4.0,90.0,3,7.0,7.0,0.5
353,34.0,1.0,SP,11.0,1.0,1.0,4500.0,1.0,0.0,5.0,5.0,2.0,5.0,7.0,5.0,2.0,5.0,5.0,5.0,2.0,3.0,5.0,2.0,2.0,4.0,4.0,4.0,2.0,2.0,3.0,1.0,0.0,0.0,0.0,1.0,0.0,2.0,85.0,3,7.0,7.0,1.0
354,23.0,1.0,PB,14.0,1.0,0.0,2500.0,3.0,2.0,7.0,3.0,7.0,4.0,7.0,4.0,3.0,7.0,7.0,7.0,3.0,2.0,4.0,4.0,4.0,5.0,4.0,5.0,3.0,2.0,2.0,1.0,1.0,0.0,1.0,1.0,0.0,4.0,109.0,3,7.0,7.0,0.3333333333333333
355,58.0,1.0,BA,16.0,0.0,1.0,4500.0,2.0,1.0,7.0,5.0,5.0,7.0,7.0,6.0,5.0,0.0,2.0,2.0,3.0,4.0,4.0,3.0,3.0,4.0,3.0,4.0,3.0,3.0,3.0,1.0,0.0,0.0,1.0,1.0,0.0,3.0,73.0,3,7.0,7.0,0.5
356,56.0,1.0,BA,16.0,1.0,1.0,6500.0,2.0,1.0,7.0,7.0,7.0,5.0,7.0,4.0,5.0,7.0,2.0,7.0,3.0,3.0,3.0,5.0,3.0,3.0,4.0,3.0,4.0,2.0,2.0,1.0,1.0,0.0,1.0,1.0,0.0,4.0,107.5,3,7.0,7.0,0.5
357,34.0,1.0,TO,14.0,1.0,1.0,1500.0,1.0,1.0,7.0,4.0,7.0,4.0,7.0,7.0,5.0,4.0,7.0,5.0,2.0,1.0,2.0,3.0,2.0,4.0,2.0,2.0,2.0,2.0,2.0,0.0,0.0,0.0,0.0,1.0,0.0,1.0,96.0,3,7.0,7.0,0.0
358,48.0,0.0,BA,16.0,0.0,1.0,4500.0,2.0,1.0,5.0,5.0,5.0,5.0,5.0,5.0,6.0,6.0,0.0,2.0,4.0,4.0,4.0,4.0,3.0,4.0,4.0,3.0,4.0,2.0,4.0,1.0,0.0,0.0,0.0,0.0,0.0,1.0,92.0,3,7.0,7.0,0.5
359,38.0,1.0,BA,16.0,1.0,1.0,4500.0,1.0,1.0,4.0,2.0,4.0,3.0,5.0,3.0,7.0,7.0,7.0,7.0,2.0,4.0,5.0,4.0,3.0,5.0,4.0,4.0,4.0,2.0,5.0,1.0,1.0,0.0,0.0,0.0,0.0,2.0,95.0,3,6.0,7.0,0.0
360,66.0,1.0,RJ,16.0,1.0,0.0,6500.0,2.0,1.0,7.0,2.0,7.0,7.0,7.0,0.0,7.0,7.0,7.0,0.0,5.0,5.0,5.0,5.0,5.0,5.0,4.0,4.0,5.0,4.0,4.0,1.0,0.0,0.0,0.0,0.0,0.0,1.0,108.5,3,7.0,7.0,0.5
361,48.0,0.0,SP,16.0,1.0,1.0,1500.0,4.0,3.0,5.0,3.0,5.0,3.0,2.0,6.0,3.0,5.0,7.0,6.0,3.0,2.0,2.0,2.0,1.0,3.0,3.0,4.0,3.0,1.0,3.0,1.0,0.0,0.0,0.0,0.0,0.0,1.0,88.5,3,7.0,7.0,0.25
362,67.0,1.0,RJ,14.0,0.0,0.0,2500.0,2.0,0.0,1.0,7.0,7.0,7.0,7.0,7.0,7.0,4.0,3.0,2.0,5.0,4.0,2.0,5.0,3.0,5.0,5.0,5.0,5.0,2.0,3.0,1.0,0.0,0.0,0.0,0.0,0.0,1.0,95.5,3,7.0,7.0,1.0
363,61.0,1.0,MG,12.0,1.0,0.0,1500.0,1.0,1.0,7.0,3.0,7.0,7.0,7.0,7.0,2.0,7.0,0.0,7.0,4.0,4.0,5.0,1.0,1.0,5.0,1.0,4.0,1.0,1.0,3.0,1.0,1.0,0.0,0.0,1.0,0.0,3.0,108.5,3,7.0,7.0,0.0
364,52.0,1.0,SP,11.0,0.0,1.0,2500.0,6.0,4.0,7.0,0.0,7.0,3.0,4.0,7.0,2.0,0.0,7.0,7.0,5.0,4.0,5.0,5.0,4.0,5.0,5.0,4.0,2.0,1.0,3.0,1.0,1.0,0.0,0.0,1.0,0.0,3.0,77.0,3,7.0,7.0,0.3333333333333333
365,52.0,1.0,PB,16.0,0.0,0.0,4500.0,3.0,2.0,7.0,3.0,3.0,7.0,7.0,4.0,3.0,0.0,7.0,1.0,4.0,3.0,5.0,5.0,3.0,5.0,2.0,4.0,4.0,3.0,5.0,1.0,0.0,0.0,1.0,0.0,0.0,2.0,69.0,3,7.0,7.0,0.3333333333333333
366,47.0,1.0,MG,16.0,0.0,1.0,6500.0,2.0,2.0,7.0,7.0,7.0,7.0,4.0,7.0,3.0,0.0,7.0,1.0,5.0,5.0,5.0,5.0,3.0,4.0,5.0,4.0,4.0,1.0,2.0,1.0,0.0,0.0,0.0,0.0,0.0,1.0,78.0,3,7.0,7.0,0.0
367,47.0,1.0,MG,9.0,1.0,0.0,2500.0,1.0,0.0,7.0,5.0,7.0,7.0,7.0,7.0,0.0,7.0,7.0,1.0,5.0,4.0,4.0,2.0,2.0,3.0,2.0,2.0,2.0,2.0,2.0,0.0,0.0,0.0,1.0,0.0,0.0,1.0,109.0,3,7.0,7.0,1.0
368,65.0,1.0,SP,16.0,1.0,0.0,1500.0,2.0,1.0,7.0,7.0,7.0,5.0,7.0,7.0,7.0,0.0,0.0,5.0,5.0,5.0,5.0,5.0,2.0,4.0,5.0,4.0,5.0,2.0,5.0,1.0,0.0,1.0,0.0,0.0,0.0,2.0,77.5,3,7.0,7.0,0.5
369,54.0,1.0,GO,16.0,1.0,1.0,6500.0,3.0,3.0,4.0,6.0,5.0,4.0,6.0,3.0,5.0,7.0,2.0,3.0,2.0,1.0,3.0,3.0,2.0,1.0,1.0,4.0,2.0,2.0,1.0,1.0,0.0,0.0,1.0,1.0,0.0,3.0,97.5,3,7.0,7.0,0.0
370,66.0,1.0,BA,16.0,1.0,0.0,6500.0,3.0,0.0,7.0,2.0,7.0,7.0,7.0,3.0,7.0,7.0,7.0,7.0,4.0,1.0,4.0,4.0,3.0,4.0,2.0,1.0,4.0,1.0,3.0,1.0,0.0,0.0,1.0,0.0,0.0,2.0,112.0,3,7.0,7.0,1.0
371,44.0,1.0,SC,12.0,0.0,0.0,8000.0,3.0,1.0,5.0,3.0,1.0,5.0,6.0,7.0,4.0,3.0,5.0,5.0,2.0,3.0,4.0,5.0,2.0,4.0,5.0,4.0,4.0,3.0,1.0,1.0,0.0,0.0,1.0,1.0,0.0,3.0,73.0,3,7.0,7.0,0.6666666666666666
372,62.0,1.0,PB,12.0,1.0,0.0,1500.0,2.0,1.0,7.0,3.0,3.0,2.0,5.0,2.0,4.0,2.0,3.0,7.0,4.0,4.0,4.0,5.0,2.0,4.0,4.0,4.0,2.0,2.0,5.0,1.0,0.0,0.0,0.0,0.0,0.0,1.0,67.0,3,7.0,6.0,0.5
373,58.0,1.0,RJ,16.0,0.0,1.0,4500.0,2.0,1.0,7.0,7.0,7.0,7.0,7.0,7.0,2.0,7.0,1.0,7.0,3.0,1.0,4.0,4.0,3.0,3.0,1.0,3.0,3.0,2.0,3.0,0.0,0.0,0.0,1.0,0.0,0.0,1.0,109.0,3,7.0,7.0,0.5
374,52.0,1.0,RS,5.0,1.0,1.0,1500.0,1.0,1.0,7.0,0.0,0.0,7.0,7.0,0.0,2.0,7.0,0.0,1.0,4.0,2.0,4.0,3.0,2.0,4.0,5.0,4.0,2.0,2.0,3.0,1.0,0.0,0.0,0.0,0.0,0.0,1.0,64.5,3,7.0,2.0,0.0
375,51.0,1.0,BA,16.0,1.0,1.0,4500.0,3.0,1.0,6.0,0.0,5.0,2.0,2.0,6.0,5.0,6.0,4.0,4.0,4.0,2.0,4.0,4.0,3.0,4.0,4.0,3.0,4.0,2.0,3.0,1.0,1.0,0.0,0.0,1.0,0.0,3.0,87.0,3,6.0,7.0,0.6666666666666666
376,53.0,1.0,DF,16.0,1.0,0.0,2500.0,2.0,1.0,5.0,5.0,5.0,5.0,3.0,4.0,1.0,5.0,5.0,5.0,3.0,3.0,2.0,3.0,2.0,2.0,2.0,2.0,2.0,1.0,2.0,1.0,1.0,0.0,1.0,1.0,0.0,4.0,82.0,3,7.0,5.0,0.5
377,58.0,1.0,PR,14.0,0.0,0.0,4500.0,3.0,2.0,5.0,1.0,5.0,5.0,5.0,3.0,3.0,5.0,5.0,5.0,4.0,4.0,5.0,5.0,4.0,5.0,4.0,4.0,4.0,1.0,2.0,1.0,0.0,0.0,0.0,0.0,0.0,1.0,86.0,3,6.0,6.0,0.3333333333333333
378,60.0,0.0,SP,16.0,1.0,0.0,1500.0,1.0,1.0,2.0,2.0,7.0,7.0,7.0,0.0,0.0,0.0,1.0,2.0,2.0,4.0,1.0,2.0,2.0,3.0,2.0,5.0,3.0,4.0,5.0,1.0,1.0,0.0,0.0,1.0,0.0,3.0,44.5,3,4.0,0.0,0.0
379,48.0,1.0,RJ,16.0,1.0,1.0,4500.0,2.0,2.0,7.0,7.0,7.0,7.0,7.0,7.0,4.0,4.0,7.0,7.0,4.0,4.0,3.0,4.0,2.0,2.0,4.0,5.0,3.0,1.0,1.0,0.0,1.0,0.0,0.0,1.0,0.0,2.0,100.0,3,7.0,7.0,0.0
380,45.0,1.0,SP,16.0,1.0,1.0,2500.0,3.0,2.0,5.0,3.0,5.0,5.0,0.0,5.0,0.0,5.0,5.0,5.0,1.0,3.0,4.0,2.0,2.0,4.0,2.0,4.0,2.0,1.0,3.0,1.0,1.0,0.0,0.0,0.0,0.0,2.0,79.0,3,7.0,5.0,0.3333333333333333
381,53.0,1.0,DF,16.0,1.0,0.0,1500.0,2.0,1.0,7.0,4.0,4.0,4.0,4.0,5.0,3.0,5.0,5.0,5.0,2.0,2.0,2.0,2.0,2.0,2.0,2.0,2.0,2.0,1.0,2.0,1.0,1.0,0.0,1.0,1.0,0.0,4.0,87.0,3,7.0,7.0,0.5
382,39.0,1.0,PR,16.0,0.0,1.0,4500.0,6.0,2.0,7.0,3.0,7.0,7.0,7.0,1.0,7.0,1.0,7.0,4.0,3.0,4.0,5.0,4.0,3.0,5.0,4.0,4.0,5.0,2.0,4.0,1.0,0.0,0.0,1.0,1.0,0.0,3.0,86.5,3,7.0,7.0,0.6666666666666666
383,62.0,1.0,SP,12.0,0.0,0.0,2500.0,3.0,1.0,2.0,3.0,5.0,7.0,5.0,5.0,2.0,7.0,4.0,4.0,3.0,3.0,3.0,3.0,3.0,3.0,5.0,4.0,3.0,3.0,3.0,0.0,1.0,0.0,0.0,1.0,0.0,2.0,97.0,3,5.0,7.0,0.6666666666666666
384,65.0,1.0,SP,16.0,1.0,1.0,10000.0,2.0,1.0,5.0,2.0,5.0,5.0,3.0,4.0,1.0,4.0,5.0,5.0,5.0,5.0,5.0,5.0,3.0,5.0,5.0,4.0,5.0,3.0,5.0,1.0,1.0,0.0,1.0,1.0,0.0,4.0,78.0,3,7.0,5.0,0.5
385,53.0,1.0,SP,22.0,0.0,1.0,8000.0,3.0,2.0,7.0,0.0,7.0,7.0,7.0,7.0,2.0,7.0,7.0,7.0,4.0,3.0,5.0,4.0,3.0,5.0,2.0,4.0,3.0,2.0,5.0,1.0,0.0,0.0,0.0,0.0,0.0,1.0,112.0,3,7.0,7.0,0.3333333333333333
386,57.0,1.0,BA,22.0,1.0,1.0,10000.0,1.0,0.0,7.0,4.0,4.0,4.0,4.0,3.0,0.0,4.0,0.0,3.0,4.0,5.0,5.0,5.0,4.0,5.0,5.0,5.0,4.0,3.0,4.0,1.0,0.0,0.0,1.0,0.0,0.0,2.0,63.5,3,7.0,3.0,1.0
387,29.0,1.0,MG,12.0,0.0,1.0,1500.0,7.0,3.0,6.0,1.0,7.0,4.0,3.0,6.0,6.0,6.0,4.0,4.0,3.0,2.0,5.0,4.0,3.0,5.0,4.0,5.0,4.0,2.0,5.0,0.0,0.0,0.0,0.0,1.0,0.0,1.0,98.0,3,7.0,7.0,0.5714285714285714
388,27.0,0.0,PR,12.0,1.0,1.0,1500.0,2.0,2.0,3.0,2.0,2.0,2.0,2.0,2.0,2.0,2.0,2.0,2.0,4.0,3.0,3.0,3.0,3.0,3.0,3.0,3.0,3.0,3.0,3.0,1.0,0.0,0.0,0.0,0.0,0.0,1.0,46.0,3,5.0,4.0,0.0
389,43.0,1.0,PR,12.0,1.0,1.0,2500.0,3.0,3.0,7.0,7.0,7.0,7.0,7.0,4.0,3.0,0.0,7.0,7.0,2.0,1.0,4.0,2.0,3.0,4.0,3.0,4.0,3.0,2.0,3.0,1.0,0.0,0.0,0.0,0.0,0.0,1.0,84.0,3,7.0,7.0,0.0
390,66.0,1.0,SP,12.0,1.0,1.0,6500.0,1.0,1.0,7.0,7.0,7.0,7.0,7.0,7.0,5.0,7.0,7.0,2.0,4.0,4.0,5.0,5.0,3.0,5.0,4.0,3.0,4.0,2.0,2.0,1.0,0.0,0.0,1.0,0.0,0.0,2.0,109.5,3,7.0,7.0,0.0
391,36.0,0.0,SP,12.0,0.0,0.0,1500.0,1.0,0.0,7.0,3.0,7.0,3.0,2.0,0.0,7.0,5.0,7.0,7.0,2.0,3.0,5.0,3.0,2.0,5.0,4.0,5.0,2.0,1.0,4.0,1.0,1.0,0.0,1.0,1.0,0.0,4.0,95.0,3,7.0,7.0,1.0
392,48.0,1.0,RN,16.0,1.0,1.0,2500.0,2.0,1.0,7.0,3.0,5.0,3.0,5.0,7.0,3.0,7.0,5.0,4.0,2.0,3.0,2.0,2.0,2.0,3.0,2.0,2.0,1.0,2.0,2.0,1.0,1.0,0.0,1.0,1.0,0.0,4.0,97.5,3,7.0,7.0,0.5
393,73.0,0.0,PE,12.0,1.0,1.0,2500.0,2.0,0.0,7.0,7.0,7.0,7.0,7.0,4.0,7.0,7.0,1.0,7.0,2.0,1.0,3.0,4.0,3.0,3.0,4.0,4.0,4.0,2.0,1.0,1.0,1.0,0.0,0.0,1.0,0.0,3.0,109.0,3,7.0,7.0,1.0
394,62.0,1.0,PR,18.0,0.0,0.0,4500.0,3.0,2.0,7.0,7.0,7.0,7.0,7.0,0.0,4.0,7.0,3.0,7.0,4.0,5.0,4.0,4.0,3.0,4.0,3.0,3.0,3.0,3.0,4.0,1.0,0.0,0.0,1.0,1.0,0.0,3.0,98.0,3,7.0,4.0,0.3333333333333333
395,53.0,1.0,DF,16.0,1.0,0.0,1500.0,2.0,1.0,5.0,4.0,5.0,4.0,4.0,5.0,3.0,5.0,5.0,5.0,2.0,2.0,2.0,2.0,2.0,2.0,2.0,2.0,2.0,2.0,2.0,1.0,0.0,0.0,1.0,1.0,0.0,3.0,90.0,3,7.0,7.0,0.5
396,60.0,1.0,MG,16.0,1.0,0.0,8000.0,2.0,1.0,0.0,0.0,7.0,7.0,7.0,6.0,7.0,5.0,7.0,0.0,4.0,3.0,4.0,4.0,2.0,4.0,3.0,3.0,2.0,2.0,3.0,1.0,1.0,0.0,1.0,0.0,0.0,3.0,86.5,3,0.0,7.0,0.5
397,59.0,1.0,SP,16.0,1.0,1.0,4500.0,3.0,2.0,7.0,5.0,7.0,7.0,7.0,1.0,7.0,6.0,3.0,2.0,4.0,4.0,4.0,5.0,4.0,5.0,5.0,4.0,4.0,3.0,5.0,1.0,0.0,0.0,1.0,0.0,0.0,2.0,103.5,3,7.0,7.0,0.3333333333333333
398,46.0,0.0,MG,16.0,1.0,1.0,1500.0,2.0,2.0,7.0,3.0,3.0,3.0,2.0,4.0,2.0,3.0,5.0,3.0,3.0,3.0,5.0,3.0,3.0,5.0,3.0,4.0,3.0,2.0,3.0,1.0,0.0,0.0,1.0,1.0,0.0,3.0,68.0,3,7.0,6.0,0.0
399,22.0,0.0,DF,12.0,1.0,0.0,1500.0,2.0,1.0,5.0,4.0,5.0,5.0,4.0,5.0,3.0,5.0,5.0,5.0,2.0,2.0,2.0,2.0,2.0,2.0,2.0,2.0,2.0,2.0,2.0,1.0,1.0,0.0,1.0,1.0,0.0,4.0,91.0,3,7.0,7.0,0.5
400,60.0,1.0,PI,16.0,0.0,1.0,4500.0,6.0,3.0,7.0,4.0,4.0,6.0,7.0,7.0,2.0,7.0,7.0,3.0,4.0,4.0,5.0,4.0,3.0,5.0,4.0,2.0,4.0,2.0,3.0,1.0,0.0,0.0,0.0,0.0,0.0,1.0,100.0,3,7.0,7.0,0.5
401,49.0,0.0,RJ,16.0,0.0,1.0,2500.0,5.0,3.0,7.0,2.0,4.0,3.0,2.0,7.0,3.0,1.0,7.0,7.0,1.0,2.0,3.0,4.0,2.0,3.0,1.0,4.0,2.0,2.0,2.0,1.0,0.0,0.0,0.0,0.0,0.0,1.0,70.0,3,7.0,7.0,0.4
402,53.0,1.0,SP,16.0,0.0,1.0,4500.0,2.0,2.0,0.0,7.0,7.0,7.0,7.0,2.0,7.0,0.0,0.0,2.0,5.0,2.0,5.0,5.0,5.0,5.0,5.0,5.0,5.0,4.0,4.0,1.0,0.0,0.0,0.0,0.0,0.0,1.0,78.0,3,7.0,7.0,0.0
403,43.0,1.0,MG,16.0,0.0,1.0,4500.0,2.0,2.0,7.0,2.0,4.0,4.0,6.0,6.0,3.0,0.0,3.0,4.0,4.0,3.0,4.0,4.0,3.0,4.0,4.0,5.0,4.0,3.0,4.0,1.0,1.0,0.0,0.0,1.0,0.0,3.0,67.5,3,7.0,7.0,0.0
404,35.0,1.0,GO,14.0,0.0,1.0,4500.0,4.0,2.0,7.0,1.0,7.0,5.0,5.0,3.0,7.0,3.0,7.0,3.0,2.0,1.0,1.0,4.0,3.0,1.0,2.0,2.0,2.0,1.0,1.0,1.0,1.0,0.0,0.0,1.0,0.0,3.0,90.0,3,7.0,7.0,0.5
405,64.0,1.0,SP,14.0,0.0,0.0,2500.0,2.0,2.0,6.0,4.0,7.0,7.0,7.0,7.0,3.0,6.0,7.0,2.0,4.0,4.0,5.0,5.0,5.0,5.0,5.0,5.0,4.0,4.0,5.0,1.0,1.0,0.0,1.0,1.0,0.0,4.0,105.5,3,7.0,7.0,0.0
406,55.0,1.0,RJ,12.0,1.0,0.0,1500.0,2.0,1.0,7.0,3.0,3.0,5.0,7.0,4.0,2.0,5.0,7.0,3.0,4.0,3.0,4.0,3.0,2.0,3.0,4.0,3.0,2.0,1.0,3.0,1.0,0.0,0.0,0.0,1.0,0.0,2.0,84.0,3,7.0,6.0,0.5
407,37.0,1.0,MA,16.0,0.0,0.0,4500.0,2.0,1.0,7.0,6.0,6.0,7.0,5.0,7.0,3.0,4.0,7.0,7.0,2.0,2.0,4.0,4.0,3.0,4.0,4.0,5.0,4.0,4.0,5.0,1.0,1.0,0.0,1.0,1.0,0.0,4.0,95.0,3,7.0,7.0,0.5
408,29.0,1.0,PI,14.0,1.0,1.0,1500.0,5.0,4.0,7.0,7.0,7.0,7.0,3.0,7.0,5.0,4.0,7.0,7.0,4.0,3.0,3.0,4.0,2.0,5.0,3.0,4.0,3.0,1.0,5.0,1.0,1.0,0.0,0.0,0.0,0.0,2.0,96.0,3,7.0,7.0,0.2
409,52.0,1.0,MG,16.0,1.0,1.0,2500.0,3.0,2.0,6.0,1.0,5.0,4.0,0.0,4.0,1.0,7.0,2.0,3.0,2.0,1.0,3.0,3.0,3.0,3.0,4.0,1.0,4.0,2.0,1.0,1.0,1.0,0.0,0.0,1.0,0.0,3.0,83.5,3,7.0,5.0,0.3333333333333333
410,47.0,1.0,RN,12.0,1.0,0.0,2500.0,2.0,1.0,7.0,1.0,4.0,5.0,7.0,7.0,7.0,0.0,0.0,3.0,4.0,2.0,1.0,2.0,2.0,4.0,4.0,2.0,4.0,2.0,4.0,1.0,0.0,0.0,0.0,0.0,0.0,1.0,67.5,3,7.0,7.0,0.5
411,53.0,1.0,RS,5.0,0.0,0.0,1500.0,3.0,1.0,7.0,5.0,2.0,4.0,6.0,5.0,2.0,2.0,3.0,4.0,4.0,4.0,4.0,5.0,5.0,5.0,4.0,4.0,3.0,3.0,1.0,1.0,1.0,0.0,1.0,1.0,0.0,4.0,69.5,3,7.0,7.0,0.6666666666666666
412,54.0,0.0,PR,5.0,1.0,1.0,2500.0,4.0,2.0,7.0,0.0,7.0,4.0,0.0,7.0,5.0,0.0,7.0,0.0,2.0,4.0,2.0,4.0,2.0,5.0,4.0,4.0,3.0,1.0,1.0,1.0,0.0,0.0,0.0,0.0,0.0,1.0,70.5,3,7.0,7.0,0.5
413,52.0,1.0,MG,14.0,1.0,1.0,2500.0,3.0,2.0,4.0,2.0,4.0,4.0,0.0,5.0,1.0,6.0,2.0,3.0,3.0,2.0,2.0,4.0,1.0,2.0,4.0,1.0,4.0,2.0,1.0,1.0,1.0,0.0,0.0,1.0,0.0,3.0,78.5,3,6.0,6.0,0.3333333333333333
414,48.0,1.0,CE,12.0,0.0,1.0,1500.0,5.0,2.0,7.0,7.0,7.0,5.0,6.0,7.0,3.0,5.0,7.0,4.0,4.0,2.0,5.0,4.0,4.0,5.0,5.0,5.0,2.0,2.0,4.0,1.0,0.0,0.0,1.0,1.0,0.0,3.0,99.5,3,7.0,7.0,0.6
415,67.0,1.0,GO,18.0,1.0,1.0,4500.0,4.0,2.0,3.0,2.0,3.0,7.0,7.0,3.0,7.0,5.0,4.0,5.0,5.0,5.0,5.0,5.0,4.0,5.0,5.0,5.0,4.0,1.0,1.0,1.0,1.0,0.0,1.0,1.0,0.0,4.0,85.5,3,5.0,7.0,0.5
416,55.0,1.0,BA,9.0,0.0,0.0,1500.0,3.0,1.0,2.0,4.0,1.0,0.0,2.0,3.0,6.0,0.0,4.0,2.0,4.0,3.0,5.0,2.0,2.0,5.0,4.0,4.0,2.0,2.0,3.0,1.0,0.0,0.0,0.0,1.0,0.0,2.0,48.0,3,6.0,7.0,0.6666666666666666
417,41.0,1.0,PE,16.0,0.0,0.0,4500.0,2.0,1.0,7.0,7.0,7.0,7.0,7.0,0.0,7.0,7.0,7.0,4.0,4.0,5.0,5.0,4.0,2.0,5.0,4.0,4.0,4.0,4.0,5.0,1.0,0.0,0.0,1.0,1.0,0.0,3.0,110.5,3,7.0,7.0,0.5
418,60.0,0.0,PE,12.0,0.0,1.0,1500.0,3.0,1.0,7.0,0.0,7.0,3.0,1.0,7.0,4.0,2.0,6.0,5.0,1.0,2.0,4.0,4.0,2.0,4.0,3.0,3.0,1.0,2.0,4.0,1.0,0.0,0.0,0.0,0.0,0.0,1.0,80.5,3,7.0,7.0,0.6666666666666666
419,37.0,0.0,MS,16.0,1.0,1.0,4500.0,2.0,1.0,7.0,4.0,7.0,6.0,2.0,6.0,4.0,4.0,7.0,5.0,3.0,4.0,3.0,4.0,3.0,4.0,4.0,4.0,4.0,3.0,3.0,1.0,1.0,0.0,1.0,1.0,0.0,4.0,93.0,3,7.0,7.0,0.5
420,38.0,1.0,SP,12.0,1.0,0.0,1500.0,3.0,1.0,7.0,0.0,3.0,4.0,2.0,0.0,3.0,0.0,7.0,7.0,2.0,2.0,4.0,2.0,1.0,4.0,2.0,2.0,3.0,1.0,4.0,1.0,0.0,0.0,0.0,0.0,0.0,1.0,48.0,3,7.0,3.0,0.6666666666666666
421,46.0,1.0,SP,16.0,1.0,1.0,2500.0,5.0,2.0,7.0,4.0,5.0,5.0,4.0,5.0,5.0,5.0,5.0,3.0,3.0,3.0,4.0,3.0,2.0,3.0,4.0,4.0,3.0,3.0,3.0,0.0,1.0,0.0,0.0,1.0,0.0,2.0,90.0,3,7.0,7.0,0.6
422,43.0,1.0,MA,12.0,0.0,1.0,1500.0,4.0,2.0,4.0,2.0,7.0,7.0,7.0,7.0,7.0,7.0,7.0,7.0,5.0,5.0,5.0,5.0,5.0,5.0,5.0,5.0,5.0,3.0,5.0,1.0,0.0,0.0,0.0,0.0,0.0,1.0,110.0,3,6.0,7.0,0.5
423,51.0,1.0,MG,16.0,0.0,0.0,1500.0,3.0,1.0,7.0,7.0,7.0,7.0,7.0,7.0,7.0,7.0,7.0,7.0,5.0,5.0,5.0,5.0,2.0,5.0,5.0,5.0,5.0,1.0,3.0,0.0,0.0,0.0,0.0,1.0,0.0,1.0,112.0,3,7.0,7.0,0.6666666666666666
424,42.0,1.0,GO,16.0,0.0,0.0,4500.0,4.0,1.0,7.0,2.0,7.0,7.0,7.0,7.0,1.0,7.0,7.0,7.0,3.0,2.0,1.0,2.0,2.0,2.0,2.0,3.0,2.0,1.0,1.0,1.0,0.0,0.0,0.0,1.0,0.0,2.0,112.0,3,7.0,7.0,0.75
425,38.0,1.0,SP,14.0,0.0,0.0,1500.0,6.0,4.0,7.0,2.0,2.0,7.0,7.0,1.0,7.0,1.0,2.0,2.0,4.0,3.0,5.0,4.0,2.0,5.0,3.0,4.0,4.0,2.0,5.0,1.0,0.0,0.0,1.0,1.0,0.0,3.0,68.0,3,7.0,7.0,0.3333333333333333
426,33.0,1.0,PE,14.0,1.0,1.0,4500.0,1.0,1.0,7.0,3.0,5.0,7.0,5.0,5.0,7.0,3.0,7.0,2.0,3.0,3.0,4.0,4.0,2.0,3.0,2.0,4.0,4.0,4.0,5.0,1.0,0.0,0.0,0.0,1.0,0.0,2.0,85.5,3,7.0,7.0,0.0
427,21.0,0.0,PE,14.0,1.0,1.0,27500.0,4.0,2.0,7.0,5.0,7.0,7.0,7.0,7.0,7.0,7.0,7.0,1.0,4.0,1.0,1.0,5.0,2.0,5.0,5.0,1.0,5.0,1.0,1.0,0.0,0.0,0.0,0.0,1.0,0.0,1.0,109.0,3,7.0,7.0,0.5
428,27.0,0.0,PE,16.0,1.0,1.0,10000.0,2.0,2.0,7.0,2.0,2.0,5.0,2.0,2.0,7.0,7.0,7.0,7.0,4.0,4.0,4.0,4.0,1.0,3.0,4.0,5.0,5.0,3.0,3.0,1.0,1.0,0.0,0.0,1.0,0.0,3.0,90.0,3,7.0,7.0,0.0
429,60.0,0.0,CE,16.0,0.0,1.0,8000.0,3.0,3.0,7.0,3.0,6.0,5.0,7.0,7.0,6.0,6.0,7.0,7.0,3.0,1.0,3.0,4.0,2.0,3.0,2.0,3.0,1.0,1.0,1.0,1.0,1.0,0.0,0.0,1.0,0.0,3.0,103.0,3,7.0,7.0,0.0
430,32.0,1.0,CE,11.0,0.0,1.0,1500.0,5.0,2.0,3.0,0.0,7.0,3.0,2.0,3.0,5.0,3.0,2.0,5.0,4.0,4.0,3.0,2.0,2.0,3.0,2.0,4.0,2.0,4.0,1.0,1.0,1.0,0.0,0.0,0.0,0.0,2.0,75.5,3,3.0,7.0,0.6
