AGE;GENDER;EDU;MARRY;JOB;INCOME;HOUSE;OWN;CHILD;TEEN;ADULT;PET;STATE;POP;LIST;SHOP;STORE1;LABEL;STORE2;LUNCH;COOK;CHECK;MAID;LEFT1;LEFT2;FREEZE1;FREEZE2;OUT;READY;WASTE1;WASTE2;HARD;AVOID;FOOD1;FOOD2;DISC1;EXPIRED;SPOILED;DISLK;BADCK;NKEEP1;NKEEP2;DISC2;CERE;ROOTS;BEANS;MILK;PROTE;FRUIT;SWEET;DRINK;DISH;BREAD
19;1;14;1;0;10000;1;1;0;0;5;1;PE;1653461;4;4;7;5;3;4;4;4;0;4;4;2;3;3;3;4;4;2;1;3;2;1;0;1;0;0;0;0;1;0;0;1;0;0;0;0;0;0;0
62;1;16;0;0;4500;0;1;0;0;4;0;PB;817511;4;4;15;4;2;5;4;5;0;4;5;2;4;3;3;4;4;4;2;3;2;0;0;0;0;0;0;0;0;0;0;0;0;0;0;0;0;0;0
52;1;16;1;0;2500;1;1;0;1;1;1;DF;3055149;4;2;30;5;5;5;5;5;0;5;4;3;4;2;2;5;5;4;3;3;2;3;1;1;0;0;0;1;0;0;0;0;0;0;0;0;0;0;0
28;0;16;0;1;2500;1;1;2;0;2;1;PE;354317;4;4;15;3;2;4;4;1;0;3;3;2;2;4;2;3;4;3;2;4;3;3;1;1;0;0;0;1;4;0;0;1;0;1;0;0;0;1;1
44;1;16;0;1;8000;1;1;0;0;3;1;RJ;44518;4;4;7;5;5;5;5;2;0;5;4;2;2;2;2;4;5;5;4;2;2;1;0;1;0;0;0;0;1;0;1;0;0;0;0;0;0;0;0
45;1;14;0;0;4500;1;1;0;0;2;1;SP;1213792;4;4;7;5;5;5;5;4;0;5;5;3;3;3;3;5;5;4;3;3;2;2;0;1;0;1;0;0;3;1;1;0;0;0;0;0;0;0;1
33;0;12;0;1;1500;1;0;1;0;2;0;RN;300618;4;4;15;5;5;5;5;5;0;5;4;5;4;3;2;4;5;5;3;4;2;1;0;1;0;0;0;0;1;0;0;0;1;0;0;0;0;0;0
33;1;5;0;0;1500;1;0;1;0;2;0;RN;300618;4;4;15;5;5;5;5;5;0;4;3;3;1;2;3;4;5;5;4;1;1;0;0;0;0;0;0;0;0;0;0;0;0;0;0;0;0;0;0
64;1;16;0;1;10000;0;1;0;0;2;0;PE;1653461;4;4;7;3;2;4;4;5;0;4;5;4;2;3;2;4;5;5;5;3;2;1;1;0;0;0;0;0;2;0;0;0;1;0;1;0;0;0;0
34;1;16;1;1;2500;1;1;1;1;2;0;PE;393115;3;3;30;5;5;4;4;5;0;5;3;2;2;2;2;4;4;3;3;3;3;2;1;1;0;0;0;0;3;1;1;0;0;0;1;0;0;0;0
32;1;17;0;1;13500;0;0;0;0;2;0;PE;1653461;4;3;30;1;2;5;4;1;0;4;4;5;2;3;1;4;4;4;4;3;2;1;0;1;0;0;0;0;1;0;0;0;0;0;1;0;0;0;0
42;1;11;0;0;1500;1;0;0;1;2;1;SP;6977;4;3;15;5;4;3;4;5;0;5;5;1;2;3;2;4;5;5;5;2;1;0;0;0;0;0;0;0;0;0;0;0;0;0;0;0;0;0;0
56;1;16;0;1;2500;1;1;0;0;4;1;CE;210711;1;3;30;3;2;4;3;3;1;5;4;3;3;3;3;4;5;3;2;2;1;0;0;0;0;0;0;0;0;0;0;0;0;0;0;0;0;0;0
66;1;12;1;0;2500;1;1;1;0;1;1;SP;1213792;4;3;30;5;5;5;5;5;0;5;4;4;5;2;2;5;5;5;5;2;2;1;0;1;0;0;0;0;0;0;0;0;0;0;0;0;0;0;0
43;1;12;1;1;2500;1;0;1;0;2;1;PE;334376;2;4;15;5;3;5;5;3;0;3;1;2;2;2;3;4;4;4;5;3;2;1;0;0;0;0;0;1;0;0;0;0;0;0;0;0;0;0;0
36;1;14;1;0;1500;0;0;0;0;3;0;BA;2886698;4;4;30;1;1;4;5;5;0;5;4;3;3;2;2;4;5;1;4;1;1;0;0;0;0;0;0;0;0;0;0;0;0;0;0;0;0;0;0
42;1;16;0;1;10000;1;1;0;0;2;1;RS;211352;4;4;7;2;1;5;2;1;0;5;3;4;3;4;2;4;4;5;5;3;2;2;0;1;1;0;0;0;0;0;0;0;0;0;0;0;0;0;0
31;0;17;1;1;1500;1;0;0;2;2;1;PB;817511;3;4;15;2;1;1;4;1;0;4;5;5;3;2;2;3;3;4;3;2;2;3;1;1;0;1;0;0;2;0;0;0;1;1;0;0;0;0;0
50;1;16;1;1;2500;0;1;0;0;2;1;PE;140577;4;4;7;5;5;5;5;4;0;5;5;3;4;2;2;5;5;3;3;3;2;1;0;0;1;0;0;0;1;0;0;0;0;0;0;0;0;1;0
34;1;17;0;1;10000;1;1;0;0;2;1;PE;76687;3;4;15;2;2;5;5;4;0;5;5;4;4;3;3;4;5;5;3;2;2;2;1;1;0;0;0;0;1;0;0;0;0;0;1;0;0;0;0
40;1;12;1;0;4500;1;1;0;0;2;1;MG;668949;4;4;15;5;5;5;5;5;0;4;4;4;1;3;3;4;5;4;4;3;2;1;0;1;0;0;0;0;1;0;0;0;0;0;1;0;0;0;0
52;1;16;1;1;1500;1;0;0;0;1;0;PE;140577;1;4;30;5;1;5;5;5;0;3;5;2;1;2;3;3;3;1;1;3;2;1;0;0;0;0;0;1;1;0;0;1;0;0;0;0;0;0;0
60;1;12;0;0;4500;1;1;1;1;2;1;SP;12325232;4;3;30;3;4;4;4;4;0;4;4;4;2;2;2;4;4;4;3;2;2;1;0;0;1;0;0;0;0;0;0;0;0;0;0;0;0;0;0
46;1;18;0;1;8000;1;0;0;1;5;0;PE;140577;4;4;45;5;4;3;3;3;1;5;5;2;2;2;3;4;5;4;4;4;3;2;1;1;0;0;0;0;3;0;0;0;1;1;0;0;0;1;0
23;0;16;1;1;2500;1;0;0;0;2;1;PE;140577;3;3;30;5;4;5;3;3;0;4;5;4;4;1;2;4;4;4;3;2;2;2;1;1;0;0;0;0;1;0;0;0;0;0;0;0;0;0;1
55;1;18;1;1;4500;1;1;1;2;3;1;PE;140577;4;4;15;4;4;4;5;4;1;4;5;4;2;3;3;4;5;4;4;2;2;1;0;0;1;0;0;0;1;0;0;0;0;0;0;0;0;0;1
51;1;22;0;1;19000;0;1;0;1;4;1;PE;1653461;3;3;30;2;2;5;5;2;1;4;4;2;2;3;3;3;3;5;3;4;2;2;1;1;0;0;0;0;2;1;0;1;0;0;0;0;0;0;0
48;1;22;0;1;10000;1;1;0;1;2;1;PE;140577;4;4;30;5;3;5;5;3;0;4;5;3;4;3;4;4;4;2;2;3;2;1;0;1;0;0;0;0;3;0;0;1;0;0;1;0;0;0;1
26;1;14;1;0;1500;1;0;0;0;2;1;CE;39044;4;4;7;5;5;5;2;2;0;3;3;1;1;2;2;4;4;3;2;2;2;1;0;1;0;0;0;0;1;0;1;0;0;0;0;0;0;0;0
66;1;14;1;0;1500;0;0;1;0;2;0;RJ;6747815;5;4;15;5;3;5;5;5;0;5;4;4;4;2;2;4;5;5;5;2;2;1;0;1;0;0;0;0;0;0;0;0;0;0;0;0;0;0;0
52;0;9;0;0;1500;1;1;0;0;3;0;PE;1653461;2;3;15;5;3;5;3;1;0;3;5;2;5;2;1;4;5;4;2;2;2;1;1;0;0;0;0;0;0;0;0;0;0;0;0;0;0;0;0
43;1;17;0;1;10000;1;1;1;0;3;0;PE;140577;2;4;7;4;4;2;4;2;0;4;4;3;3;2;2;4;4;5;3;4;2;1;0;1;0;0;0;0;2;0;0;1;1;0;0;0;0;0;0
50;0;17;0;1;4500;0;0;1;0;2;0;PE;140577;4;4;15;5;2;5;4;2;0;5;4;2;4;3;3;4;5;3;3;3;2;2;0;1;1;0;0;0;4;0;0;1;1;0;1;0;0;1;0
40;1;12;1;0;1500;1;0;1;1;1;0;PE;1653461;5;3;15;5;2;5;5;3;0;5;5;4;3;2;1;4;5;3;3;2;2;1;1;0;0;0;0;0;0;0;0;0;0;0;0;0;0;0;0
51;0;18;0;1;4500;1;0;2;2;3;1;PE;140577;2;4;30;5;4;5;4;4;0;3;3;3;2;2;2;4;5;5;5;2;2;0;0;0;0;0;0;0;1;0;0;0;0;1;0;0;0;0;0
46;1;17;1;1;8000;0;1;0;0;3;0;PE;140577;3;4;7;4;4;4;3;4;1;4;3;2;3;3;3;4;4;5;3;3;3;2;0;1;0;0;1;0;1;0;0;0;0;0;1;0;0;0;0
18;1;14;1;0;10000;0;1;0;1;3;0;PE;1653461;4;4;15;5;1;5;2;2;0;4;5;2;4;2;3;4;3;4;2;3;2;1;1;0;0;0;0;0;1;0;0;0;1;0;0;0;0;0;0
43;1;20;0;1;19000;1;1;0;2;3;0;PE;140577;4;3;7;5;3;3;2;2;1;4;5;3;5;3;3;4;4;4;3;2;2;1;0;1;0;0;0;0;2;0;0;0;1;0;1;0;0;0;0
64;1;18;0;1;6500;0;1;0;0;3;0;PE;140577;4;4;15;5;4;5;4;4;1;5;3;2;4;4;2;5;5;3;5;2;2;2;0;1;0;0;0;1;0;0;0;0;0;0;0;0;0;0;0
39;1;16;0;1;6500;1;1;2;0;2;0;PE;354317;3;3;15;1;1;5;4;5;0;5;3;1;1;4;2;4;5;5;4;3;2;1;0;1;0;0;0;0;0;0;0;0;0;0;0;0;0;0;0
31;1;16;0;1;1500;0;0;1;1;2;0;DF;3055149;4;4;5;4;3;4;4;4;0;4;4;3;3;2;2;4;4;3;3;3;2;1;0;1;0;0;0;0;2;0;1;0;0;0;1;0;0;0;0
41;1;16;0;1;8000;0;1;1;0;2;0;MG;2521564;4;4;7;5;4;5;4;2;0;5;5;4;5;3;3;4;4;4;3;2;2;1;0;1;0;0;0;0;1;0;0;0;0;0;1;0;0;0;0
36;1;12;1;1;1500;1;1;0;2;3;1;CE;2686612;4;3;15;5;3;5;3;3;0;5;5;4;4;2;2;4;3;3;3;3;2;1;0;0;0;0;1;0;0;0;0;0;0;0;0;0;0;0;0
67;1;9;1;1;4500;0;1;0;0;1;0;BA;213685;4;4;7;5;1;2;2;1;0;5;4;5;2;3;2;4;4;5;4;1;2;1;0;1;0;0;0;0;1;0;1;0;0;0;0;0;0;0;0
19;1;14;1;0;1500;0;0;0;0;2;0;PE;706867;4;4;30;4;1;1;4;1;0;4;3;5;3;3;3;4;4;5;3;3;2;1;0;0;1;0;0;0;1;1;0;0;0;0;0;0;0;0;0
54;1;17;0;0;41250;1;1;0;1;6;1;PE;1653461;4;4;30;3;3;5;2;4;1;5;5;4;4;2;3;4;5;4;3;2;2;0;0;0;0;0;0;0;0;0;0;0;0;0;0;0;0;0;0
23;1;14;1;1;10000;1;0;0;0;4;0;PE;1653461;3;4;15;2;1;3;4;1;0;3;5;3;1;3;3;4;3;4;2;4;4;3;1;1;1;0;0;0;2;1;0;0;0;0;1;0;0;0;0
19;0;14;1;0;19000;0;1;0;1;3;0;PE;1653461;4;3;7;3;4;3;2;1;1;4;4;3;3;3;2;2;2;5;5;2;2;2;1;0;0;0;0;1;1;0;0;0;1;0;0;0;0;0;0
30;1;16;0;1;4500;0;0;0;0;2;1;PE;114079;4;3;30;4;2;4;3;2;0;5;4;4;3;3;3;4;4;4;5;2;2;1;1;0;0;0;0;0;2;0;0;1;0;0;1;0;0;0;0
42;1;14;1;1;1500;1;0;2;2;1;1;RJ;6747815;2;5;1;4;2;5;4;4;0;3;2;2;2;2;2;4;5;3;2;2;2;2;1;1;0;0;0;0;0;0;0;0;0;0;0;0;0;0;0
58;0;16;0;1;2500;1;1;0;0;3;1;PE;1653461;4;3;30;3;2;1;3;3;0;5;5;5;5;2;2;4;5;4;5;1;1;1;0;1;0;0;0;0;1;0;0;1;0;0;0;0;0;0;0
20;1;14;1;0;1500;0;1;0;0;2;0;PE;1653461;3;4;7;2;2;5;2;4;0;5;5;4;2;3;3;4;4;3;4;2;2;1;0;0;1;0;0;0;2;0;0;0;0;0;1;0;0;1;0
50;1;12;1;1;2500;1;1;0;0;3;1;PE;1653461;4;4;30;5;4;5;5;5;0;5;5;5;4;5;2;5;5;5;5;2;2;1;0;1;0;0;0;0;2;1;0;1;0;0;0;0;0;0;0
42;0;12;1;1;4500;0;0;0;2;1;1;PE;354317;4;4;30;3;2;3;3;3;0;4;3;4;4;3;3;3;3;4;3;3;2;1;0;1;0;0;0;0;1;0;1;0;0;0;0;0;0;0;0
49;1;22;0;1;13500;1;1;2;2;2;1;SP;65570;2;4;3;3;3;4;4;2;1;5;5;3;5;2;2;5;5;5;5;3;2;1;0;1;0;0;0;0;1;0;0;0;0;0;1;0;0;0;0
58;1;16;0;1;2500;1;1;0;1;2;1;SP;11447;4;4;5;2;2;5;5;5;0;5;5;4;2;2;2;4;5;5;5;1;1;0;0;0;0;0;0;0;0;0;0;0;0;0;0;0;0;0;0
35;1;18;1;1;1500;0;0;0;0;1;0;PE;1653461;4;3;15;4;5;4;5;4;0;4;4;4;4;1;4;4;4;4;4;2;2;1;0;1;0;0;0;0;4;1;1;1;0;0;1;0;0;0;0
22;1;14;1;0;13500;1;1;0;0;3;1;SP;711825;5;4;5;3;4;5;2;1;1;5;4;4;5;2;2;4;4;5;4;2;2;1;0;1;0;0;0;0;1;0;0;0;0;0;1;0;0;0;0
25;1;14;0;1;2500;1;0;0;0;1;0;SP;122497;4;4;30;5;3;5;4;5;0;5;5;5;5;2;3;5;5;4;4;2;2;1;0;1;0;0;0;0;1;0;0;0;0;0;1;0;0;0;0
30;0;18;1;1;4500;1;1;0;0;5;0;PI;153482;4;4;15;4;4;5;1;1;0;5;3;3;4;2;2;3;4;3;5;3;2;1;0;1;0;0;0;0;1;0;0;0;0;0;1;0;0;0;0
65;1;16;0;1;8000;1;1;0;0;2;0;PE;393115;3;4;15;5;5;4;5;5;0;5;5;2;2;2;3;4;5;5;5;2;2;2;1;1;0;0;0;0;3;1;1;0;1;0;0;0;0;0;0
31;1;17;0;0;4500;0;0;0;0;2;0;PE;365278;4;4;15;4;3;4;5;3;0;5;5;4;3;2;2;4;4;4;4;2;2;1;0;1;0;0;0;0;1;0;0;0;0;0;1;0;0;0;0
25;1;16;1;0;4500;0;0;0;1;3;1;GO;391772;2;4;3;2;1;2;4;3;0;3;4;3;3;1;4;4;4;3;3;5;3;3;1;1;1;0;0;0;2;0;0;0;0;1;1;0;0;0;0
62;0;22;0;1;8000;0;1;0;0;2;1;ES;176688;4;4;5;4;4;5;4;4;0;5;4;3;2;3;3;3;4;4;4;1;1;0;0;0;0;0;0;0;0;0;0;0;0;0;0;0;0;0;0
21;1;14;0;0;1500;0;0;1;0;2;1;SC;361855;4;4;30;5;5;3;5;4;0;3;4;4;1;4;4;4;4;4;5;5;3;1;0;1;0;0;0;0;2;0;1;0;1;0;0;0;0;0;0
67;1;14;1;1;1500;0;1;0;1;2;1;PR;575377;4;3;7;1;1;2;4;5;0;5;5;3;3;3;3;4;5;4;5;1;1;0;0;0;0;0;0;0;0;0;0;0;0;0;0;0;0;0;0
57;0;22;0;1;27500;1;1;0;2;2;1;DF;3055149;4;3;7;4;3;4;4;3;1;5;5;3;4;2;4;4;4;4;3;2;2;1;0;1;0;0;0;0;1;0;0;0;0;0;1;0;0;0;0
39;1;16;0;0;13500;0;1;1;0;2;0;RJ;6747815;1;3;15;3;3;5;4;1;0;3;3;3;4;3;3;4;4;4;4;3;3;1;0;1;0;0;0;0;1;0;0;0;0;0;1;0;0;0;0
53;1;14;0;0;2500;1;1;0;0;3;1;SP;12325232;4;4;7;5;2;4;5;3;0;4;4;2;4;2;3;3;3;4;3;2;2;0;0;0;0;0;0;0;0;0;0;0;0;0;0;0;0;0;0
23;1;16;1;1;2500;1;1;0;0;3;1;SP;7852;2;5;3;5;1;1;2;3;0;1;1;3;3;2;2;3;3;1;3;5;2;1;0;0;0;0;1;0;1;0;0;0;1;0;0;0;0;0;0
55;1;22;0;1;8000;1;1;0;2;2;1;SP;55124;4;4;30;5;5;5;5;5;0;4;4;2;2;2;1;5;4;5;5;2;2;1;0;1;0;0;0;0;0;0;0;0;0;0;0;0;0;0;0
53;1;12;0;0;8000;1;1;1;0;2;1;BA;69662;4;4;15;5;4;5;5;2;0;4;2;1;2;2;2;4;4;5;5;2;2;1;0;1;0;0;0;0;1;0;1;0;0;0;0;0;0;0;0
40;1;14;0;1;8000;0;1;0;0;2;1;RJ;6747815;4;4;15;5;5;5;5;4;0;4;3;2;2;2;2;4;5;5;5;2;1;2;1;1;0;0;0;0;0;0;0;0;0;0;0;0;0;0;0
49;1;12;1;1;2500;1;1;0;0;3;0;SP;12325232;1;4;30;5;5;5;4;5;0;5;3;1;5;2;2;4;5;4;4;1;1;1;1;0;0;0;0;0;2;0;0;0;0;0;1;0;0;0;1
42;1;16;0;1;13500;0;1;1;1;2;0;SP;35738;5;3;15;5;2;5;5;5;0;5;5;2;3;4;2;4;5;5;5;2;2;2;1;1;0;0;0;0;2;0;1;1;0;0;0;0;0;0;0
27;1;16;1;0;4500;1;0;1;0;4;0;MS;906092;4;4;30;5;5;4;2;1;0;5;3;2;4;2;1;4;5;5;5;3;2;2;1;1;0;0;0;0;2;1;0;0;0;0;1;0;0;0;0
36;1;16;0;0;2500;1;0;1;0;2;1;PR;575377;1;4;15;2;4;5;5;5;0;4;4;3;5;2;2;4;4;4;5;3;2;1;0;1;0;0;0;0;1;1;0;0;0;0;0;0;0;0;0
33;1;16;0;1;4500;1;0;0;1;2;1;MG;13684;2;4;3;5;4;5;5;5;0;4;2;1;2;2;1;5;5;5;5;1;1;0;0;0;0;0;0;0;0;0;0;0;0;0;0;0;0;0;0
52;0;16;0;1;41250;0;1;0;2;4;1;PE;1653461;4;3;30;4;4;5;5;1;1;4;3;1;4;3;2;4;4;1;3;2;2;1;0;0;0;0;0;1;3;0;0;0;1;0;1;0;0;1;0
23;1;14;1;1;4500;0;1;1;0;3;1;PR;1948626;3;5;3;5;1;4;4;3;0;2;4;3;4;4;2;3;4;3;3;4;2;1;0;1;0;0;0;0;1;0;0;0;1;0;0;0;0;0;0
63;1;17;0;0;4500;1;1;0;0;3;0;PE;1653461;4;4;7;5;4;5;5;3;0;4;3;4;2;2;3;4;4;3;1;2;2;1;0;1;0;0;0;0;4;1;0;1;0;0;1;0;0;0;1
38;1;14;0;1;2500;1;1;0;2;2;1;MG;2521564;4;4;7;5;4;5;4;4;0;4;4;4;4;2;3;4;4;5;5;2;2;0;0;0;0;0;0;0;0;0;0;0;0;0;0;0;0;0;0
46;1;11;0;0;1500;1;1;4;2;2;0;SP;12325232;4;3;5;5;5;5;5;5;0;5;3;4;4;3;3;4;5;5;4;2;2;1;0;0;1;0;0;0;0;0;0;0;0;0;0;0;0;0;0
68;1;22;0;1;10000;0;1;0;0;4;0;PE;1653461;4;4;7;4;4;4;3;4;1;4;4;3;4;2;2;4;4;5;5;2;2;1;0;1;0;0;0;0;1;0;0;0;0;0;0;0;0;1;0
63;1;17;1;1;4500;1;1;0;0;1;1;SP;322750;2;4;3;2;2;5;5;3;0;5;5;5;4;1;3;5;5;5;4;1;1;0;0;0;0;0;0;0;0;0;0;0;0;0;0;0;0;0;0
39;1;22;0;1;27500;0;0;2;0;2;0;SP;12325232;4;4;7;2;2;4;2;2;1;4;4;5;4;4;4;4;4;5;2;3;2;2;1;1;0;0;0;0;1;0;0;0;0;0;1;0;0;0;0
42;1;17;0;1;6500;1;1;3;1;2;1;RJ;6747815;4;4;15;5;5;5;5;5;0;5;4;2;2;3;2;4;5;5;5;1;1;0;0;0;0;0;0;0;0;0;0;0;0;0;0;0;0;0;0
22;0;14;1;0;19000;0;0;0;0;1;0;SP;711825;4;4;15;2;1;5;4;5;0;5;5;3;4;4;3;3;5;5;5;2;2;2;1;1;0;0;0;0;1;0;0;0;0;0;1;0;0;0;0
53;1;16;0;1;8000;1;1;1;2;4;1;SP;12325232;5;4;3;4;4;5;5;4;0;4;2;1;3;2;3;5;4;4;4;1;1;1;0;1;0;0;0;0;3;0;0;1;1;0;1;0;0;0;0
67;0;16;0;1;6500;1;1;0;0;2;1;RS;256302;4;4;7;2;2;4;5;5;0;4;4;2;2;2;2;3;3;3;3;5;2;3;1;1;0;0;1;0;0;0;0;0;0;0;0;0;0;0;0
55;1;22;0;1;8000;1;1;0;0;2;0;RS;1488252;4;3;7;4;4;4;5;4;0;5;4;4;3;2;1;4;5;5;4;2;2;1;0;1;0;0;0;0;1;0;0;1;0;0;0;0;0;0;0
70;0;16;0;0;4500;1;1;0;0;2;1;SC;508826;5;3;7;3;1;5;3;1;0;4;4;2;3;3;3;4;4;4;3;3;3;2;1;1;0;0;0;0;0;0;0;0;0;0;0;0;0;0;0
58;1;17;0;0;10000;1;1;0;0;2;1;RS;39314;4;4;7;3;4;5;5;5;0;5;5;2;3;2;2;4;5;5;5;2;2;1;0;1;0;0;0;0;1;0;0;0;0;0;1;0;0;0;0
29;1;20;1;0;4500;1;0;0;0;4;1;PE;354317;4;4;5;2;3;5;4;2;0;5;4;2;3;2;2;5;2;4;3;2;2;1;0;1;0;0;0;0;3;1;0;1;0;1;0;0;0;0;0
66;1;16;0;0;4500;1;1;0;0;2;1;SC;508826;4;3;7;3;2;5;5;5;0;5;3;3;3;2;3;4;5;5;2;3;2;0;0;0;0;0;0;0;0;0;0;0;0;0;0;0;0;0;0
39;1;16;0;1;13500;0;1;0;0;2;0;SC;508826;4;3;15;5;2;5;4;1;0;5;5;4;3;4;3;5;5;5;4;3;2;2;1;1;0;0;0;0;2;1;0;0;0;0;1;0;0;0;0
30;0;12;1;0;1500;0;0;0;0;4;1;PE;706867;4;4;45;5;2;5;5;5;0;4;3;3;2;2;2;4;5;5;4;3;3;1;0;1;0;0;0;0;4;0;1;0;1;0;1;0;0;1;0
28;1;17;1;1;2500;0;0;0;0;1;1;PE;1653461;4;4;30;4;4;4;5;2;0;3;4;5;5;3;3;3;3;3;3;4;3;3;1;1;1;0;0;0;6;1;1;1;0;0;1;1;0;0;1
35;0;18;0;1;13500;1;1;0;0;4;1;PE;1653461;4;4;15;5;2;2;4;2;0;4;4;4;4;2;4;4;4;3;2;3;2;1;0;1;0;0;0;0;2;0;0;0;0;0;1;0;0;0;1
20;1;14;1;1;2500;1;1;0;1;3;1;PE;334376;3;4;30;5;2;4;4;3;0;3;3;4;4;2;2;4;3;4;3;2;2;2;1;1;0;0;0;0;2;0;0;0;1;0;1;0;0;0;0
19;1;14;1;0;4500;0;1;0;1;3;1;PE;1653461;2;2;15;2;1;5;3;3;0;4;2;5;4;3;2;4;3;2;1;2;2;2;0;1;1;0;0;0;2;0;0;1;0;0;0;0;0;0;1
22;0;14;1;0;4500;1;1;0;0;4;1;PE;84395;4;4;7;5;2;5;4;1;0;4;2;3;5;3;3;4;5;5;2;2;2;0;0;0;0;0;0;0;0;0;0;0;0;0;0;0;0;0;0
67;0;22;0;1;13500;1;1;0;0;1;1;PE;158899;4;4;5;5;5;4;4;4;0;5;5;2;3;3;2;5;5;4;1;2;1;1;0;1;0;0;0;0;1;0;1;0;0;0;0;0;0;0;0
39;1;18;0;1;13500;0;1;2;0;2;0;PE;1653461;4;2;30;5;2;5;3;1;0;5;5;5;3;2;2;4;4;4;4;2;2;1;0;1;0;0;0;0;2;0;0;0;0;0;1;0;0;0;1
29;0;14;1;0;10000;0;1;0;0;2;0;PE;1653461;4;3;30;3;3;5;5;2;0;5;3;3;4;2;2;5;5;5;3;1;1;0;0;0;0;0;0;0;0;0;0;0;0;0;0;0;0;0;0
21;1;14;1;1;8000;1;1;0;0;4;0;PE;56933;3;3;45;4;1;4;5;3;0;5;4;5;2;2;2;4;5;5;4;2;1;1;0;1;0;0;0;0;1;0;0;0;1;0;0;0;0;0;0
30;1;20;1;1;8000;1;0;0;0;3;1;PE;1653461;4;4;15;3;4;4;4;3;1;5;5;3;4;2;3;4;3;5;3;3;3;3;1;1;1;0;0;0;2;1;0;0;0;0;1;0;0;0;0
36;1;16;1;1;2500;0;0;0;0;1;1;PE;1653461;5;3;30;4;2;5;3;1;0;4;4;5;2;2;2;4;4;4;4;3;2;3;1;1;1;0;0;0;4;0;1;0;1;0;1;0;0;1;0
47;1;16;0;1;8000;0;1;2;0;2;0;SE;664908;2;4;30;5;1;5;5;2;0;5;5;2;1;3;3;4;5;5;3;2;1;1;0;1;0;0;0;0;1;0;0;0;0;0;1;0;0;0;0
32;1;18;0;1;10000;1;0;0;0;2;1;PE;1653461;4;4;7;5;5;4;4;2;0;5;5;2;3;3;3;4;5;5;5;2;2;1;0;1;0;0;0;0;1;0;0;0;0;0;1;0;0;0;0
28;0;20;1;1;6500;0;1;0;0;2;0;PE;1653461;5;4;7;3;4;4;5;5;0;5;5;5;1;2;3;5;5;5;5;2;2;2;1;1;0;0;0;0;3;1;0;0;0;0;1;0;0;1;0
30;1;16;1;1;1500;1;0;0;0;1;1;PE;1653461;4;4;15;5;5;4;5;5;0;5;5;5;3;2;2;4;5;4;4;2;2;2;0;1;1;0;0;0;1;0;0;0;0;0;1;0;0;0;0
44;0;17;0;1;27500;0;1;0;2;2;0;DF;3055149;3;4;7;5;4;2;2;1;0;4;4;1;5;4;4;3;2;2;2;4;3;2;1;0;0;0;0;1;3;1;0;1;1;0;0;0;0;0;0
44;1;14;1;0;1500;1;0;0;2;2;1;SE;664908;4;4;30;5;2;4;4;2;0;3;3;2;4;2;2;4;4;5;2;3;3;2;0;1;0;1;0;0;2;0;1;1;0;0;0;0;0;0;0
26;0;17;1;1;6500;1;1;0;0;2;1;MG;281046;2;4;3;3;4;4;4;5;0;3;3;1;2;3;4;4;4;4;4;3;2;1;0;1;0;0;0;0;2;0;0;0;1;0;1;0;0;0;0
21;1;14;1;0;4500;1;1;0;0;4;0;PE;1653461;3;4;15;5;5;5;5;5;0;4;4;3;2;4;4;3;4;2;2;3;2;2;0;1;1;0;0;0;4;0;0;0;1;0;1;0;0;1;1
22;1;17;1;1;10000;0;1;0;0;4;0;PE;706867;2;2;5;4;3;3;2;1;0;1;4;2;4;3;4;2;2;5;3;5;4;2;1;0;0;0;0;1;2;1;0;1;0;0;0;0;0;0;0
38;1;17;0;1;8000;0;1;1;0;2;0;PE;1653461;4;4;15;4;3;3;4;4;0;4;3;5;5;3;3;4;4;2;3;3;2;0;0;0;0;0;0;0;2;1;0;0;0;0;1;0;0;0;0
48;1;20;0;1;27500;1;1;1;2;4;1;SE;664908;2;4;7;4;3;2;2;1;0;1;3;2;4;3;4;5;4;4;2;2;2;1;0;1;0;0;0;0;1;0;0;0;0;0;1;0;0;0;0
23;1;17;1;0;8000;1;0;0;0;3;0;PE;1653461;4;3;15;2;5;5;5;1;0;4;4;5;5;3;2;3;4;4;3;4;3;2;1;1;0;0;0;0;2;0;0;0;0;0;1;0;0;0;1
26;0;14;1;0;4500;1;0;1;0;2;1;PE;334376;2;2;30;3;5;4;3;1;0;4;4;3;3;2;2;4;4;3;2;2;2;2;1;1;0;0;0;0;1;0;0;0;0;0;1;0;0;0;0
18;0;14;1;0;4500;1;1;0;0;2;0;PE;60042;4;2;30;1;2;5;4;4;0;4;3;2;4;2;1;4;4;3;3;2;2;1;0;1;0;0;0;0;3;0;1;0;0;0;1;0;0;0;1
27;1;18;1;1;4500;1;1;0;0;3;1;PE;1653461;5;4;7;2;2;5;3;4;0;4;3;4;5;2;2;4;4;4;1;3;3;1;0;1;0;0;0;0;6;0;1;0;1;1;1;0;0;1;1
26;1;16;0;0;4500;1;0;0;0;2;1;PB;25010;4;4;15;5;5;5;5;4;0;5;4;5;5;3;3;4;5;5;5;2;2;1;0;1;0;0;0;0;4;0;1;0;1;0;1;0;0;0;1
28;1;12;1;1;2500;1;0;0;0;1;0;PE;1653461;4;4;7;4;4;4;4;4;0;5;3;4;4;1;1;5;5;4;5;2;2;1;0;1;0;0;0;0;1;0;1;0;0;0;0;0;0;0;0
57;0;17;0;1;8000;0;1;0;0;3;1;PE;1653461;5;4;3;5;5;5;4;3;0;4;3;4;4;2;2;4;5;4;5;1;2;0;0;0;0;0;0;0;1;0;0;0;0;0;1;0;0;0;0
24;1;12;1;0;1500;1;0;0;0;2;0;PE;1653461;4;3;30;5;3;4;4;3;0;4;5;3;2;2;3;4;4;3;3;2;2;1;0;1;0;0;0;0;3;1;0;0;1;0;1;0;0;0;0
41;1;22;0;1;19000;0;1;2;0;2;0;PE;1653461;4;4;15;3;4;4;5;3;0;5;4;5;3;1;2;4;5;5;5;3;2;0;0;0;0;0;0;0;2;0;1;0;0;0;0;0;0;1;0
46;1;14;0;0;2500;0;0;1;1;2;0;PE;706867;4;4;7;5;5;5;5;5;0;4;5;2;1;2;1;4;5;5;3;2;2;2;0;1;0;0;0;1;0;0;0;0;0;0;0;0;0;0;0
40;1;17;0;1;13500;0;1;2;1;3;0;PE;1653461;4;4;7;5;3;4;4;2;1;4;4;4;4;3;4;4;4;4;3;5;2;1;0;1;0;0;0;0;1;0;0;0;0;0;0;0;0;0;1
56;1;17;0;1;10000;0;1;0;0;3;1;RJ;6747815;4;4;7;5;5;5;5;3;0;3;4;5;3;1;3;4;5;5;5;3;2;1;0;1;0;0;0;0;0;0;0;0;0;0;0;0;0;0;0
44;1;22;0;1;10000;1;1;1;0;2;1;MG;47825;5;4;5;5;5;5;3;4;1;5;5;3;2;2;2;5;5;2;3;3;3;2;1;1;0;0;0;0;2;0;1;1;0;0;0;0;0;0;0
53;1;11;0;1;1500;1;1;0;1;2;1;RS;83279;5;4;30;2;1;4;5;1;0;2;2;2;2;2;2;4;4;5;3;3;2;2;0;1;0;0;0;1;1;0;0;1;0;0;0;0;0;0;0
40;1;17;1;1;2500;1;0;0;0;2;1;MG;34918;2;4;30;4;1;5;5;1;0;5;3;1;1;2;3;4;4;5;1;3;3;2;1;1;0;0;0;0;2;0;1;0;0;0;0;0;0;1;0
40;1;12;1;1;1500;1;1;1;0;1;0;BA;619609;5;5;7;5;3;5;5;5;0;5;2;4;3;2;2;4;4;5;5;2;2;1;0;1;0;0;0;0;1;0;1;0;0;0;0;0;0;0;0
29;1;16;0;1;19000;0;0;0;0;2;0;PE;1653461;5;4;7;5;4;5;4;1;0;5;5;4;4;3;3;4;5;5;5;2;2;2;1;1;0;0;0;0;2;0;0;0;0;0;1;0;0;0;1
22;1;14;1;0;2500;1;1;0;1;3;1;AM;2219580;3;3;30;3;1;4;4;2;0;5;3;4;4;2;2;4;4;3;4;4;3;3;1;0;1;1;0;0;5;1;0;1;0;0;1;1;1;0;0
43;1;5;1;0;1500;1;1;0;1;1;1;MG;31364;2;3;30;5;5;5;5;5;0;5;5;1;1;2;1;4;5;5;5;1;1;1;1;0;0;0;0;0;0;0;0;0;0;0;0;0;0;0;0
53;1;17;1;1;4500;1;1;0;0;2;0;TO;306296;4;4;15;5;5;5;4;5;0;3;2;2;2;2;2;4;4;5;4;2;2;0;0;0;0;0;0;0;0;0;0;0;0;0;0;0;0;0;0
57;1;16;1;1;6500;1;1;0;1;1;1;SP;699944;5;3;15;4;4;4;5;2;0;5;5;1;1;2;3;3;5;4;3;2;2;1;0;1;0;0;0;0;1;0;0;0;0;0;1;0;0;0;0
58;0;16;1;1;4500;1;0;0;0;2;1;MG;15714;3;4;5;3;2;5;5;1;0;4;5;2;1;2;1;4;4;5;5;2;2;1;0;1;0;0;0;0;0;0;0;0;0;0;0;0;0;0;0
60;1;12;0;0;2500;1;1;0;1;2;1;SP;12325232;3;3;30;4;2;5;5;5;0;5;5;3;5;1;1;4;5;4;4;2;2;1;0;1;0;0;0;0;1;0;0;1;0;0;0;0;0;0;0
47;1;16;0;1;1500;1;1;0;1;4;0;BA;17080;2;2;1;5;5;5;5;3;0;3;2;1;4;2;1;4;3;3;2;2;2;2;1;1;0;0;0;0;2;0;0;1;0;0;1;0;0;0;0
44;1;22;1;1;10000;1;1;1;0;1;1;ES;12265;5;4;7;5;4;4;5;4;0;4;3;4;3;3;3;4;4;4;3;3;2;2;1;1;0;0;0;0;2;0;1;1;0;0;0;0;0;0;0
54;0;17;0;1;13500;1;1;0;0;2;0;DF;3055149;5;3;30;1;1;5;1;1;0;5;5;1;3;3;3;4;4;5;2;2;2;1;0;1;0;0;0;0;0;0;0;0;0;0;0;0;0;0;0
59;1;11;1;1;1500;1;1;2;4;5;1;SP;12325232;4;4;30;5;5;5;4;5;0;3;4;3;3;3;1;4;5;2;5;2;2;1;0;1;0;0;0;0;2;0;0;1;1;0;0;0;0;0;0
35;1;18;0;1;13500;0;0;0;0;2;1;DF;3055149;4;4;7;2;3;5;4;3;0;5;4;3;3;2;3;4;5;4;4;3;2;1;0;1;0;0;0;0;2;0;0;0;0;0;1;0;0;1;0
43;1;5;1;0;1500;1;1;2;1;2;1;RS;126866;3;3;7;3;5;3;5;1;0;5;5;2;1;1;1;4;5;3;3;1;1;1;0;1;0;0;0;0;0;0;0;0;0;0;0;0;0;0;0
33;0;20;0;1;27500;1;1;2;0;2;1;MG;104783;4;4;15;2;2;4;4;1;0;4;4;3;4;2;4;4;4;5;5;3;3;1;0;1;0;0;0;0;2;0;0;0;0;0;1;0;0;0;1
56;1;16;0;1;4500;0;1;0;0;2;0;BA;2886698;4;3;7;3;3;5;4;5;0;5;3;3;2;2;2;4;5;5;5;2;2;1;0;1;0;0;0;0;2;0;0;0;0;0;0;1;0;0;1
67;1;22;1;0;19000;1;1;0;1;3;1;MS;906092;4;4;7;4;5;5;5;5;0;5;1;1;1;1;1;5;5;5;5;1;1;0;0;0;0;0;0;0;0;0;0;0;0;0;0;0;0;0;0
43;1;11;0;0;1500;1;0;1;0;5;1;BA;2886698;3;4;30;5;5;5;5;3;0;5;5;1;2;3;1;4;5;5;5;1;1;1;1;0;0;0;0;0;2;0;0;0;1;0;1;0;0;0;0
37;1;14;0;1;1500;1;0;0;0;3;1;PR;575377;4;3;15;4;4;4;4;2;0;5;5;2;3;3;2;5;5;4;5;1;1;2;1;1;0;0;0;0;0;0;0;0;0;0;0;0;0;0;0
57;1;17;0;1;2500;1;1;0;0;2;1;SP;151881;5;4;7;4;4;4;5;2;0;5;5;4;4;2;2;5;5;5;3;2;2;1;0;1;0;0;0;0;1;0;1;0;0;0;0;0;0;0;0
42;1;16;1;1;4500;1;1;0;0;1;1;BA;2886698;2;5;30;3;3;2;5;5;0;4;4;3;5;3;3;4;5;5;3;2;2;1;0;1;0;0;0;0;0;0;0;0;0;0;0;0;0;0;0
62;1;16;1;0;2500;1;1;0;0;3;1;BA;4416;4;4;7;4;4;4;4;4;0;4;4;2;2;3;3;4;4;5;3;2;2;1;0;1;0;0;0;0;1;0;0;0;1;0;0;0;0;0;0
57;1;12;1;0;2500;1;1;0;1;2;1;GO;241518;4;3;3;2;3;5;5;3;0;3;5;3;2;2;1;5;5;4;2;3;3;1;0;0;1;0;0;0;1;1;0;0;0;0;0;0;0;0;0
43;1;17;1;1;2500;0;0;1;0;2;1;MG;265409;5;5;30;5;2;4;5;4;0;3;5;2;5;3;2;4;5;3;3;4;3;2;0;1;0;0;0;1;0;0;0;0;0;0;0;0;0;0;0
31;1;16;1;1;6500;0;1;0;0;1;0;SP;12325232;5;4;7;4;4;5;4;4;0;5;5;3;5;4;3;4;4;5;5;4;3;1;0;1;0;0;0;0;2;0;0;0;0;0;1;0;0;1;0
60;1;12;0;0;2500;1;1;0;1;2;1;SP;12325232;4;3;45;2;2;4;5;5;0;5;5;2;5;5;2;3;4;4;5;2;2;0;0;0;0;0;0;0;0;0;0;0;0;0;0;0;0;0;0
48;1;16;1;1;1500;0;1;0;0;1;1;PB;817511;4;4;15;4;3;5;4;4;0;5;4;4;2;4;1;4;4;3;3;2;2;1;0;1;0;0;0;0;0;0;0;0;0;0;0;0;0;0;0
57;1;16;1;0;10000;0;1;0;0;2;1;DF;3055149;4;4;7;3;3;4;3;2;0;4;4;4;2;4;4;4;4;5;3;3;2;1;0;1;0;0;0;0;3;0;0;0;0;1;1;0;0;0;1
51;1;14;1;0;8000;1;1;0;0;3;1;DF;3055149;3;4;7;5;4;4;5;4;1;4;4;4;5;3;2;4;5;4;5;3;2;1;0;0;1;0;0;0;0;0;0;0;0;0;0;0;0;0;0
57;1;17;1;1;4500;0;1;0;0;2;0;RJ;6747815;2;5;7;3;4;5;5;5;0;5;5;3;1;2;1;5;5;5;4;2;1;1;0;1;0;0;0;0;0;0;0;0;0;0;0;0;0;0;0
43;1;18;1;1;13500;1;0;0;0;4;1;SP;12325232;4;4;1;4;3;3;3;3;0;5;4;1;1;2;1;5;5;5;4;2;2;1;0;1;0;0;0;0;1;0;0;0;0;0;1;0;0;0;0
54;1;18;0;1;10000;1;1;0;0;5;1;DF;3055149;5;4;7;5;5;5;5;4;0;5;5;4;3;2;2;4;5;5;5;2;2;1;0;1;0;0;0;0;1;1;0;0;0;0;0;0;0;0;0
63;1;14;0;0;4500;1;0;0;0;2;0;MG;2521564;4;4;15;5;3;2;5;1;0;5;5;3;2;3;2;3;5;4;5;2;2;1;0;1;0;0;0;0;2;0;1;0;1;0;0;0;0;0;0
40;1;17;0;1;6500;1;0;2;0;2;1;SP;12325232;5;5;7;5;5;5;5;1;0;5;5;3;4;2;4;5;5;5;3;2;2;1;0;1;0;0;0;0;1;0;0;0;0;0;1;0;0;0;0
64;1;17;1;0;4500;0;1;0;0;1;0;ES;365855;5;3;30;5;2;4;4;5;0;5;2;1;3;2;3;4;5;5;3;2;2;1;0;0;1;0;0;0;3;0;0;0;1;0;1;0;0;0;1
71;1;16;0;0;2500;0;1;0;0;2;1;RJ;83092;3;4;3;5;4;4;5;5;0;5;5;3;3;3;2;4;5;5;3;2;2;1;0;1;0;0;0;0;0;0;0;0;0;0;0;0;0;0;0
52;0;18;0;1;13500;0;1;1;1;2;0;DF;3055149;4;4;5;5;5;5;4;1;0;3;4;4;4;2;4;4;4;4;4;2;2;1;0;1;0;0;0;0;2;0;1;1;0;0;0;0;0;0;0
32;1;17;0;1;13500;1;0;0;0;2;1;RJ;6747815;4;4;15;3;3;3;4;3;0;4;5;5;3;3;3;5;5;4;3;3;3;2;1;1;0;0;0;0;5;0;1;1;0;1;1;0;0;0;1
44;1;22;0;1;6500;1;0;0;1;2;0;RJ;515317;4;3;15;5;1;5;5;5;0;4;4;4;4;1;2;5;5;5;5;2;2;1;0;1;0;0;0;0;0;0;0;0;0;0;0;0;0;0;0
44;1;16;1;1;4500;1;1;2;0;6;0;DF;3055149;4;3;30;4;1;4;2;2;0;4;3;1;2;2;3;2;3;4;3;3;3;3;1;1;1;0;0;0;1;0;0;0;0;0;1;0;0;0;0
36;1;20;1;1;4500;1;0;0;0;1;1;CE;210711;3;4;15;5;5;5;3;5;0;5;4;3;2;3;2;4;5;3;3;3;3;1;0;1;0;0;0;0;0;0;0;0;0;0;0;0;0;0;0
57;1;22;0;1;13500;1;1;0;0;2;0;SC;508826;5;5;7;5;5;5;5;5;0;5;5;5;5;3;3;5;5;5;5;5;1;0;0;0;0;0;0;0;0;0;0;0;0;0;0;0;0;0;0
59;0;17;0;1;27500;0;1;0;0;3;0;DF;3055149;3;4;7;4;4;5;5;3;0;5;5;3;3;3;2;5;5;5;5;2;2;2;1;1;0;0;0;0;1;0;0;0;1;0;0;0;0;0;0
57;1;16;0;1;27500;0;0;0;0;3;0;SP;12325232;4;5;30;5;3;3;1;1;1;4;5;4;4;4;3;4;4;5;5;2;2;1;0;1;0;0;0;0;1;0;0;1;0;0;0;0;0;0;0
55;0;16;0;0;2500;1;1;0;0;5;1;RJ;6747815;3;4;15;4;4;4;4;3;0;4;4;4;2;2;2;4;5;5;5;2;2;1;0;1;0;0;0;0;1;0;0;0;0;0;1;0;0;0;0
48;1;18;0;1;41250;0;1;0;1;2;0;DF;3055149;5;5;15;5;1;2;5;1;0;2;2;1;1;4;2;4;4;5;5;4;3;3;0;1;1;1;0;0;3;0;1;1;1;0;0;0;0;0;0
56;1;14;1;1;4500;0;1;0;0;2;1;RJ;6747815;2;4;5;3;1;1;3;1;0;4;4;1;1;2;3;4;4;1;1;2;2;1;0;1;0;0;0;0;2;1;1;0;0;0;0;0;0;0;0
60;1;18;1;1;41250;1;1;0;0;1;1;DF;3055149;5;3;3;5;5;5;5;1;0;5;4;1;1;2;2;5;4;5;5;2;2;1;1;0;0;0;0;0;1;0;0;0;0;0;0;0;0;0;1
33;1;17;1;1;6500;0;0;0;0;1;1;PE;1653461;5;4;30;5;1;4;5;1;0;5;5;3;2;3;3;3;3;2;3;3;2;2;1;1;0;0;0;0;5;1;1;1;0;0;1;0;0;0;1
61;0;18;0;1;41250;0;1;0;1;2;0;DF;3055149;3;3;7;4;4;4;5;2;0;5;5;3;3;3;3;4;5;5;5;2;2;1;0;1;0;0;0;0;1;0;0;0;0;0;1;0;0;0;0
39;1;16;0;0;2500;0;1;0;0;2;0;BA;2886698;4;4;7;4;3;4;4;3;0;4;3;1;4;1;1;4;4;3;2;2;2;0;0;0;0;0;0;0;0;0;0;0;0;0;0;0;0;0;0
38;1;14;1;0;1500;1;0;1;0;1;1;MG;337092;2;2;30;5;4;5;5;5;0;4;3;3;3;2;2;4;4;2;4;3;1;1;0;1;0;0;0;0;0;0;0;0;0;0;0;0;0;0;0
49;1;16;1;0;1500;0;1;0;0;1;1;SP;12325232;1;4;7;5;5;5;5;5;0;5;5;2;1;2;2;5;5;4;5;2;2;1;0;1;0;0;0;0;1;0;0;0;0;0;0;1;0;0;0
50;1;12;1;1;1500;1;1;0;1;3;1;RJ;823302;5;5;30;5;3;3;5;5;0;3;2;1;2;2;1;4;4;4;2;3;2;0;0;0;0;0;0;0;1;0;1;0;0;0;0;0;0;0;0
57;1;12;0;0;1500;1;0;0;2;2;0;BA;201635;4;4;30;5;5;5;5;4;0;4;2;1;2;3;2;5;5;5;4;1;1;0;0;0;0;0;0;0;0;0;0;0;0;0;0;0;0;0;0
35;1;17;1;1;4500;1;0;0;0;1;1;PE;1653461;5;5;30;3;2;5;4;3;0;5;5;4;4;3;3;3;3;5;5;2;2;2;1;1;0;0;0;0;3;0;1;0;0;0;1;0;0;1;0
44;1;16;1;1;1500;1;0;0;0;4;1;PR;1948626;5;4;15;5;4;5;5;4;0;4;5;5;2;2;2;5;5;4;4;2;2;2;1;1;0;0;0;0;1;0;1;0;0;0;0;0;0;0;0
21;0;12;1;0;1500;1;1;1;1;5;1;PI;868075;3;3;15;5;3;5;5;5;0;5;3;3;4;3;3;4;5;4;3;4;3;1;1;0;0;0;0;0;1;0;0;0;0;0;0;0;0;1;0
38;1;11;0;1;1500;1;1;2;1;2;1;MG;699097;5;4;7;5;5;4;5;3;0;5;3;3;5;2;3;4;5;5;5;2;2;1;0;0;0;0;0;1;1;1;0;0;0;0;0;0;0;0;0
49;1;16;1;1;2500;1;1;0;2;3;1;BA;32006;5;2;30;4;4;4;5;5;0;5;3;1;2;1;2;4;5;5;3;2;2;1;0;1;0;0;0;0;2;1;0;1;0;0;0;0;0;0;0
35;1;22;0;1;4500;0;1;0;0;2;0;PE;1653461;3;4;15;3;2;4;5;1;0;5;5;3;2;2;3;5;4;5;3;2;2;1;0;1;0;0;0;0;2;1;0;0;0;0;0;0;0;0;1
54;1;5;0;0;1500;1;0;1;1;3;0;RJ;924624;3;3;7;3;3;4;5;2;0;5;5;5;3;1;1;4;5;3;3;5;1;1;1;0;0;0;0;0;0;0;0;0;0;0;0;0;0;0;0
60;1;9;0;0;2500;1;1;2;0;2;1;MG;168641;4;5;7;3;2;5;4;5;0;5;3;5;5;3;3;4;5;4;3;3;2;1;0;1;0;0;0;0;0;0;0;0;0;0;0;0;0;0;0
46;1;16;1;1;4500;0;0;0;0;1;1;MG;22693;2;4;15;1;1;3;4;1;0;5;5;2;3;3;3;4;5;5;2;3;2;1;0;1;0;0;0;0;0;0;0;0;0;0;0;0;0;0;0
41;0;12;0;0;1500;1;1;0;0;2;0;CE;53949;2;4;7;2;1;2;5;5;0;1;4;3;1;5;1;4;5;3;3;3;2;1;0;1;0;0;0;0;1;0;0;1;0;0;0;0;0;0;0
42;1;12;1;1;1500;1;1;0;2;1;1;SP;12325232;2;3;3;5;2;3;4;5;0;5;3;2;2;4;4;4;2;3;4;2;2;0;0;0;0;0;0;0;1;0;0;0;1;0;0;0;0;0;0
58;1;12;1;0;1500;1;0;0;0;2;1;SC;46122;4;4;15;5;5;5;5;5;0;5;5;4;3;2;2;4;5;5;5;2;1;1;0;1;0;0;0;0;0;0;0;0;0;0;0;0;0;0;0
71;1;12;1;0;4500;1;1;0;0;3;0;SC;224013;5;4;15;5;5;5;5;5;0;5;2;3;3;3;3;4;4;5;5;3;2;1;0;1;0;0;0;0;1;0;1;0;0;0;0;0;0;0;0
53;1;14;0;1;4500;1;1;0;1;3;1;MG;45047;3;4;7;4;4;4;5;2;0;3;5;2;3;2;2;3;4;1;3;2;2;1;0;0;1;0;0;0;1;0;1;0;0;0;0;0;0;0;0
59;0;16;0;1;19000;0;1;0;0;3;0;CE;2686612;3;4;7;5;5;3;4;3;0;5;3;2;5;4;3;4;5;5;5;3;2;1;0;0;1;0;0;0;3;0;1;0;1;0;1;0;0;0;0
31;1;14;1;0;2500;0;1;1;0;2;0;RS;1488252;4;4;7;3;1;5;5;5;0;5;5;3;2;2;2;4;5;5;5;2;2;2;0;1;1;0;0;0;3;0;0;1;1;0;0;0;0;0;1
47;1;12;1;1;2500;1;0;3;1;2;1;MG;240408;3;5;7;5;3;4;5;5;0;5;4;4;5;3;4;5;5;5;3;2;3;1;0;1;0;0;0;0;1;0;0;1;0;0;0;0;0;0;0
67;1;17;0;0;13500;1;1;0;0;2;0;SP;240961;4;4;45;3;2;5;4;2;0;5;4;4;3;2;3;4;5;5;3;3;2;1;0;1;0;0;0;0;1;0;0;1;0;0;0;0;0;0;0
52;1;12;0;0;2500;1;0;0;0;3;1;MG;220444;4;4;15;3;4;5;5;3;0;5;3;2;2;2;2;4;5;5;5;1;1;0;0;0;0;0;0;0;0;0;0;0;0;0;0;0;0;0;0
50;1;17;1;1;4500;1;0;0;0;2;1;MG;338197;5;2;30;4;4;5;5;1;0;5;3;4;3;2;2;4;4;3;3;2;2;1;0;1;0;0;0;0;1;0;0;0;0;0;1;0;0;0;0
50;1;16;0;0;4500;1;0;0;0;1;1;BA;304302;4;5;15;5;5;5;5;5;0;5;5;5;2;2;2;4;5;5;4;2;2;1;0;1;0;0;0;0;2;0;0;0;1;0;0;0;0;1;0
45;1;16;0;0;4500;0;1;1;1;2;0;SP;12325232;4;4;3;4;2;2;5;5;0;2;3;2;1;2;1;2;2;5;1;5;3;2;0;0;1;0;0;1;9;1;1;1;1;1;1;1;0;1;1
62;0;16;1;1;10000;0;1;0;0;1;1;MG;2521564;2;4;5;2;3;3;4;3;0;3;3;2;3;3;4;3;3;2;2;3;3;1;0;1;0;0;0;0;3;0;0;1;1;1;0;0;0;0;0
60;0;12;0;1;2500;1;0;0;0;4;0;CE;2686612;1;4;15;5;5;5;5;2;0;4;5;3;1;2;3;4;5;5;5;2;2;1;0;1;0;0;0;0;0;0;0;0;0;0;0;0;0;0;0
24;1;17;1;1;2500;1;1;0;0;3;1;PE;1653461;5;3;7;4;2;2;4;1;0;2;2;2;1;1;4;5;5;2;2;3;2;2;1;1;0;0;0;0;2;1;0;0;1;0;0;0;0;0;0
33;0;16;0;1;4500;0;1;2;1;2;0;PE;706867;1;5;7;2;2;3;5;1;0;2;3;1;3;3;3;4;3;5;1;3;2;1;0;0;0;0;0;1;1;1;0;0;0;0;0;0;0;0;0
60;0;14;0;0;10000;0;1;0;0;2;0;PE;706867;3;4;30;5;3;4;3;3;0;3;4;4;4;3;4;4;4;4;4;3;2;0;0;0;0;0;0;0;4;1;0;0;0;1;0;0;0;1;1
35;1;16;1;1;2500;1;1;0;0;4;1;PE;706867;5;3;30;4;2;1;3;5;0;5;3;1;1;1;2;5;5;3;5;2;2;2;1;0;0;0;1;0;1;1;0;0;0;0;0;0;0;0;0
59;1;12;1;1;4500;0;0;0;0;2;0;PE;706867;4;4;30;4;3;4;2;4;0;4;4;2;2;4;2;4;5;4;3;3;2;1;0;1;0;0;0;0;1;0;1;0;0;0;0;0;0;0;0
32;1;17;1;1;13500;0;0;0;0;2;0;PE;1653461;5;4;7;5;2;5;4;1;0;4;5;4;4;3;4;5;4;5;3;2;2;1;0;1;0;0;0;0;1;0;0;0;0;0;1;0;0;0;0
26;1;14;1;1;1500;0;0;0;0;2;0;PE;1653461;4;2;15;4;2;3;3;1;0;4;4;1;4;3;3;3;3;3;4;3;2;1;0;1;0;0;0;0;2;1;0;0;0;0;1;0;0;0;0
27;1;16;1;1;8000;0;1;0;0;2;0;PE;1653461;5;4;7;3;2;5;3;3;0;5;5;3;2;3;4;5;5;5;3;3;3;2;0;1;1;0;0;0;5;1;1;1;0;1;1;0;0;0;0
25;1;14;1;0;4500;1;1;0;0;2;1;PE;1653461;2;4;5;3;3;4;5;4;0;3;5;3;2;1;4;4;4;2;1;4;3;2;1;1;0;0;0;0;2;0;0;0;1;0;1;0;0;0;0
28;0;14;1;1;4500;1;1;0;0;3;1;PE;1653461;1;4;7;2;2;1;2;1;0;1;3;2;3;3;3;3;2;4;3;3;2;3;1;1;0;0;1;0;2;1;0;0;0;0;0;0;0;0;1
27;0;16;1;1;10000;0;1;0;0;2;1;PE;1653461;4;5;30;2;2;4;4;3;0;4;4;2;2;4;4;4;4;5;3;4;3;0;0;0;0;0;0;0;1;1;0;0;0;0;0;0;0;0;0
43;1;17;1;1;4500;0;1;1;0;3;0;PE;1653461;4;5;7;3;2;5;5;2;1;5;4;3;5;3;3;4;4;5;5;3;2;1;0;1;0;0;0;0;3;1;1;1;0;0;0;0;0;0;0
19;0;12;1;0;4500;1;1;1;0;3;1;PE;1653461;2;2;30;4;2;3;4;3;0;5;5;5;3;2;3;4;5;5;4;2;2;3;1;1;1;0;0;0;3;0;1;1;0;0;1;0;0;0;0
45;1;16;0;1;4500;1;1;0;0;2;1;PE;1653461;5;4;15;5;5;5;4;2;0;4;4;4;3;3;2;4;5;5;5;1;1;0;0;0;0;0;0;0;0;0;0;0;0;0;0;0;0;0;0
47;1;18;0;1;6500;1;1;0;0;4;1;PE;139583;5;5;7;1;1;5;4;2;1;1;5;4;4;2;3;2;1;2;1;4;4;2;1;1;0;0;0;0;4;0;0;1;1;1;0;0;0;1;0
22;1;14;1;1;4500;1;1;0;1;3;1;PE;393115;5;1;7;5;1;5;1;1;0;5;4;1;2;2;3;4;3;4;3;3;3;1;0;1;0;0;0;0;3;0;1;1;0;0;1;0;0;0;0
56;1;22;1;1;10000;1;1;0;0;5;1;PE;334376;4;5;30;5;2;5;3;1;0;5;5;5;5;2;3;4;5;4;5;2;2;1;0;1;0;0;0;0;0;0;0;0;0;0;0;0;0;0;0
54;1;16;1;1;6500;1;1;0;0;2;1;PE;1653461;3;4;15;4;4;5;4;5;0;5;4;5;1;3;2;4;5;5;3;3;3;1;0;1;0;0;0;0;0;0;0;0;0;0;0;0;0;0;0
22;1;16;1;1;1500;1;1;0;0;3;1;PE;706867;5;5;30;3;2;2;3;2;0;3;5;2;3;2;3;2;2;2;2;4;3;4;1;1;1;0;0;1;3;1;1;1;0;0;0;0;0;0;0
57;1;16;0;1;27500;1;1;0;0;2;0;PE;706867;1;4;7;5;5;5;3;1;1;4;4;1;1;2;2;4;4;2;2;3;2;1;0;1;0;0;0;0;2;0;0;0;1;0;0;0;0;1;0
30;0;17;0;1;8000;0;0;1;0;2;0;PE;1653461;2;4;7;3;2;4;3;3;0;5;5;5;3;3;3;4;5;5;5;2;2;1;0;1;0;0;0;0;2;0;0;0;1;1;0;0;0;0;0
58;0;22;1;1;27500;0;0;0;0;1;0;PE;334376;2;3;7;5;4;1;2;1;0;5;5;4;1;2;2;5;4;2;3;2;2;1;1;0;0;0;0;0;1;0;1;0;0;0;0;0;0;0;0
60;1;17;0;1;41250;0;1;0;0;4;0;PE;1653461;4;4;7;3;1;4;1;1;1;4;4;4;3;3;3;4;4;4;5;2;2;2;1;1;0;0;0;0;1;1;0;0;0;0;0;0;0;0;0
44;1;16;1;1;2500;1;1;0;0;3;1;PE;1653461;5;4;30;4;4;4;5;2;0;4;2;4;2;3;2;4;5;5;5;2;2;1;0;1;0;0;0;0;1;0;1;0;0;0;0;0;0;0;0
57;1;17;1;0;10000;0;1;0;0;1;0;PE;1653461;3;3;7;2;3;5;5;5;0;4;5;5;1;2;2;4;4;5;4;3;2;1;0;1;0;0;0;0;1;0;1;0;0;0;0;0;0;0;0
36;1;16;1;1;10000;1;1;0;0;3;1;MG;2521564;4;4;15;2;1;5;3;1;0;3;1;3;4;4;4;4;4;5;4;4;4;0;0;0;0;0;0;0;0;0;0;0;0;0;0;0;0;0;0
47;1;12;1;1;4500;0;1;0;0;2;1;PE;1653461;2;5;7;3;2;5;4;5;0;5;3;3;2;2;2;4;5;5;3;2;2;1;0;1;0;0;0;0;2;1;0;1;0;0;0;0;0;0;0
58;0;18;0;1;8000;0;1;0;0;2;0;PE;1653461;3;4;5;4;5;5;4;1;0;5;4;2;4;2;2;5;5;4;4;2;2;2;0;1;0;0;1;0;0;0;0;0;0;0;0;0;0;0;0
58;1;18;1;1;27500;0;1;0;0;2;1;PE;1653461;4;2;15;5;2;3;2;3;1;4;4;2;2;3;1;3;4;5;1;2;2;1;0;1;0;0;0;0;1;0;0;0;0;0;1;0;0;0;0
46;0;17;0;0;1500;1;1;0;1;2;1;PE;1653461;5;3;7;5;5;5;3;3;0;3;3;1;2;2;2;4;4;4;4;2;2;0;0;0;0;0;0;0;0;0;0;0;0;0;0;0;0;0;0
24;0;14;1;1;4500;1;1;0;0;4;1;PE;158899;3;3;15;4;2;2;4;1;0;4;5;4;3;3;2;4;4;3;3;3;2;1;0;1;0;0;0;0;1;0;0;0;0;0;1;0;0;0;0
34;0;16;1;1;4500;1;0;2;0;2;0;PE;393115;5;4;30;2;2;5;2;1;0;5;5;4;2;2;2;3;5;2;2;2;2;1;1;0;0;0;0;0;2;0;0;0;1;0;0;0;1;0;0
47;1;17;0;1;10000;0;1;0;0;5;1;PE;1653461;2;4;15;4;2;4;3;3;1;4;3;3;1;3;3;3;4;2;3;2;2;1;0;1;0;0;0;0;1;1;0;0;0;0;0;0;0;0;0
46;1;22;0;1;8000;1;1;2;1;2;1;PE;69292;5;4;7;5;2;5;5;1;0;5;5;3;1;3;2;4;5;3;2;2;2;0;0;0;0;0;0;0;1;0;0;0;1;0;0;0;0;0;0
22;1;14;1;1;6500;0;1;0;0;2;1;PE;1653461;5;5;30;4;2;3;4;2;0;3;3;1;3;2;3;3;3;5;2;2;2;2;1;1;0;0;0;0;1;0;0;0;0;0;1;0;0;0;0
40;1;18;0;1;8000;0;1;1;0;2;0;PE;1653461;5;5;15;5;4;5;4;1;0;5;5;5;5;2;4;5;5;4;5;2;2;2;1;1;0;0;0;0;1;0;0;0;0;0;1;0;0;0;0
29;0;14;0;1;2500;1;1;1;0;2;0;PE;1653461;5;4;7;5;2;4;3;4;0;3;3;2;2;5;2;4;5;5;5;3;2;0;0;0;0;0;0;0;0;0;0;0;0;0;0;0;0;0;0
27;1;14;0;0;1500;0;0;2;0;2;0;PE;706867;5;4;15;5;5;4;5;5;0;3;5;1;3;1;2;4;4;5;5;3;2;1;0;0;0;0;0;1;0;0;0;0;0;0;0;0;0;0;0
28;0;14;0;1;1500;1;0;2;0;2;0;PE;706867;5;4;15;4;3;4;3;2;0;3;3;3;4;2;3;4;4;5;3;2;2;2;0;1;0;0;0;1;2;0;0;1;1;0;0;0;0;0;0
26;1;16;0;1;1500;1;0;1;0;2;1;PE;706867;2;4;30;4;2;4;4;5;0;4;4;4;4;3;3;4;5;3;3;3;3;1;0;1;0;0;0;0;1;0;0;0;0;0;1;0;0;0;0
25;1;14;1;1;4500;1;1;1;0;3;0;PE;1653461;5;4;30;5;1;3;3;2;0;1;1;3;3;3;2;3;4;3;2;3;2;2;1;1;0;0;0;0;3;0;0;0;1;0;1;0;0;1;0
22;1;14;1;1;4500;0;1;0;0;4;1;PE;118370;5;4;15;5;5;5;5;5;0;5;5;5;4;3;2;5;5;5;4;2;2;1;0;1;0;0;0;0;1;1;0;0;0;0;0;0;0;0;0
24;1;17;0;1;4500;1;0;0;0;2;1;RJ;273988;5;3;7;3;2;5;2;1;0;3;3;3;2;3;3;3;4;2;1;3;3;3;0;1;1;1;0;0;2;0;1;0;0;0;0;0;0;1;0
34;0;16;0;1;10000;1;0;0;0;2;1;CE;2686612;5;4;7;2;2;4;4;1;0;5;4;4;2;2;2;4;4;4;2;3;2;1;0;1;0;0;0;0;1;0;0;0;0;0;1;0;0;0;0
36;0;18;0;1;19000;1;1;1;0;2;1;PE;354317;5;5;30;4;3;4;3;1;1;5;4;3;3;3;2;4;3;4;3;2;2;1;1;0;0;0;0;0;1;1;0;0;0;0;0;0;0;0;0
27;0;16;1;1;4500;1;1;0;0;2;0;MG;140937;2;4;3;4;1;4;4;1;0;2;4;4;4;4;4;2;4;5;2;3;3;1;0;1;0;0;0;0;3;1;1;1;0;0;0;0;0;0;0
26;0;18;1;1;4500;1;1;1;0;4;1;PE;158899;5;4;30;2;2;3;3;4;0;5;4;3;2;2;2;3;3;5;3;2;2;1;0;1;0;0;0;0;2;1;0;0;0;0;1;0;0;0;0
34;1;16;1;1;10000;1;1;0;0;3;1;SC;508826;5;5;15;2;5;5;5;3;0;4;5;1;3;2;2;3;4;4;4;3;2;2;1;1;0;0;0;0;2;1;0;0;1;0;0;0;0;0;0
29;1;17;1;1;4500;0;0;0;0;1;0;MG;17862;5;5;3;5;5;5;3;4;0;3;5;3;5;4;4;4;5;4;3;4;3;2;1;1;0;0;0;0;3;1;0;0;0;0;1;0;0;0;1
36;1;18;1;1;19000;0;0;0;0;2;1;MG;413487;1;4;7;2;1;5;5;1;0;5;3;1;1;2;3;4;5;2;1;2;2;1;0;1;0;0;0;0;1;0;0;0;0;0;1;0;0;0;0
24;1;17;1;1;2500;1;1;0;0;6;1;PE;37368;4;4;30;4;3;4;4;1;0;2;3;3;4;1;1;4;4;3;4;4;3;2;0;1;1;0;0;0;1;0;0;0;1;0;0;0;0;0;0
35;1;16;0;0;2500;0;0;0;0;2;1;SC;250181;3;3;15;3;3;4;4;3;0;4;3;3;4;2;3;4;4;3;2;3;2;1;0;1;0;0;0;0;1;0;0;0;0;0;1;0;0;0;0
30;1;16;0;0;4500;0;1;0;0;2;0;BA;2886698;4;3;7;5;3;5;5;2;0;5;2;3;1;2;1;5;5;5;5;2;2;1;0;0;0;0;1;0;1;0;0;0;1;0;0;0;0;0;0
29;1;16;0;1;4500;0;0;0;0;2;0;PB;817511;4;4;15;2;2;4;3;1;0;3;3;4;4;3;3;3;4;5;3;3;2;2;1;1;0;0;0;0;4;0;1;1;1;0;0;0;0;0;1
24;1;14;0;1;8000;0;1;1;0;2;0;PE;706867;5;3;30;5;1;4;2;1;0;5;4;1;4;2;2;4;4;5;2;3;2;2;0;1;0;0;0;1;2;0;0;0;0;0;1;0;0;1;0
19;1;14;1;0;8000;1;1;0;0;3;1;PE;1653461;5;5;15;1;1;2;3;4;0;5;4;5;4;2;2;3;4;5;3;3;2;3;1;1;0;1;0;0;3;0;1;0;0;0;1;0;0;0;1
26;1;14;1;1;6500;1;1;0;0;3;1;PE;1653461;3;4;3;4;2;4;4;1;0;4;3;3;4;2;3;3;3;4;3;3;3;2;1;1;0;0;0;0;3;0;1;1;0;1;0;0;0;0;0
19;1;12;1;0;8000;0;0;0;0;4;1;PE;1653461;5;5;7;2;1;5;3;1;1;4;4;2;2;2;1;4;4;4;3;3;2;2;1;1;0;0;0;0;3;1;0;0;0;0;1;0;0;0;1
41;1;14;1;0;1500;1;1;0;0;4;1;PE;114079;3;4;7;4;1;3;5;3;0;3;3;3;3;2;2;4;4;2;1;4;2;1;0;1;0;0;0;0;0;0;0;0;0;0;0;0;0;0;0
22;0;14;1;1;2500;0;1;0;0;2;0;PE;1653461;2;4;30;3;3;4;3;4;0;1;1;5;1;3;2;4;5;1;2;2;2;1;0;1;0;0;0;0;2;0;0;0;0;0;1;0;0;0;1
31;1;12;0;1;1500;1;0;1;1;6;1;PE;1653461;2;3;30;2;1;2;5;3;0;2;2;5;5;1;2;4;4;3;2;1;1;2;1;1;0;0;0;0;2;0;1;1;0;0;0;0;0;0;0
19;1;12;1;0;6500;0;1;0;1;3;1;PE;354317;4;4;15;4;2;3;3;2;0;3;3;3;4;3;3;4;3;3;3;3;3;2;0;1;0;0;0;1;2;0;0;0;1;0;0;0;0;0;1
24;1;20;1;1;2500;0;0;0;0;1;0;SP;407252;3;3;15;4;4;5;2;1;0;4;5;5;5;4;5;5;5;5;4;2;2;2;1;1;0;0;0;0;1;0;0;0;0;0;1;0;0;0;0
21;1;14;1;0;8000;0;1;2;0;4;1;PE;1653461;3;4;15;3;1;3;4;1;0;3;4;1;2;3;3;3;2;1;2;3;2;3;1;1;1;0;0;0;3;0;1;1;0;0;1;0;0;0;0
22;0;14;1;1;1500;1;1;1;0;2;0;PE;1653461;5;4;15;4;2;3;4;1;0;4;4;2;2;3;2;4;4;4;3;2;2;1;0;1;0;0;0;0;3;1;1;0;0;1;0;0;0;0;0
20;1;14;1;0;1500;1;1;0;0;4;1;PE;11305;1;4;7;1;3;5;3;5;0;5;3;3;3;3;3;4;4;3;3;3;3;1;0;1;0;0;0;0;1;0;0;0;1;0;0;0;0;0;0
20;1;14;1;0;41250;0;1;1;0;3;1;PE;1653461;3;4;15;3;3;5;4;2;1;4;5;2;3;3;3;4;2;4;3;3;3;1;0;1;0;0;0;0;3;0;0;0;0;0;1;1;0;0;1
20;1;12;1;0;8000;1;1;0;0;3;1;GO;123684;1;5;15;4;1;1;3;3;0;4;3;4;5;3;3;4;4;4;4;2;2;1;0;1;0;0;0;0;2;0;0;0;0;0;1;0;0;0;1
20;1;12;1;0;2500;0;1;1;1;3;1;PE;1653461;5;5;15;5;5;5;5;5;0;5;3;5;5;2;2;4;5;4;4;2;2;2;0;1;0;0;0;1;2;0;1;1;0;0;0;0;0;0;0
19;1;14;1;1;10000;1;1;0;1;3;1;PE;1653461;3;4;15;5;3;4;5;4;0;4;4;4;4;3;4;4;4;5;3;3;2;2;1;1;0;0;0;0;1;0;0;0;0;0;0;0;0;0;1
42;0;17;0;1;4500;1;1;2;0;2;0;PE;1653461;4;3;15;2;3;3;3;3;0;2;2;3;3;2;2;4;3;3;3;4;2;3;0;1;1;0;1;0;0;0;0;0;0;0;0;0;0;0;0
19;1;14;1;0;1500;0;1;0;1;4;1;PE;706867;5;4;3;5;3;5;2;3;0;4;5;5;4;2;3;5;5;5;5;2;2;2;1;1;0;0;0;0;1;0;0;0;0;0;0;1;0;0;0
60;0;22;0;1;41250;0;1;1;0;5;1;PE;1653461;1;2;15;5;5;5;2;1;1;5;2;1;1;3;2;4;2;2;3;3;2;0;0;0;0;0;0;0;0;0;0;0;0;0;0;0;0;0;0
19;0;14;1;0;10000;0;1;0;1;2;1;PE;1653461;3;3;7;4;3;4;4;4;0;3;4;4;3;3;2;3;4;4;3;2;2;2;1;1;0;0;0;0;2;0;0;0;1;0;1;0;0;0;0
22;1;14;1;1;2500;1;1;0;0;4;1;PE;63294;5;4;30;4;3;5;5;3;0;4;4;3;4;3;3;4;5;4;4;2;2;2;1;1;0;0;0;0;2;0;0;0;1;0;1;0;0;0;0
19;0;12;1;0;10000;0;1;0;1;3;1;PE;1653461;5;5;7;2;1;5;5;4;0;5;5;5;3;2;1;3;4;5;5;2;2;1;0;1;0;0;0;0;1;0;1;0;0;0;0;0;0;0;0
19;0;12;1;0;10000;0;1;0;1;3;1;PE;1653461;5;5;7;2;1;5;5;4;0;5;5;5;3;2;1;3;4;5;5;2;2;1;0;1;0;0;0;0;1;0;1;0;0;0;0;0;0;0;0
20;1;14;1;0;8000;1;0;0;1;3;1;PE;1653461;2;5;7;2;2;5;5;3;0;4;1;1;1;2;3;4;4;3;3;5;2;3;0;1;1;0;0;1;3;1;1;0;0;0;1;0;0;0;0
18;0;14;1;0;4500;1;1;0;2;2;1;PE;706867;2;3;5;5;4;4;3;4;0;5;4;2;4;3;3;4;4;5;4;3;2;2;0;1;0;0;1;0;2;0;0;0;1;0;0;0;0;0;1
19;0;14;1;0;13500;0;0;0;0;4;1;PE;1653461;5;2;1;3;1;5;2;1;0;5;3;5;1;1;3;3;5;5;2;2;1;1;0;1;0;0;0;0;1;0;0;0;1;0;0;0;0;0;0
19;0;14;1;0;10000;1;1;0;1;3;1;RO;85893;4;4;7;3;1;4;1;3;1;3;3;4;3;4;3;3;3;5;2;4;3;1;0;0;0;0;0;1;3;0;0;1;0;0;0;0;0;1;1
31;1;14;1;1;1500;1;1;0;0;2;1;PE;1653461;2;4;7;3;1;4;2;1;0;2;4;3;3;2;3;4;4;2;2;2;2;1;0;1;0;0;0;0;3;1;0;1;0;0;0;0;0;1;0
21;1;12;1;0;2500;1;1;0;0;3;0;PE;1653461;5;3;30;5;5;5;4;3;0;5;5;3;5;2;2;5;5;5;5;2;2;2;1;1;0;0;0;0;1;1;0;0;0;0;0;0;0;0;0
18;1;12;1;0;2500;1;0;0;0;5;1;PE;158899;5;4;30;3;1;4;2;2;0;4;4;2;5;3;3;4;3;2;1;3;2;1;0;1;0;0;0;0;3;1;1;1;0;0;0;0;0;0;0
18;1;14;1;0;1500;1;1;0;0;2;1;PE;393115;5;3;30;5;1;3;5;5;0;5;5;5;2;3;2;4;3;1;2;2;3;1;0;1;0;0;0;0;0;0;0;0;0;0;0;0;0;0;0
25;0;14;1;1;4500;0;0;0;0;1;0;PE;1653461;5;3;30;2;1;5;5;1;0;5;4;4;5;2;3;3;4;5;4;2;2;1;0;1;0;0;0;0;2;0;1;0;0;0;0;0;0;0;1
18;1;12;1;0;41250;0;1;0;2;2;1;PE;1653461;2;3;30;3;2;5;1;1;1;3;2;1;1;5;2;3;2;4;3;3;2;4;0;1;1;0;1;1;1;0;0;0;0;0;1;0;0;0;0
19;0;14;1;0;19000;0;1;0;0;3;0;PE;1653461;5;5;7;4;3;4;2;3;1;4;4;3;4;4;3;3;3;5;4;3;2;0;0;0;0;0;0;0;0;0;0;0;0;0;0;0;0;0;0
24;1;14;1;1;19000;0;1;0;0;3;0;PE;1653461;1;3;7;4;2;1;2;1;0;4;4;5;5;3;4;3;2;4;3;2;2;2;1;1;0;0;0;0;3;0;1;0;1;0;1;0;0;0;0
18;1;12;1;0;8000;0;1;0;1;3;0;PE;1653461;4;4;3;5;2;3;3;4;0;5;2;1;5;3;4;2;2;2;3;2;2;0;0;0;0;0;0;0;0;0;0;0;0;0;0;0;0;0;0
18;0;14;1;0;41250;0;1;0;0;2;0;PE;1653461;3;3;15;2;2;5;3;3;1;2;2;2;2;3;3;2;2;2;2;2;3;2;1;1;0;0;0;0;1;0;0;0;1;0;0;0;0;0;0
18;1;12;1;0;27500;0;1;0;0;5;0;PE;1653461;2;3;15;5;2;3;2;1;1;4;5;1;5;4;5;4;3;4;3;3;2;2;1;1;0;0;0;0;3;0;0;0;1;0;1;0;0;0;1
18;1;12;1;0;4500;0;0;0;1;1;0;PE;1653461;3;4;15;2;1;5;5;3;0;4;5;4;4;3;2;3;3;4;3;3;2;2;1;1;0;0;0;0;1;0;0;0;1;0;0;0;0;0;0
25;0;14;1;1;13500;0;1;0;0;4;1;PE;1653461;3;2;7;2;2;4;3;1;0;4;5;5;2;1;2;3;2;5;3;2;2;3;1;1;1;0;0;0;3;0;0;1;0;0;1;0;0;0;1
35;1;14;1;0;1500;1;0;0;0;1;1;PE;1653461;4;4;30;4;4;4;4;4;0;3;3;4;4;3;2;5;4;5;5;1;1;0;0;0;0;0;0;0;0;0;0;0;0;0;0;0;0;0;0
19;1;14;1;1;4500;0;1;0;2;2;1;PE;1653461;4;5;15;5;5;5;4;4;0;4;4;3;4;2;4;5;4;5;5;3;3;0;0;0;0;0;0;0;0;0;0;0;0;0;0;0;0;0;0
26;0;18;1;1;2500;0;0;0;0;3;0;PE;1653461;5;3;30;3;4;5;4;2;0;4;3;5;3;2;2;4;4;2;4;2;2;2;1;1;0;0;0;0;1;0;0;0;0;0;1;0;0;0;0
18;0;14;1;0;6500;1;0;0;1;4;0;PE;1653461;4;3;15;4;3;3;4;1;0;4;4;4;4;2;2;4;4;3;3;3;2;2;1;1;0;0;0;0;2;0;0;1;0;0;1;0;0;0;0
18;1;14;1;0;6500;0;1;0;0;4;1;PE;1653461;2;3;30;4;2;5;4;3;0;5;3;4;5;3;3;4;5;4;4;2;2;2;1;1;0;0;0;0;2;0;0;0;0;0;1;0;0;0;1
20;1;14;1;0;1500;1;1;0;1;2;0;PE;1653461;5;4;7;4;3;5;5;4;0;4;4;1;2;1;1;3;3;5;3;3;3;2;0;1;1;0;0;0;2;1;0;0;0;0;1;0;0;0;0
19;0;14;1;1;41250;0;0;0;0;3;0;PE;1653461;4;3;7;3;4;5;2;2;0;4;4;5;5;3;3;4;4;5;4;2;2;2;1;1;0;0;0;0;1;0;0;0;0;0;1;0;0;0;0
30;0;16;0;1;6500;0;1;0;0;2;1;PE;114079;4;5;15;5;5;4;4;5;0;5;5;4;5;3;3;4;4;5;5;2;2;1;0;1;0;0;0;0;1;0;1;0;0;0;0;0;0;0;0
60;0;22;0;1;41250;0;1;0;0;5;1;PE;1653461;5;4;3;4;4;4;3;2;1;4;4;1;2;2;3;4;4;3;3;4;2;2;0;1;0;0;0;1;3;0;0;0;1;1;1;0;0;0;0
58;1;17;1;0;6500;0;1;0;0;1;0;BA;2886698;5;4;7;4;4;4;3;3;1;3;5;3;4;2;3;4;4;4;3;3;2;1;0;1;0;0;0;0;1;0;0;0;0;0;1;0;0;0;0
58;1;12;1;0;2500;0;1;0;0;2;1;SP;12325232;5;4;1;5;3;4;5;5;0;5;5;1;3;2;3;4;5;3;3;3;2;3;1;1;0;0;0;1;1;0;0;0;0;0;1;0;0;0;0
49;1;17;1;1;13500;1;1;6;0;6;1;BA;2886698;4;4;5;5;5;5;2;1;0;3;3;3;1;1;1;4;4;3;1;4;4;1;0;0;0;0;0;1;1;0;0;0;0;0;0;0;0;0;1
44;1;17;0;1;4500;1;1;0;2;2;0;RS;21801;5;3;7;3;3;5;5;4;0;5;3;2;2;2;2;4;5;5;3;2;2;2;1;1;0;0;0;0;2;0;1;0;0;0;1;0;0;0;0
62;1;16;0;0;4500;1;1;0;0;2;1;RS;121335;4;3;3;5;5;4;3;2;0;5;3;3;3;1;3;5;5;5;3;1;1;4;1;1;1;1;0;0;2;0;0;0;0;0;1;0;0;1;0
61;1;17;0;1;13500;1;1;0;0;2;0;PR;1948626;5;4;7;4;5;5;5;5;0;5;5;4;4;3;4;5;5;5;5;2;2;1;1;0;0;0;0;0;1;0;0;0;0;0;1;0;0;0;0
68;1;9;1;0;1500;1;0;2;0;3;1;BA;2886698;3;3;7;3;3;3;4;5;0;3;5;3;1;3;3;4;4;1;3;2;2;2;1;1;0;0;0;0;0;0;0;0;0;0;0;0;0;0;0
39;1;16;1;1;2500;0;0;0;0;1;0;MG;241835;5;4;7;5;3;5;5;4;0;4;5;3;4;2;2;5;4;3;4;2;2;2;1;1;0;0;0;0;2;0;0;0;0;0;0;0;0;1;1
55;1;16;0;1;4500;0;1;0;0;2;0;BA;2886698;5;3;7;4;2;5;5;4;0;4;3;3;3;2;2;4;4;5;3;2;2;3;1;1;0;1;0;0;2;0;0;0;0;0;0;1;0;0;1
39;1;11;1;0;1500;1;1;2;1;1;1;SP;230371;5;5;1;5;4;5;5;5;0;5;5;3;1;1;2;5;5;3;3;3;2;1;0;1;0;0;0;0;1;1;0;0;0;0;0;0;0;0;0
35;1;16;0;1;13500;1;1;1;0;2;0;CE;2686612;4;4;7;5;5;5;5;2;0;5;5;4;4;1;1;5;5;5;5;2;2;2;1;1;0;0;0;0;1;0;1;0;0;0;0;0;0;0;0
52;1;18;1;1;13500;0;0;0;1;3;1;MG;2521564;3;4;7;5;3;3;4;2;0;3;4;1;2;3;3;4;3;3;4;3;2;3;1;1;0;0;0;1;3;1;0;0;0;0;1;0;0;1;0
57;1;17;0;1;4500;1;0;2;0;2;1;AL;1025360;5;3;30;5;4;4;4;1;0;4;3;4;4;2;3;4;4;5;5;3;2;1;0;1;0;0;0;0;2;0;0;0;0;0;1;0;0;0;1
49;0;22;0;1;41250;0;1;1;0;2;0;PE;1653461;5;4;1;1;1;5;3;3;1;4;4;2;2;4;2;3;4;4;1;3;2;5;1;1;1;1;0;1;5;0;0;1;1;0;1;0;0;1;1
36;1;17;0;1;4500;1;1;0;2;2;0;RO;130009;2;2;1;2;2;1;2;3;0;4;4;3;4;2;4;4;3;3;2;4;4;4;1;1;1;1;0;0;8;1;1;1;1;1;1;0;0;1;1
45;0;20;0;1;13500;1;1;2;0;2;1;PE;354317;3;4;7;3;2;4;4;3;0;3;4;3;1;3;3;4;5;2;3;3;2;1;1;0;0;0;0;0;2;0;0;0;1;0;0;0;0;0;1
29;0;20;1;1;2500;1;0;0;0;3;0;MG;699097;4;4;7;3;3;3;4;4;0;2;3;2;3;3;2;4;3;3;2;3;2;1;0;1;0;0;0;0;3;0;1;0;1;0;1;0;0;0;0
44;1;20;1;1;10000;1;0;0;0;1;0;RN;300618;1;4;1;5;3;4;4;3;0;4;4;4;3;3;3;4;4;4;3;2;2;2;1;1;0;0;0;0;2;1;0;0;0;0;0;0;0;0;1
25;0;17;0;1;1500;0;0;0;0;3;1;RN;267036;3;4;7;2;1;4;4;2;0;1;4;3;3;3;2;4;3;3;2;2;2;1;0;1;0;0;0;0;8;1;1;1;1;1;1;0;0;1;1
34;0;22;0;0;2500;1;0;0;0;2;1;RS;21801;5;4;1;3;1;4;5;3;0;4;4;3;2;3;2;4;4;3;2;3;2;2;0;1;0;0;1;0;2;1;0;0;0;0;1;0;0;0;0
54;0;17;0;1;4500;1;0;0;0;2;0;RN;890480;4;4;1;4;4;4;3;3;0;5;5;4;4;3;3;5;5;5;4;2;2;2;1;1;0;0;0;0;1;0;0;0;0;0;1;0;0;0;0
49;1;22;0;1;13500;1;1;0;2;2;1;SP;65570;1;4;3;4;2;5;3;1;1;4;5;2;5;2;3;4;4;5;5;3;2;2;1;1;0;0;0;0;2;1;0;0;0;0;1;0;0;0;0
58;1;18;0;1;10000;1;1;0;0;2;0;SP;1213792;5;5;3;5;1;5;2;1;0;4;4;2;1;2;4;4;4;5;5;3;2;1;0;1;0;0;0;0;3;0;0;0;0;1;1;0;0;1;0
54;0;17;0;1;13500;1;1;2;0;3;1;PE;158899;4;4;7;4;2;4;3;2;1;4;4;2;3;3;2;3;4;5;5;2;2;2;1;1;0;0;0;0;2;0;0;1;0;0;1;0;0;0;0
42;1;17;0;1;19000;0;1;1;1;1;1;PR;133490;5;4;7;5;5;4;4;1;0;4;3;3;3;3;2;5;5;4;4;4;3;1;0;0;1;0;0;0;1;0;0;0;0;0;1;0;0;0;0
34;1;17;0;1;41250;0;0;0;0;2;1;RJ;6747815;2;4;5;3;1;4;2;2;0;4;4;3;3;4;4;4;4;5;5;2;2;2;1;1;0;0;0;0;3;0;1;0;1;0;1;0;0;0;0
59;0;20;1;1;6500;0;1;0;0;2;0;CE;2686612;2;4;5;2;1;5;5;2;0;5;3;5;1;2;2;4;4;4;5;3;3;2;1;1;0;0;0;0;2;0;0;0;0;0;1;0;0;1;0
24;1;14;1;0;2500;1;1;0;0;4;1;PE;334376;2;4;5;4;4;2;4;3;0;2;3;3;3;2;2;4;2;2;5;3;2;1;0;0;1;0;0;0;3;0;1;0;0;0;0;0;0;1;1
35;1;16;1;1;4500;1;1;0;0;3;1;PE;1653461;5;5;30;5;5;5;5;5;0;5;4;1;4;3;2;5;5;5;5;3;2;2;1;1;0;0;0;0;4;1;1;0;0;0;0;0;0;1;1
45;1;16;1;1;2500;0;0;0;0;1;0;MG;2521564;4;4;7;5;5;5;2;2;0;4;4;3;4;4;4;4;4;4;5;2;2;2;1;1;0;0;0;0;2;0;0;0;1;0;1;0;0;0;0
25;0;17;1;1;6500;1;1;5;1;4;1;PE;84699;4;3;7;3;2;4;3;2;0;4;4;3;3;3;2;4;3;3;3;4;3;2;0;0;1;0;0;1;2;1;0;0;0;0;0;1;0;0;0
37;1;22;0;1;27500;1;1;1;0;2;0;PE;706867;5;4;3;4;1;4;1;4;1;2;4;4;3;3;4;3;3;4;4;3;2;1;0;1;0;0;0;0;1;0;0;0;0;1;0;0;0;0;0
33;1;14;0;1;4500;0;1;0;0;2;1;PE;1653461;5;4;7;5;5;4;5;5;0;5;4;4;4;2;2;4;5;4;5;3;3;2;0;1;1;0;0;0;5;0;1;1;1;1;0;0;0;1;0
27;0;17;1;1;4500;0;0;8;0;2;1;PE;706867;5;4;30;3;2;5;4;1;0;4;3;3;3;3;4;4;4;3;3;3;2;2;1;1;0;0;0;0;3;0;1;0;0;0;1;0;0;0;1
26;1;16;1;1;2500;1;1;3;1;1;1;PE;56198;1;4;3;5;4;1;3;5;0;4;5;5;5;2;3;5;5;4;5;3;3;3;1;1;0;0;1;0;6;1;1;1;1;1;0;0;0;1;0
40;0;17;0;1;6500;0;1;1;0;2;0;PE;208944;5;4;7;5;5;5;4;4;0;4;2;3;4;3;4;5;5;4;5;2;2;1;0;1;0;0;0;0;1;0;0;0;0;0;1;0;0;0;0
21;1;16;1;1;2500;1;1;0;0;2;0;BA;2886698;2;3;1;1;1;5;5;1;0;5;5;3;4;2;2;2;2;5;3;3;2;4;1;1;1;1;0;0;5;1;1;0;0;0;1;0;1;1;0
44;1;17;0;1;19000;1;1;2;0;2;1;PE;140577;3;4;1;5;2;4;5;1;1;4;3;2;4;3;4;4;4;5;2;5;3;5;1;1;1;1;0;1;3;0;0;1;0;0;0;0;0;1;1
57;0;22;1;1;41250;1;1;0;0;2;1;PE;1653461;4;2;30;4;2;3;2;1;0;4;4;3;4;4;2;4;4;4;2;2;2;1;0;1;0;0;0;0;2;0;0;0;1;0;1;0;0;0;0
56;1;17;1;1;10000;1;1;0;0;1;0;PE;1653461;4;4;1;4;3;4;3;3;1;4;4;4;2;2;2;4;4;4;3;2;2;1;1;0;0;0;0;0;0;0;0;0;0;0;0;0;0;0;0
60;1;17;0;0;19000;0;1;2;0;2;0;ES;365855;4;4;1;5;5;5;5;5;0;5;5;2;1;1;2;4;4;4;5;2;2;2;1;1;0;0;0;0;0;0;0;0;0;0;0;0;0;0;0
53;0;16;0;1;13500;1;1;1;0;4;1;PE;158899;4;4;7;3;2;5;3;3;1;4;4;3;4;3;3;4;4;4;3;3;2;1;0;1;0;0;0;0;1;0;0;0;1;0;0;0;0;0;0
39;1;16;0;1;10000;0;0;1;1;2;0;PE;334376;5;4;1;2;2;4;5;4;0;4;5;4;3;3;4;4;4;4;3;2;2;2;1;1;0;0;0;0;2;1;0;0;0;1;0;0;0;0;0
49;0;18;0;1;19000;0;0;1;1;3;1;PE;1653461;5;4;7;4;4;5;4;4;0;4;5;4;2;3;3;4;4;4;4;3;2;2;1;1;0;0;0;0;2;0;1;0;0;0;1;0;0;0;0
48;0;18;0;1;19000;1;1;0;2;2;1;PE;158899;4;4;7;3;2;4;3;1;1;4;3;2;4;5;2;3;3;5;5;2;2;2;1;1;0;0;0;0;2;0;1;0;0;0;1;0;0;0;0
46;1;17;0;1;6500;1;0;1;0;3;1;PE;158899;2;4;7;3;2;4;5;5;0;4;4;2;4;3;2;4;4;5;5;3;2;2;1;1;0;0;0;0;6;1;1;1;1;1;1;0;0;0;0
25;1;14;0;1;2500;1;0;0;0;2;0;PE;1653461;1;4;5;1;1;3;3;1;0;4;4;3;4;4;2;2;2;3;2;4;2;2;1;1;0;0;0;0;3;0;1;0;0;0;1;0;0;1;0
38;0;17;0;1;19000;0;1;1;0;2;0;PE;1653461;4;4;5;2;3;4;4;3;0;4;5;4;4;3;3;4;4;4;3;3;2;2;1;1;0;0;0;0;3;0;0;0;1;0;1;0;0;1;0
65;0;18;0;1;19000;0;1;0;0;2;1;PE;1653461;4;3;1;4;4;3;4;2;0;2;4;3;4;3;2;4;3;5;3;3;2;3;1;1;1;0;0;0;3;0;0;1;0;0;1;0;0;1;0
44;0;17;1;1;10000;0;0;2;1;1;1;PE;1653461;5;3;30;4;1;3;4;2;0;2;2;2;4;3;3;4;4;3;2;3;3;3;1;1;0;0;0;1;4;1;0;1;0;0;1;0;0;0;1
22;1;14;1;1;2500;0;0;0;0;3;0;PE;1653461;4;3;1;3;2;3;4;2;0;3;3;3;3;3;2;4;3;2;3;4;2;2;1;1;0;0;0;0;5;1;1;0;1;0;1;0;0;1;0
40;1;14;0;0;2500;1;1;0;1;2;1;RS;283620;5;3;1;4;4;5;5;2;0;4;5;2;2;2;3;4;4;3;4;2;2;2;1;1;0;0;0;0;1;0;0;0;0;0;1;0;0;0;0
63;0;14;0;1;41250;0;1;0;0;2;0;PE;706867;5;4;1;4;3;5;4;4;0;4;4;2;2;2;2;4;4;5;5;3;2;1;1;0;0;0;0;0;1;0;0;0;0;0;1;0;0;0;0
23;1;14;1;0;6500;1;1;0;1;3;1;RS;11330;3;4;1;2;2;4;4;3;0;5;4;5;5;2;2;4;3;4;3;3;3;3;1;1;1;0;0;0;5;1;0;1;0;0;1;0;0;1;1
38;1;17;0;1;4500;1;1;1;1;2;1;RS;80037;4;4;30;5;5;5;5;3;0;5;4;3;3;2;2;4;5;5;3;2;2;2;1;1;0;0;0;0;1;0;0;0;0;0;0;0;0;0;1
81;1;12;1;0;2500;1;0;2;0;2;0;CE;73188;5;4;1;4;2;5;3;5;1;4;5;4;1;2;2;4;4;3;1;2;2;2;0;1;0;0;0;1;3;0;0;1;0;0;1;0;0;0;1
42;1;22;1;1;13500;0;0;0;0;2;0;RS;1488252;4;4;5;4;4;5;3;1;0;5;5;5;5;3;3;5;5;5;4;3;2;2;1;1;0;0;0;0;4;0;0;1;0;1;1;0;0;1;0
39;1;16;0;0;10000;1;1;2;0;2;0;PE;84395;1;4;7;5;3;4;4;1;0;5;2;3;2;2;2;4;5;5;4;2;2;1;0;1;0;0;0;0;2;0;0;0;0;0;1;0;0;0;1
27;0;16;1;1;6500;1;1;0;0;3;1;PE;334376;4;4;1;5;3;4;2;3;0;5;5;2;4;3;3;4;5;5;3;2;2;1;0;1;0;0;0;0;2;0;0;0;1;0;0;0;0;0;1
27;0;16;0;1;6500;1;1;0;0;2;1;PE;56198;5;2;30;3;1;1;1;3;0;3;1;2;4;2;2;4;4;5;5;3;2;2;1;1;0;0;0;0;5;1;0;0;0;1;0;1;1;0;1
25;1;14;0;1;2500;1;1;1;0;2;1;PE;1653461;5;3;1;2;1;5;4;1;0;3;2;2;5;2;2;3;3;2;3;4;4;3;1;1;1;0;0;0;3;0;0;0;1;0;1;0;0;0;1
24;0;14;1;1;4500;0;0;0;0;4;0;PE;1653461;5;4;1;3;1;5;4;1;0;4;5;5;2;3;3;5;4;3;3;3;2;2;1;1;0;0;0;0;4;1;1;0;1;0;1;0;0;0;0
18;0;14;1;0;10000;0;1;0;0;5;0;PE;706867;5;2;1;2;1;5;2;1;1;4;5;3;5;3;3;4;4;4;5;4;3;3;1;1;1;0;0;0;2;1;0;0;0;0;1;0;0;0;0
58;1;12;0;1;4500;0;1;0;0;3;0;PE;65647;5;4;3;2;2;5;5;2;0;3;4;2;2;2;3;3;4;4;3;3;3;2;1;1;0;0;0;0;2;0;1;0;0;0;0;0;0;1;0
39;1;5;1;0;1500;1;0;2;1;3;0;MG;33413;4;4;30;4;5;5;4;3;0;4;4;1;2;1;1;4;5;5;5;2;2;2;1;1;0;0;0;0;3;0;0;0;1;0;0;0;1;0;1
60;1;18;1;0;10000;1;1;0;0;1;1;MG;338197;5;3;7;5;5;5;5;1;0;4;4;2;2;2;3;4;4;5;2;3;2;1;0;1;0;0;0;0;1;0;0;0;0;0;1;0;0;0;0
43;1;9;1;1;1500;1;1;2;1;1;1;MG;31364;5;4;45;5;5;5;5;5;0;5;5;1;1;1;2;4;5;5;5;1;1;4;1;1;0;1;0;1;1;1;0;0;0;0;0;0;0;0;0
52;1;17;1;1;41250;1;0;0;1;1;1;SP;12325232;4;4;7;4;3;4;4;3;0;5;4;5;4;4;3;4;4;4;3;3;3;2;1;0;1;0;0;0;1;0;0;0;0;0;1;0;0;0;0
39;1;17;1;1;6500;0;1;4;1;2;1;SP;293652;4;4;7;4;3;5;5;2;0;5;5;2;1;3;2;4;4;5;5;3;2;2;0;1;1;0;0;0;7;0;1;1;1;1;1;0;0;1;1
59;1;16;1;0;4500;1;1;1;0;2;1;MG;241835;5;4;30;5;5;4;5;5;0;4;3;4;2;2;2;4;4;5;5;2;2;2;0;1;0;0;0;1;1;0;0;0;0;0;0;0;1;0;0
37;1;16;0;1;4500;0;1;2;0;3;0;PR;47842;1;4;5;2;2;5;5;5;0;5;5;4;4;3;3;5;5;5;5;2;2;2;1;1;0;0;0;0;0;0;0;0;0;0;0;0;0;0;0
50;1;17;1;1;6500;1;1;0;1;3;1;SP;131626;3;4;7;5;5;5;5;1;0;5;4;4;4;2;2;4;5;5;5;3;2;2;1;1;0;0;0;0;1;0;0;0;0;0;1;0;0;0;0
65;1;5;0;1;4500;1;1;0;0;3;1;RS;31063;5;3;30;1;1;5;5;5;0;5;5;4;1;3;3;4;5;5;5;3;2;2;1;1;0;0;0;0;0;0;0;0;0;0;0;0;0;0;0
35;1;12;0;0;1500;1;0;2;0;2;1;MG;94808;5;4;1;5;5;5;5;3;0;4;5;1;1;2;1;5;5;5;5;3;2;1;0;1;0;0;0;0;2;0;0;0;1;0;0;0;0;0;1
56;1;16;0;0;4500;1;1;0;0;5;1;MG;2521564;3;3;30;5;3;5;3;2;0;4;3;2;3;2;3;4;4;4;4;2;2;2;1;1;0;0;0;0;3;0;0;0;0;0;1;0;1;1;0
42;1;5;1;0;1500;1;1;1;1;2;0;SP;464983;3;2;30;2;2;5;5;3;0;5;5;1;4;2;2;5;4;3;5;3;2;2;1;1;0;0;0;0;2;1;0;1;0;0;0;0;0;0;0
64;1;16;1;0;2500;1;1;1;1;1;1;SP;103102;5;4;7;4;3;3;5;5;0;4;4;4;4;5;2;4;4;5;5;2;2;2;1;1;0;0;0;0;2;1;0;1;0;0;0;0;0;0;0
46;1;16;1;1;2500;1;1;0;1;2;1;SP;238339;5;4;1;4;4;4;4;4;0;3;1;3;3;2;2;4;5;5;5;2;2;3;1;1;0;0;0;1;1;0;0;0;0;0;1;0;0;0;0
58;1;11;0;0;1500;1;0;0;0;3;1;RS;348208;5;3;1;5;5;5;5;1;0;4;4;4;4;1;2;4;5;5;3;1;1;0;0;0;0;0;0;0;3;0;1;0;1;0;0;0;0;0;1
54;1;12;0;1;2500;0;1;1;0;2;1;RJ;76869;5;3;45;1;1;4;5;2;0;3;3;2;3;3;3;3;4;5;3;3;3;1;0;1;0;0;0;0;2;0;0;1;0;0;1;0;0;0;0
45;1;16;0;0;1500;0;0;1;0;2;0;BA;2886698;5;4;30;3;2;5;5;3;0;4;4;1;4;2;2;4;5;5;3;2;2;1;0;1;0;0;0;0;5;0;1;1;0;0;1;0;0;1;1
19;1;14;1;0;1500;1;1;0;1;2;1;RS;3002;5;4;7;4;3;4;5;5;0;4;5;2;4;2;2;4;4;5;4;3;2;1;0;1;0;0;0;0;2;0;1;0;0;0;1;0;0;0;0
39;1;16;0;1;2500;0;1;1;0;2;0;MG;2521564;4;4;30;3;3;4;4;3;0;3;4;3;3;2;3;4;3;3;5;3;2;1;0;1;0;0;0;0;1;0;0;0;0;0;1;0;0;0;0
65;1;16;1;0;1500;0;0;1;0;2;0;RJ;6747815;5;3;7;5;2;5;5;4;0;5;5;3;3;2;2;4;5;5;5;1;1;2;1;1;0;0;0;0;0;0;0;0;0;0;0;0;0;0;0
54;1;16;0;1;8000;1;1;3;0;3;1;SC;250181;2;4;1;4;1;4;4;1;1;5;5;4;1;2;1;3;5;5;1;2;2;2;1;1;0;0;0;0;3;0;1;0;0;0;1;0;0;0;1
56;1;12;0;0;13500;1;0;0;0;4;0;BA;201635;5;4;30;5;4;5;5;3;0;5;3;2;3;2;2;4;5;5;4;2;1;1;1;0;0;0;0;0;0;0;0;0;0;0;0;0;0;0;0
31;1;14;0;0;2500;0;1;1;0;2;0;RS;1488252;3;4;30;1;1;4;4;1;0;5;5;4;4;2;2;3;3;5;5;2;2;1;0;1;0;0;0;0;2;0;0;0;0;0;1;0;0;0;1
45;1;17;0;1;1500;1;1;0;0;2;1;SP;230371;5;3;1;5;5;5;5;4;0;4;4;2;3;3;3;4;4;4;3;2;2;3;1;1;0;1;0;0;1;0;0;0;0;0;1;0;0;0;0
62;1;17;0;0;10000;0;0;0;0;2;1;SP;12325232;4;4;1;3;4;5;5;5;0;4;5;2;5;3;3;3;4;4;4;3;2;2;1;1;0;0;0;0;4;1;0;1;0;0;1;0;0;0;1
64;1;11;0;0;2500;1;1;0;0;4;1;RJ;306678;4;4;1;5;2;5;5;3;0;4;3;2;3;2;3;4;4;4;3;3;3;3;1;1;1;0;0;0;7;1;1;1;1;0;1;0;0;1;1
60;1;22;1;1;13500;1;0;0;0;1;0;MG;2521564;5;4;7;5;4;5;5;3;0;4;4;3;2;1;1;4;4;4;3;3;2;1;1;0;0;0;0;0;3;1;0;0;0;0;1;0;0;1;0
49;1;17;0;1;4500;1;1;0;0;2;1;RR;419652;4;4;1;4;4;4;4;4;0;3;3;2;4;3;3;4;4;5;5;2;2;3;1;1;0;0;0;1;5;1;1;1;0;0;0;0;1;0;1
61;1;16;1;1;2500;1;1;0;0;2;1;TO;183381;5;4;7;5;3;5;5;5;0;5;4;2;3;2;2;5;5;5;5;2;1;2;1;1;0;0;0;0;6;0;1;1;1;1;1;0;0;0;1
41;1;17;1;1;4500;1;1;0;0;3;0;BA;2886698;5;4;3;5;3;5;5;3;0;5;5;1;1;2;2;4;4;4;4;2;2;2;1;1;0;0;0;0;2;0;1;0;0;0;1;0;0;0;0
66;1;17;1;0;4500;1;1;0;1;1;1;SC;106422;4;3;30;5;5;4;4;1;0;4;5;3;3;2;2;4;5;5;5;2;2;2;1;1;0;0;0;0;3;1;0;0;0;0;1;0;0;0;1
48;0;17;0;1;6500;1;1;0;2;2;0;BA;218162;5;4;30;4;5;5;2;2;0;5;5;4;2;2;2;4;5;5;5;1;1;2;1;1;0;0;0;0;0;0;0;0;0;0;0;0;0;0;0
31;0;14;1;0;2500;1;1;0;0;5;1;PE;354317;4;3;30;5;2;3;4;3;0;4;5;4;3;2;3;3;3;2;3;3;2;1;0;1;0;0;0;0;4;1;1;1;0;0;0;0;0;1;0
39;0;18;0;1;10000;0;1;2;0;2;0;PE;354317;4;4;30;4;3;4;3;4;1;4;5;2;2;3;3;4;4;3;3;2;2;1;0;1;0;0;0;0;2;0;0;0;0;1;0;0;0;0;1
51;1;22;1;1;8000;1;1;1;1;1;1;PE;354317;3;4;1;5;5;4;4;1;0;4;4;3;2;3;3;4;4;3;3;2;2;1;1;0;0;0;0;0;2;0;0;0;0;0;1;0;0;0;1
24;0;14;1;1;1500;1;1;0;0;3;1;PE;354317;5;4;30;3;2;4;3;3;0;5;5;1;4;2;3;4;5;3;2;2;2;1;0;1;0;0;0;0;1;0;0;1;0;0;0;0;0;0;0
20;1;14;1;0;4500;1;1;0;0;3;1;BA;72545;2;4;1;5;4;5;5;1;0;4;3;5;1;2;3;4;5;5;1;5;2;2;1;1;0;0;0;0;4;1;0;1;0;0;1;0;0;1;0
44;1;16;0;1;1500;1;0;1;1;2;1;GO;34202;5;4;7;4;3;5;5;3;0;4;4;2;2;3;2;4;4;4;4;2;2;1;1;0;0;0;0;0;3;0;1;0;0;0;0;0;0;1;1
60;1;17;0;0;6500;1;1;2;0;4;1;BA;41170;2;4;7;5;2;5;5;2;0;4;4;2;2;2;2;4;5;5;3;2;2;2;1;1;0;0;0;0;0;0;0;0;0;0;0;0;0;0;0
55;0;22;0;1;13500;1;1;0;0;3;0;BA;218162;2;4;7;3;2;4;4;2;0;2;3;3;4;3;3;4;4;5;4;3;2;2;1;1;0;0;0;0;2;1;0;0;0;0;1;0;0;0;0
56;1;5;0;0;2500;1;1;0;0;2;1;SP;20831;5;4;7;5;3;4;5;5;0;4;5;1;2;2;3;5;5;5;2;2;1;1;0;1;0;0;0;0;0;0;0;0;0;0;0;0;0;0;0
51;1;22;0;1;10000;1;1;0;0;2;0;SP;122505;5;4;7;5;5;5;4;5;0;5;4;4;2;2;2;4;5;4;5;2;2;2;1;1;0;0;0;0;2;0;0;0;0;0;1;0;1;0;0
38;1;12;1;1;2500;1;1;2;0;2;1;MG;17327;2;3;7;3;3;4;4;1;0;4;4;3;2;3;3;4;4;3;3;2;2;2;1;1;0;0;0;0;2;0;1;0;0;0;1;0;0;0;0
24;0;14;1;1;1500;1;1;0;0;4;1;PE;354317;2;4;3;2;1;5;4;2;0;3;5;4;4;3;3;3;3;5;3;4;4;3;1;1;1;0;0;0;4;1;0;1;0;0;1;0;1;0;0
29;1;17;1;0;2500;1;1;1;0;5;1;BA;79424;2;3;30;2;1;4;5;4;0;5;5;1;1;1;1;4;4;3;3;2;2;1;0;1;0;0;0;0;1;1;0;0;0;0;0;0;0;0;0
54;1;12;1;0;1500;0;1;0;0;3;0;MG;59875;5;4;5;5;4;5;5;3;0;2;2;2;4;2;2;5;5;3;2;4;4;2;1;1;0;0;0;0;4;0;1;1;0;0;1;0;0;1;0
65;1;12;0;0;13500;1;1;0;0;2;1;CE;54962;4;3;30;5;3;5;5;5;0;5;5;1;2;3;3;4;4;5;5;2;2;1;0;0;1;0;0;0;2;0;0;0;0;0;1;0;0;0;1
36;1;16;0;0;1500;1;1;1;1;2;0;PE;1653461;5;4;1;5;5;5;5;5;0;2;2;4;1;2;2;4;5;3;3;2;2;1;0;1;0;0;0;0;0;0;0;0;0;0;0;0;0;0;0
31;1;18;1;1;1500;0;1;0;0;2;0;PE;354317;5;3;45;1;1;4;4;2;0;3;4;3;4;3;5;4;5;2;2;3;3;2;0;1;1;0;0;0;2;1;0;1;0;0;0;0;0;0;0
26;1;17;1;1;6500;1;1;0;0;3;1;MG;241835;3;4;30;5;1;4;1;1;0;2;3;2;2;3;4;2;2;1;3;4;5;4;1;1;1;0;0;1;6;1;0;1;0;0;1;0;1;1;1
63;1;11;1;0;1500;1;0;1;0;1;0;MG;2521564;5;3;45;3;1;3;5;1;0;5;5;1;4;2;2;5;5;5;3;2;2;1;0;1;0;0;0;0;4;0;0;0;0;1;0;1;0;1;1
69;1;12;1;0;4500;0;1;2;0;2;0;SP;44360;4;4;1;4;3;4;4;4;1;4;3;3;3;3;4;3;4;4;2;4;3;4;1;1;1;0;0;1;3;1;0;0;0;1;1;0;0;0;0
58;1;22;1;1;13500;1;1;3;2;1;0;PE;354317;5;3;1;4;4;4;4;4;0;4;3;4;2;2;2;5;5;5;5;2;2;2;1;1;0;0;0;0;0;0;0;0;0;0;0;0;0;0;0
45;1;5;1;0;1500;1;1;2;2;3;1;RS;76321;5;2;30;5;5;5;5;5;0;3;1;1;1;2;2;5;5;1;5;2;2;1;0;0;0;0;0;1;1;1;0;0;0;0;0;0;0;0;0
62;1;16;0;0;19000;1;1;0;0;4;0;BA;2886698;5;4;1;5;5;5;3;5;1;3;3;1;4;2;2;4;4;5;2;2;2;1;0;1;0;0;0;0;2;0;0;0;0;0;1;0;0;0;1
67;1;17;1;0;1500;1;1;1;0;4;1;BA;2886698;4;4;30;4;2;4;5;2;0;5;3;2;2;2;2;5;5;3;3;2;2;1;0;1;0;0;0;0;1;0;0;0;0;0;0;0;0;1;0
67;1;14;1;1;4500;0;1;0;0;1;0;BA;213685;1;3;1;1;1;1;3;1;0;3;3;4;4;5;5;4;5;5;5;2;2;1;1;0;0;0;0;0;2;0;1;0;0;0;1;0;0;0;0
65;1;16;0;0;6500;1;1;0;0;2;0;SP;2505;4;4;30;5;3;4;5;5;0;3;4;3;3;3;2;4;4;5;4;2;2;2;1;1;0;0;0;0;1;1;0;0;0;0;0;0;0;0;0
29;0;17;0;1;19000;0;0;0;0;2;1;PE;354317;3;4;7;3;1;4;4;3;0;4;4;2;3;4;4;2;2;3;2;4;4;1;0;1;0;0;0;0;3;0;0;1;1;0;1;0;0;0;0
28;1;17;0;1;4500;1;1;1;0;2;0;PE;61249;4;4;1;5;3;5;5;3;0;3;3;3;4;3;2;4;5;3;4;4;2;2;1;1;0;0;0;0;3;1;0;0;0;0;1;0;0;0;1
50;1;16;1;0;8000;0;1;0;2;2;1;BA;213685;1;4;1;3;2;5;3;4;1;3;5;1;4;3;3;4;4;5;5;3;2;1;0;0;0;0;0;1;1;0;0;0;0;0;1;0;0;0;0
58;1;22;1;0;1500;1;0;0;1;1;1;SP;729737;5;4;30;5;5;4;4;5;0;5;5;4;3;2;2;5;5;5;5;2;2;1;0;1;0;0;0;0;1;1;0;0;0;0;0;0;0;0;0
55;0;17;0;1;6500;1;1;0;0;2;0;BA;218162;4;4;7;4;3;4;2;3;0;5;4;3;4;3;3;5;4;5;4;2;2;1;0;1;0;0;0;0;1;0;0;0;0;0;1;0;0;0;0
34;0;18;0;1;19000;1;1;2;0;2;0;MA;170222;5;4;1;3;2;4;4;1;1;4;4;3;4;2;2;4;3;3;2;3;3;1;0;1;0;0;0;0;4;1;1;0;0;0;1;0;0;0;1
42;1;11;0;0;1500;1;1;1;0;3;1;BA;2886698;5;3;30;5;5;5;4;3;0;4;3;3;5;1;1;4;5;5;5;1;1;0;0;0;0;0;0;0;0;0;0;0;0;0;0;0;0;0;0
40;1;17;0;1;4500;1;1;2;0;4;1;PE;354317;1;4;7;4;1;5;5;5;0;5;5;3;4;1;1;5;5;5;4;2;2;1;0;1;0;0;0;0;2;1;0;1;0;0;0;0;0;0;0
30;1;17;0;1;6500;1;1;1;0;2;1;BA;79424;3;4;1;5;5;5;5;5;0;5;5;4;1;2;3;4;5;5;3;3;2;1;1;0;0;0;0;0;1;0;0;0;0;0;0;0;0;1;0
28;1;17;1;1;2500;1;1;0;1;5;0;PE;354317;5;2;30;5;5;4;3;3;0;4;5;3;4;2;2;4;4;5;5;3;2;2;1;1;0;0;0;0;1;0;0;0;0;0;0;0;0;0;1
59;1;22;0;0;13500;0;1;0;0;4;0;SP;122505;4;4;1;5;5;4;5;5;0;4;4;3;3;3;3;4;4;4;5;3;2;2;1;1;0;0;0;0;1;0;0;0;0;0;1;0;0;0;0
73;0;18;0;0;8000;1;1;0;0;2;0;BA;218162;5;4;1;2;2;3;1;1;1;3;2;1;5;3;3;2;3;5;3;3;2;2;1;1;0;0;0;0;1;0;0;0;0;0;1;0;0;0;0
70;1;16;0;0;2500;1;1;0;1;2;1;CE;2686612;4;3;1;4;4;4;4;3;0;2;3;2;2;2;2;4;4;3;2;3;2;1;0;1;0;0;0;0;1;1;0;0;0;0;0;0;0;0;0
56;1;17;1;0;2500;1;1;0;1;2;1;SP;330845;1;4;1;2;1;4;5;4;0;5;5;1;5;2;3;4;4;5;3;3;2;2;1;1;0;0;0;0;2;1;0;0;0;0;1;0;0;0;0
63;1;17;1;0;4500;1;1;0;0;2;1;RJ;6747815;4;3;1;5;3;4;3;2;0;3;4;1;1;3;3;4;4;4;3;3;2;2;0;0;1;0;0;1;4;0;1;0;1;0;1;0;0;0;1
49;1;16;1;0;4500;0;1;0;0;1;1;SP;12325232;1;4;1;5;4;4;5;2;0;5;5;4;2;1;1;4;4;4;3;3;2;2;1;1;0;0;0;0;1;0;0;0;0;0;0;0;1;0;0
58;1;17;1;0;4500;0;1;0;0;1;0;BA;2886698;4;4;1;3;2;4;2;5;1;4;4;4;4;3;3;4;4;4;4;2;2;2;1;1;0;0;0;0;1;0;0;0;0;0;1;0;0;0;0
41;0;17;0;1;19000;0;1;1;1;2;0;PE;354317;5;4;1;2;2;4;2;4;1;4;4;3;4;2;3;4;4;3;4;3;3;1;0;1;0;0;0;0;5;1;1;1;0;0;1;0;0;1;0
59;0;16;1;1;1500;1;1;0;0;3;1;CE;2686612;3;3;7;3;4;3;4;4;0;4;3;4;4;3;2;3;4;3;3;2;2;2;1;1;0;0;0;0;5;1;0;1;1;0;0;0;0;1;1
29;0;17;0;1;19000;0;0;0;0;2;1;PE;354317;3;4;7;3;1;4;4;3;0;4;4;2;3;4;4;2;2;3;2;4;4;1;0;1;0;0;0;0;3;0;0;1;1;0;1;0;0;0;0
33;0;17;0;1;13500;1;1;1;0;2;0;PE;354317;1;4;7;5;3;5;5;3;0;5;5;5;5;3;4;4;5;5;5;2;2;2;1;1;0;0;0;0;0;0;0;0;0;0;0;0;0;0;0
29;0;17;1;1;6500;0;0;0;0;1;1;PE;354317;5;4;1;5;3;5;3;1;0;4;5;2;4;2;4;4;4;4;2;3;2;2;1;1;0;0;0;0;2;0;1;0;0;0;1;0;0;0;0
42;1;16;0;0;19000;1;1;0;5;5;1;RS;121803;4;3;1;3;2;5;3;2;0;3;2;3;3;4;3;4;4;4;5;3;2;3;0;0;1;1;0;1;2;1;0;0;0;0;1;0;0;0;0
26;1;17;1;1;2500;1;1;0;0;4;1;PE;354317;3;2;45;5;1;4;1;1;0;3;4;3;4;2;3;3;2;2;2;4;3;2;0;1;1;0;0;0;4;1;0;0;1;0;1;0;0;1;0
40;1;16;1;1;1500;1;1;2;0;2;1;BA;29173;3;4;7;3;4;2;2;4;0;4;4;3;2;4;4;4;4;4;3;2;2;3;1;1;0;1;0;0;0;0;0;0;0;0;0;0;0;0;0
40;1;12;1;1;1500;1;0;0;1;1;0;SP;124159;5;5;45;5;5;5;5;5;0;5;5;3;3;3;3;4;5;3;3;2;2;1;1;0;0;0;0;0;0;0;0;0;0;0;0;0;0;0;0
48;1;16;1;0;1500;1;1;2;1;8;1;BA;60131;5;5;1;5;4;2;5;5;0;5;2;5;5;2;1;4;5;5;5;4;5;2;1;0;0;0;0;1;1;1;0;0;0;0;0;0;0;0;0
60;1;14;1;0;1500;0;1;0;0;1;0;PR;575377;3;4;7;3;2;4;3;1;0;5;4;2;3;3;3;4;5;5;5;2;1;1;0;1;0;0;0;0;1;0;1;0;0;0;0;0;0;0;0
49;1;17;1;1;4500;1;1;0;0;2;0;SP;12325232;5;3;45;5;4;5;5;5;0;5;5;2;3;3;2;5;5;4;5;2;1;3;1;1;0;0;0;1;0;0;0;0;0;0;0;0;0;0;0
37;1;14;1;1;2500;1;0;0;0;3;1;PR;575377;4;4;30;5;3;4;4;3;0;5;5;3;3;3;3;5;5;5;4;1;1;0;0;0;0;0;0;0;0;0;0;0;0;0;0;0;0;0;0
22;1;14;1;0;1500;1;1;0;0;4;0;PE;84395;2;4;1;5;4;5;5;4;0;5;5;3;3;2;1;3;4;4;4;2;2;2;1;1;0;0;0;0;1;0;0;1;0;0;0;0;0;0;0
28;0;16;1;1;2500;1;1;4;0;4;1;CE;229458;5;3;1;5;1;5;5;5;0;4;4;2;1;2;3;4;3;3;3;2;2;1;1;0;0;0;0;0;0;0;0;0;0;0;0;0;0;0;0
59;0;12;0;1;10000;1;1;0;0;3;0;AL;47819;3;4;1;3;2;4;5;3;0;4;4;3;3;2;2;4;4;1;5;3;2;1;1;0;0;0;0;0;1;1;0;0;0;0;0;0;0;0;0
59;0;12;0;1;10000;1;1;0;0;3;0;AL;47819;3;4;1;3;2;4;5;3;0;4;4;3;3;2;2;4;4;1;5;3;2;1;1;0;0;0;0;0;1;1;0;0;0;0;0;0;0;0;0
53;1;18;0;0;2500;0;1;0;3;5;0;PE;706867;3;4;1;3;1;1;4;1;0;4;4;1;2;4;3;3;3;4;2;3;2;2;1;1;0;0;0;0;4;1;0;1;0;0;1;0;0;0;1
30;1;14;1;1;2500;0;0;1;0;1;1;CE;2686612;3;4;1;4;2;2;4;1;0;4;5;4;2;3;3;4;4;3;3;3;2;2;1;1;0;0;0;0;3;0;1;0;1;0;1;0;0;0;0
60;1;5;0;1;6500;1;0;0;0;6;1;MG;2521564;5;4;1;1;1;5;5;5;0;5;1;1;1;2;2;4;4;5;5;2;2;1;0;1;0;0;0;0;1;0;0;0;0;0;0;0;0;1;0
49;1;12;0;0;1500;1;1;0;0;4;1;MG;2521564;3;4;3;4;4;3;4;5;0;4;4;3;2;2;5;4;4;5;3;2;2;1;0;1;0;0;0;0;1;0;0;0;0;0;0;0;0;1;0
67;1;16;1;0;4500;0;0;0;0;1;1;MG;699097;4;4;5;5;5;4;5;5;1;3;5;2;2;3;2;5;5;5;5;2;2;2;1;1;0;0;0;0;3;0;0;0;0;0;1;0;0;1;1
53;1;16;0;1;4500;0;1;0;0;3;1;BA;2886698;2;4;7;4;1;5;4;2;0;5;5;4;4;2;1;4;5;5;4;2;2;1;0;1;0;0;0;0;1;1;0;0;0;0;0;0;0;0;0
57;1;16;0;0;2500;1;1;0;1;2;1;PB;411807;5;4;7;5;2;4;5;4;0;4;3;2;2;1;2;4;5;4;3;3;2;2;0;0;1;0;0;1;1;0;0;0;0;0;0;0;0;0;1
58;0;16;0;1;4500;1;1;0;0;3;1;CE;2686612;2;3;30;4;3;5;2;1;0;5;4;2;4;3;3;4;4;3;3;2;2;2;1;1;0;0;0;0;1;0;0;0;0;0;1;0;0;0;0
45;1;17;0;1;19000;1;1;0;0;2;1;MG;337092;2;4;1;5;1;4;3;2;0;4;5;2;2;4;3;4;4;4;5;3;2;1;0;1;0;0;0;0;1;0;0;0;0;0;0;0;0;0;1
43;1;12;1;0;2500;0;1;0;0;2;0;BA;2886698;5;3;45;2;2;5;5;3;0;4;4;3;4;3;2;4;5;5;4;2;2;1;0;1;0;0;0;0;1;0;0;0;0;0;0;0;0;1;0
68;1;22;1;0;13500;1;1;0;1;3;1;MS;906092;5;4;45;5;5;5;5;5;0;5;5;1;1;1;1;5;5;5;5;1;1;0;0;0;0;0;0;0;0;0;0;0;0;0;0;0;0;0;0
38;1;16;0;0;13500;0;1;3;1;2;1;DF;3055149;4;4;7;4;2;5;5;3;0;4;4;3;2;5;2;4;4;5;4;3;2;2;1;1;0;0;0;0;2;0;0;0;0;0;1;0;0;0;1
47;1;16;0;1;2500;1;1;0;1;4;0;BA;17080;2;2;30;4;3;4;5;3;0;3;4;1;3;2;2;4;4;3;3;2;2;3;1;1;0;1;0;0;2;0;0;0;1;0;0;0;0;0;1
56;1;14;0;1;4500;0;0;3;0;3;1;RJ;6747815;5;2;45;5;5;4;3;5;0;5;5;5;5;1;3;5;5;5;5;2;2;1;0;1;0;0;0;0;0;0;0;0;0;0;0;0;0;0;0
19;0;9;1;0;41250;1;1;0;0;4;1;PE;158899;5;3;7;3;4;4;3;5;0;4;4;2;2;2;2;2;3;5;5;2;2;2;1;1;0;0;0;0;1;0;0;0;0;0;1;0;0;0;0
26;0;14;1;1;4500;1;1;0;0;2;0;PE;1653461;1;4;3;3;3;3;2;1;0;4;3;2;4;5;5;5;5;3;3;2;2;2;0;1;0;0;0;1;2;0;0;1;0;1;0;0;0;0;0
24;1;16;1;1;4500;0;0;0;1;3;0;PE;1653461;5;4;5;4;1;5;3;4;0;5;5;1;3;1;2;4;4;4;1;4;3;0;0;0;0;0;0;0;1;0;0;0;0;0;0;0;0;1;0
28;1;16;0;1;4500;1;1;2;0;2;0;SP;12325232;5;3;30;3;3;5;5;3;0;3;1;3;3;3;3;4;4;3;3;3;2;2;1;1;0;0;0;0;5;0;1;1;0;1;1;1;0;0;0
28;0;16;1;1;13500;0;0;0;0;2;0;PE;706867;4;3;7;2;2;3;2;3;1;2;1;5;4;2;2;4;5;4;3;3;2;2;0;1;1;0;0;0;2;0;1;0;1;0;0;0;0;0;0
28;0;16;1;1;13500;0;0;0;0;2;0;PE;706867;4;3;7;2;2;3;2;3;1;2;1;5;4;2;2;4;5;4;3;3;2;2;0;1;1;0;0;0;2;0;1;0;1;0;0;0;0;0;0
53;1;17;0;1;6500;0;1;0;0;3;1;PE;354317;3;4;7;4;4;5;5;4;0;4;3;3;3;2;2;4;4;3;3;2;2;2;1;1;0;0;0;0;3;0;1;0;1;0;0;0;1;0;0
32;0;16;1;1;4500;0;0;0;0;2;1;PE;354317;5;3;30;4;2;4;4;4;0;3;3;4;4;3;1;4;3;2;3;3;3;3;0;1;0;1;0;1;2;0;0;0;0;1;0;0;0;1;0
53;1;17;0;1;8000;0;1;0;0;3;1;PE;354317;3;4;7;5;4;5;5;5;0;3;3;3;2;2;2;4;5;5;3;2;2;2;1;1;0;0;0;0;3;0;1;0;1;0;0;0;0;1;0
49;1;16;0;1;19000;1;1;0;1;3;0;PE;354317;5;3;30;4;4;5;3;5;1;4;4;3;3;3;4;4;4;4;3;2;2;3;1;1;1;0;0;0;0;0;0;0;0;0;0;0;0;0;0
29;0;16;0;1;27500;1;0;1;0;2;1;BA;36116;4;4;1;3;2;4;4;3;0;2;4;3;4;3;3;4;4;2;2;3;2;4;1;1;0;0;1;1;7;1;1;1;0;1;1;0;0;1;1
37;0;16;1;1;8000;1;1;0;0;3;1;PE;354317;1;2;1;5;5;5;5;3;0;5;5;2;1;3;2;4;5;4;4;2;2;1;0;0;0;0;0;1;1;0;0;0;0;0;0;0;0;1;0
41;0;17;0;1;6500;0;1;0;0;2;1;BA;218162;5;4;1;3;1;4;5;1;0;3;3;5;5;3;3;4;4;3;3;2;2;2;1;1;0;0;0;0;2;0;0;0;0;0;1;0;0;0;1
55;1;22;0;1;41250;0;1;4;0;4;0;PE;354317;5;3;1;5;2;5;3;4;1;3;4;3;3;2;4;4;4;3;3;4;2;3;1;1;0;1;0;0;3;0;0;0;1;0;1;0;0;1;0
29;0;16;0;1;19000;0;1;0;0;2;0;PE;354317;1;2;5;5;4;1;2;1;0;2;3;3;3;4;4;2;2;3;4;3;3;2;0;1;1;0;0;0;2;0;0;0;0;1;0;0;0;1;0
50;1;17;1;1;4500;1;0;0;0;4;1;PE;354317;4;4;30;4;3;4;4;4;0;4;4;3;4;3;3;4;5;5;3;3;2;2;1;1;0;0;0;0;5;1;1;0;1;0;1;0;0;0;1
39;0;17;0;1;6500;0;1;3;0;2;0;PE;354317;5;4;1;4;1;4;4;4;0;4;5;4;3;2;3;3;4;3;3;2;2;2;1;1;0;0;0;0;1;0;0;0;0;0;1;0;0;0;0
46;1;22;0;1;13500;1;1;1;2;2;1;PE;354317;4;4;7;5;5;4;3;5;0;5;4;2;4;3;3;4;5;5;5;2;2;1;0;1;0;0;0;0;0;0;0;0;0;0;0;0;0;0;0
24;1;14;0;1;13500;0;1;0;0;2;1;PE;1653461;4;3;45;5;3;4;4;2;0;3;4;2;4;4;4;4;3;4;3;3;2;2;1;1;0;0;0;0;6;0;1;1;1;1;1;0;0;0;1
28;0;16;1;1;13500;0;0;0;0;2;0;PE;706867;4;3;7;2;2;3;2;3;1;2;1;5;4;2;2;4;5;4;3;3;2;2;0;1;1;0;0;0;2;0;1;0;1;0;0;0;0;0;0
26;1;18;1;1;10000;0;0;0;0;2;0;PE;706867;5;4;1;3;1;4;3;5;1;2;5;5;4;2;2;4;5;5;3;2;2;2;1;1;0;0;0;0;3;0;0;1;1;0;0;0;0;1;0
74;0;16;0;0;1500;1;1;1;0;5;1;CE;73188;3;4;7;5;5;5;5;5;0;4;3;3;2;2;2;4;4;4;3;3;2;1;0;1;0;0;0;0;1;0;0;1;0;0;0;0;0;0;0
58;0;18;0;1;19000;1;1;1;1;2;1;BA;218162;3;4;7;3;1;2;3;5;0;5;4;4;4;2;3;4;4;5;2;3;3;2;1;1;0;0;0;0;3;0;1;0;0;0;1;0;0;0;1
43;1;17;1;1;6500;1;0;0;0;3;0;PE;84395;4;4;1;2;1;2;3;1;1;2;5;3;2;4;4;4;4;5;1;3;3;2;1;1;0;0;0;0;5;0;1;1;0;0;1;0;0;1;1
59;0;22;1;1;19000;0;1;0;0;1;0;PE;1653461;1;4;30;1;1;5;5;5;0;5;5;2;4;2;1;5;5;5;1;2;2;1;0;1;0;0;0;0;1;0;0;0;0;0;0;0;0;1;0
