Column1;AGE;GENDER;STATE;EDUC;MARRIED;JOB;INC;PEOPLE;PINC;CEREAL;ROOT;VEGAN;FRUITS;MEAT;EGGS;MILK;OIL;SUGAR;WELL;CWELL;PWELL;ORG;CORG;PORG;GARDEN;CGARDEN;PGARDEN;VEG;CVEG;PVEG;GARDV1;GARDV2;GARDV3;GARDV4;GARDV5;NGARD;FGARD;INDEXV;INDEXN;VEGROOT;MEETEGG;DEPRATIO
0;710;0;CE;220;0;0;190000;40;20;70;30;60;50;50;60;70;70;50;10;40;30;30;40;20;30;30;20;30;20;30;10;0;0;0;0;0;10;1010;3;70;70;5
1;280;10;BA;160;10;10;45000;20;20;70;40;60;50;40;70;70;40;70;20;30;20;30;40;20;30;30;50;40;20;10;10;0;0;0;10;0;20;895;3;70;70;0
2;310;10;PE;180;0;10;45000;20;20;70;50;70;50;60;40;60;60;60;30;40;40;50;50;30;50;50;30;50;30;50;10;10;10;0;10;0;40;1025;3;70;70;0
3;280;10;SP;160;10;10;100000;30;20;70;50;70;30;0;70;0;50;70;70;40;30;30;40;10;10;40;10;50;20;10;0;0;0;0;0;10;0;930;3;70;70;3,33333E+15
5;240;10;PB;140;10;0;100000;40;10;70;30;30;70;30;50;40;50;30;30;20;30;30;40;30;20;20;40;40;30;10;10;10;0;0;0;0;20;840;3;70;70;75
6;690;10;PB;160;10;0;100000;10;10;70;70;60;60;60;60;30;70;70;70;40;40;50;40;30;40;40;40;40;30;10;10;0;0;0;10;0;20;1070;3;70;70;0
7;460;10;SP;160;0;10;412500;40;30;70;70;70;70;70;70;70;70;70;70;40;30;30;40;30;30;40;20;40;20;30;10;0;0;10;10;0;30;1120;3;70;70;25
8;480;10;PE;160;0;10;135000;40;10;0;60;10;70;70;70;70;30;40;20;10;20;30;40;20;30;40;20;40;20;30;10;10;0;0;10;0;30;720;3;60;70;75
9;210;10;PE;120;10;0;45000;40;10;70;50;50;40;60;70;50;70;70;70;40;20;30;40;20;40;30;30;40;20;30;10;0;0;0;0;0;10;1020;3;70;70;75
10;200;0;PE;140;10;0;275000;50;20;70;40;60;70;70;70;70;70;70;70;40;10;10;40;20;30;40;40;30;10;10;10;0;0;0;0;0;10;1090;3;70;70;6
11;480;10;PE;160;0;10;412500;60;50;70;70;50;70;70;70;70;70;70;70;30;20;50;40;20;30;30;30;40;20;20;10;0;0;0;10;0;20;1060;3;70;70;1,66667E+15
12;320;10;RS;180;10;10;80000;20;20;70;70;70;50;70;50;70;70;70;50;40;40;40;50;30;40;50;30;50;30;30;10;10;0;0;10;0;30;1090;3;70;70;0
13;600;10;PE;160;0;10;80000;20;20;70;70;50;60;70;60;70;60;30;50;40;40;50;40;40;50;30;30;20;20;30;10;0;0;0;0;0;10;980;3;70;70;0
14;730;10;PE;120;0;10;25000;20;10;40;20;50;30;30;40;40;40;40;70;20;20;40;20;30;30;30;30;10;20;30;10;0;0;0;10;0;20;825;3;60;70;5
15;730;10;PE;120;0;10;25000;20;10;40;20;50;30;30;40;40;40;40;70;20;20;40;20;30;30;30;30;10;20;30;10;0;0;0;10;0;20;825;3;60;70;5
16;230;10;PE;140;10;0;45000;20;10;40;20;10;0;30;20;40;50;10;30;30;30;40;30;20;40;30;10;50;40;50;0;10;0;0;10;0;20;640;3;60;60;5
17;640;10;PE;220;10;0;190000;10;10;70;30;70;70;70;60;40;70;70;30;40;40;50;40;40;40;30;20;40;30;40;10;0;0;0;0;0;10;1100;3;70;70;0
18;240;0;PE;140;10;10;45000;10;10;70;70;20;60;50;70;60;70;40;70;30;40;40;40;30;50;50;20;50;20;30;10;10;0;0;0;0;20;925;3;70;70;0
19;250;10;PE;140;10;10;65000;20;20;40;60;30;30;20;70;40;70;70;70;30;20;20;30;20;20;10;40;40;20;40;10;10;0;0;10;0;30;910;3;70;70;0
20;490;10;PE;160;10;10;412500;20;20;70;30;40;70;70;60;50;70;50;10;30;30;40;40;30;40;10;20;50;20;30;0;0;0;0;0;10;0;990;3;70;70;0
21;290;10;RJ;160;0;0;25000;20;10;70;40;50;70;0;50;20;50;70;70;40;10;30;50;10;10;50;30;50;20;10;10;0;0;0;10;0;20;910;3;70;70;5
22;570;0;CE;50;0;10;15000;40;20;60;10;30;70;60;70;40;40;70;30;40;20;30;50;30;40;40;40;40;20;30;0;10;0;0;10;0;20;850;3;70;70;5
23;260;10;PE;140;10;10;15000;10;0;70;40;50;50;70;70;70;70;70;70;10;10;40;40;30;40;40;40;40;20;40;10;10;0;10;10;0;40;1040;3;70;70;10
24;550;10;PE;120;0;10;45000;20;20;20;60;30;50;70;60;70;30;70;0;20;40;40;30;20;30;20;40;20;10;10;10;10;0;0;0;0;20;785;3;70;70;0
25;260;10;PE;120;10;10;15000;40;20;70;10;70;60;40;60;50;40;60;20;20;30;50;50;30;40;30;20;30;10;20;10;0;0;10;10;0;30;930;3;70;70;5
26;460;10;PE;160;0;10;25000;30;20;70;50;60;70;70;70;0;70;30;70;30;30;40;30;30;40;30;40;50;40;30;10;0;0;0;0;0;10;1070;3;70;70;3,33333E+15
27;380;10;PE;160;0;10;15000;40;10;70;40;50;30;60;70;50;60;70;60;20;30;30;30;20;20;20;10;10;10;10;10;0;0;0;0;0;10;965;3;70;70;75
28;620;10;RJ;160;0;0;190000;20;20;70;70;70;70;70;70;40;40;40;0;50;40;40;50;40;40;30;30;50;20;30;0;0;0;0;10;0;10;950;3;70;70;0
29;400;10;PE;160;0;10;45000;30;20;50;50;50;60;10;60;20;60;40;70;30;20;50;50;30;50;40;30;50;20;20;10;10;0;10;10;0;40;935;3;70;70;3,33333E+15
30;300;10;PE;180;10;10;45000;30;20;70;30;20;10;10;70;50;60;70;70;20;20;20;40;20;40;40;40;40;10;10;10;10;0;0;10;0;30;810;3;70;70;3,33333E+15
31;200;10;PE;120;10;0;190000;30;10;70;50;50;70;70;70;60;70;70;30;30;20;30;40;30;50;10;20;30;10;10;10;10;0;10;10;0;40;1040;3;70;70;6,66667E+15
32;260;10;PE;140;10;10;65000;50;20;60;40;50;70;60;70;50;60;50;70;20;20;40;20;20;40;20;30;20;20;20;10;10;0;0;10;0;30;1000;3;70;70;6
33;370;10;PE;160;0;10;65000;40;20;70;40;60;50;50;70;70;70;60;70;10;10;20;40;20;40;40;20;30;10;10;10;0;0;0;10;0;20;1045;3;70;70;5
34;500;10;PE;160;10;10;190000;30;10;70;0;30;20;20;50;0;60;0;40;40;10;10;50;20;10;50;10;50;30;10;10;0;0;0;10;0;20;730;3;70;50;6,66667E+15
35;490;10;RJ;140;0;10;45000;30;10;70;20;50;20;20;40;10;30;70;50;50;40;50;50;30;30;50;30;50;30;50;0;10;0;0;10;0;20;710;3;70;50;6,66667E+15
36;480;10;RJ;160;0;0;412500;30;20;70;70;70;70;70;70;30;70;70;50;20;20;20;50;20;10;50;40;50;10;10;10;10;0;0;10;0;30;1110;3;70;70;3,33333E+15
37;330;10;SP;160;10;10;45000;20;10;70;40;60;40;40;50;10;70;70;70;20;20;40;10;20;50;50;20;50;10;50;10;10;0;10;10;0;40;990;3;70;60;5
38;620;0;RJ;180;0;10;412500;30;20;70;70;70;70;20;70;10;70;70;70;50;10;10;50;10;10;50;40;50;10;10;10;10;0;0;10;0;30;1070;3;70;70;3,33333E+15
39;420;10;PE;220;10;10;65000;10;0;50;30;50;60;50;20;30;70;50;20;40;50;50;40;30;50;20;30;50;20;40;10;0;0;0;10;0;20;915;3;70;50;10
40;250;0;PE;160;10;10;25000;20;20;70;10;40;0;0;70;10;70;70;70;20;10;30;20;10;10;20;10;30;10;10;0;0;0;0;10;0;10;890;3;70;70;0
41;310;10;PE;180;0;10;80000;20;20;60;70;40;70;30;60;50;20;50;10;20;20;40;40;40;40;40;40;40;30;30;10;0;0;10;10;0;30;750;3;70;70;0
42;630;0;RJ;160;0;10;275000;30;10;70;60;70;70;30;50;50;50;60;50;20;10;20;40;10;10;20;10;30;10;10;0;0;0;0;0;10;0;985;3;70;70;6,66667E+15
43;600;0;RJ;180;0;10;412500;30;20;70;0;30;50;70;40;20;70;70;10;50;10;10;50;20;10;50;50;20;10;10;10;0;0;0;10;0;20;910;3;70;60;3,33333E+15
44;210;10;BA;120;0;10;15000;20;20;70;70;70;30;70;70;70;70;70;20;50;30;10;50;10;10;50;30;50;20;10;10;10;0;10;10;0;40;1055;3;70;70;0
45;210;0;PE;140;10;10;135000;40;30;60;30;60;20;40;70;50;60;40;40;20;20;20;20;20;20;20;20;20;20;10;10;10;0;0;10;0;30;940;3;70;70;25
46;270;10;PE;180;10;10;45000;40;40;70;20;60;30;40;70;10;50;60;70;20;20;50;30;30;40;40;30;40;20;30;10;0;0;0;10;0;20;935;3;70;70;0
47;300;10;MS;180;0;0;100000;20;10;70;10;50;70;70;70;70;70;70;10;20;10;30;30;20;30;50;40;30;20;10;0;0;0;0;10;0;10;1030;3;70;70;5
48;420;10;PE;120;0;10;15000;40;10;70;50;40;40;50;70;70;70;70;70;30;30;30;50;40;50;40;40;40;10;20;10;0;0;0;10;0;20;980;3;70;70;75
49;480;10;PE;160;0;10;65000;60;40;50;70;50;60;70;70;70;70;70;20;50;10;40;40;20;40;50;30;50;10;10;10;0;0;0;0;0;10;1025;3;70;70;3,33333E+15
50;580;10;PE;160;0;10;80000;30;30;70;70;70;40;70;30;70;10;70;10;40;40;50;50;30;50;20;10;50;30;50;10;0;0;0;0;0;10;820;3;70;70;0
51;340;0;SP;180;10;10;80000;10;10;70;70;40;70;70;0;70;70;0;70;50;50;40;40;50;50;40;50;40;30;40;0;0;0;0;10;0;10;995;3;70;70;0
52;270;0;PE;180;10;10;25000;40;30;60;50;50;50;50;70;30;70;70;70;30;30;50;40;40;40;30;40;30;20;30;10;0;0;0;10;0;20;1020;3;70;70;25
53;260;10;PE;140;0;10;190000;30;20;60;30;20;40;60;70;50;30;40;70;30;10;30;40;30;20;30;10;30;20;10;0;0;0;10;10;0;20;755;3;70;70;3,33333E+15
54;570;10;PE;120;0;10;190000;30;20;50;50;50;30;70;60;50;50;60;40;30;30;20;40;20;10;20;20;10;10;10;10;0;0;0;0;0;10;920;3;70;70;3,33333E+15
55;300;10;PE;160;0;10;65000;20;20;50;70;10;70;20;70;70;70;70;0;20;20;20;30;30;30;20;10;30;10;10;10;10;0;0;10;0;30;855;3;70;70;0
56;370;10;PE;160;0;10;135000;40;20;70;40;40;60;40;70;70;50;70;70;30;20;30;40;10;30;40;20;30;10;10;10;10;0;0;10;0;30;910;3;70;70;5
57;560;10;RJ;220;0;10;135000;40;40;70;40;70;40;70;60;30;30;60;30;50;30;40;50;40;30;30;30;50;20;10;10;10;10;10;10;0;50;905;3;70;70;0
58;450;10;PE;160;0;10;100000;50;20;70;50;50;40;70;70;70;70;70;40;30;20;30;40;20;30;20;20;20;10;20;0;0;0;0;10;0;10;1015;3;70;70;6
59;350;10;PE;220;0;10;135000;20;20;70;30;50;70;60;70;0;70;30;10;40;30;40;50;20;10;50;50;50;20;10;0;0;0;0;10;0;10;1000;3;70;70;0
60;610;10;RJ;220;0;10;275000;20;20;70;70;70;70;40;70;50;70;70;20;40;20;20;50;20;40;50;30;50;10;10;10;10;0;0;10;0;30;1065;3;70;70;0
61;360;10;PE;160;0;10;135000;20;20;70;30;30;50;50;70;60;50;50;40;10;10;30;20;20;30;10;10;30;10;20;10;0;0;0;0;0;10;855;3;70;70;0
62;260;10;PE;160;10;10;25000;20;20;70;40;20;60;70;70;50;60;70;70;10;10;50;40;20;30;40;30;40;20;30;10;10;0;10;10;0;40;920;3;70;70;0
63;190;10;PE;140;10;10;100000;30;30;60;40;40;60;30;60;50;70;70;50;50;40;30;50;30;40;40;20;50;30;30;0;10;0;0;10;0;20;970;3;70;70;0
64;270;10;PE;140;0;10;45000;20;10;70;30;60;60;70;20;70;60;70;70;40;20;30;40;20;30;50;20;40;20;30;10;10;0;10;10;0;40;1040;3;70;70;5
65;190;10;PE;140;10;0;45000;50;40;70;20;40;40;30;20;50;50;70;60;30;40;40;40;30;50;40;20;50;20;30;10;10;0;10;10;0;40;875;3;70;70;2
66;460;0;AL;160;0;10;45000;40;30;70;30;50;10;20;70;20;30;50;70;30;10;20;20;30;20;40;10;20;10;10;0;10;0;0;0;0;10;780;3;70;70;25
67;210;0;PE;140;10;10;15000;10;10;70;0;0;50;40;30;70;70;70;0;30;20;40;40;30;30;10;20;50;20;10;10;10;0;10;10;0;40;825;3;70;70;0
68;480;0;PE;120;0;0;80000;30;10;70;40;70;50;70;70;50;70;30;30;40;30;30;40;30;30;30;30;30;30;30;10;0;0;10;10;0;30;1060;3;70;70;6,66667E+15
69;300;0;PE;160;10;10;135000;30;20;70;50;70;70;70;50;70;50;70;50;40;20;10;50;20;30;50;50;50;30;10;10;0;0;0;10;0;20;1030;3;70;70;3,33333E+15
70;350;10;PE;120;10;10;15000;30;10;70;70;70;70;70;70;70;0;0;0;30;40;40;50;20;50;50;40;20;20;10;10;0;0;0;10;0;20;770;3;70;70;6,66667E+15
71;240;0;PE;160;10;10;25000;50;50;70;30;60;40;30;50;40;30;70;20;20;20;30;20;20;40;10;20;20;10;20;10;10;0;0;0;0;20;835;3;70;70;0
72;280;10;PE;180;10;10;80000;40;30;70;60;70;70;50;50;0;70;50;70;20;30;40;40;20;50;30;40;30;20;10;10;0;0;0;10;0;20;1010;3;70;50;25
73;360;10;PE;160;0;0;45000;30;20;70;30;70;50;30;70;70;50;60;30;20;20;30;30;10;30;10;40;10;20;30;10;0;0;0;0;0;10;955;3;70;70;3,33333E+15
74;610;10;PE;140;0;0;100000;30;20;70;30;0;50;70;70;40;60;30;40;40;20;40;40;20;40;30;40;30;20;20;10;0;0;0;10;0;20;815;3;70;70;3,33333E+15
75;380;10;PE;160;0;10;45000;20;20;70;20;70;70;50;70;50;30;70;70;40;20;30;50;20;30;50;20;50;10;10;10;0;0;0;0;0;10;940;3;70;70;0
76;360;0;PE;160;10;10;100000;30;20;70;10;20;70;30;70;70;40;70;70;20;10;20;40;20;40;20;30;20;10;10;10;10;0;10;10;0;40;810;3;70;70;3,33333E+15
77;560;10;PB;220;10;10;190000;10;10;70;40;50;60;70;70;40;50;70;70;20;20;40;40;40;50;30;40;40;20;20;10;0;0;0;10;0;20;970;3;70;70;0
78;330;10;PE;120;0;10;15000;30;20;70;60;40;50;70;60;70;60;40;30;20;40;50;50;20;40;10;10;20;10;20;10;0;0;0;0;0;10;935;3;70;70;3,33333E+15
79;240;0;PE;140;0;10;65000;20;20;50;30;0;40;60;70;60;40;70;60;30;20;30;50;20;10;50;40;50;20;10;10;10;0;10;10;0;40;745;3;70;70;0
80;260;0;PE;160;10;10;275000;40;40;70;70;70;70;60;70;60;70;70;50;40;20;30;40;30;30;30;20;50;30;40;10;0;0;0;10;0;20;1100;3;70;70;0
81;230;10;PE;160;10;10;25000;10;10;70;50;50;50;10;70;0;70;70;70;30;20;20;40;30;20;50;50;30;10;10;10;10;0;0;10;0;30;980;3;70;70;0
82;320;10;SP;160;0;10;65000;30;20;70;70;10;70;30;70;30;70;70;70;30;20;40;40;30;40;30;10;30;10;30;10;10;0;0;10;0;30;900;3;70;70;3,33333E+15
83;640;10;SP;180;10;0;135000;10;0;70;70;70;70;70;50;40;70;70;50;40;40;40;50;40;50;20;40;50;40;40;0;0;0;0;10;0;10;1110;3;70;70;10
84;470;10;PE;160;0;10;100000;30;20;70;60;70;70;70;70;50;60;70;30;40;40;20;30;20;40;20;40;30;20;20;0;0;0;0;10;0;10;1060;3;70;70;3,33333E+15
85;340;10;PE;160;0;10;80000;40;20;70;0;50;0;30;40;40;70;70;70;20;10;40;20;20;30;10;20;10;10;10;10;0;0;0;0;0;10;950;3;70;70;5
86;360;10;PE;160;0;10;412500;40;20;70;40;70;70;20;70;20;20;70;50;50;10;10;50;20;10;40;40;50;10;10;10;0;0;0;10;0;20;860;3;70;70;5
87;210;0;PE;140;0;10;80000;40;40;50;30;40;30;40;60;50;40;50;40;20;10;40;20;30;40;10;20;20;10;20;10;10;0;10;10;0;40;815;3;70;70;0
88;370;10;PE;160;0;10;412500;40;10;70;50;70;70;40;70;70;70;10;70;20;10;40;40;30;40;50;50;40;20;40;0;0;0;0;10;0;10;1060;3;70;70;75
89;390;10;PE;160;0;10;65000;20;20;70;40;40;50;70;0;70;70;70;20;40;30;40;50;30;50;40;40;50;40;40;10;10;0;10;10;0;40;985;3;70;70;0
90;400;10;PE;160;0;10;45000;30;10;60;40;30;60;60;50;70;70;70;20;20;10;30;40;20;30;30;10;40;10;30;10;10;0;0;10;0;30;955;3;70;70;6,66667E+15
91;380;10;PE;160;0;10;45000;20;20;70;40;70;70;70;70;50;70;70;50;50;20;30;50;20;30;50;10;50;20;10;10;0;0;0;10;0;20;1110;3;70;70;0
92;610;0;PB;220;0;10;190000;50;30;70;30;30;70;70;70;70;30;70;20;40;20;40;40;30;50;40;40;30;20;20;10;0;0;0;10;0;20;815;3;70;70;4
93;230;10;PE;140;10;0;135000;50;20;70;30;70;50;30;70;50;70;70;70;20;10;30;30;30;40;20;20;20;20;10;10;10;0;0;0;0;20;1060;3;70;70;6
94;260;10;PE;160;10;10;412500;20;10;10;20;30;50;60;70;70;70;20;20;40;10;20;20;20;40;20;40;40;20;10;10;10;0;10;0;0;30;840;3;30;70;5
95;250;10;PE;140;10;10;45000;20;20;70;40;70;70;70;40;70;70;20;20;20;20;30;40;20;30;40;40;30;10;20;10;10;0;10;10;0;40;1070;3;70;70;0
96;690;10;AM;50;0;0;25000;20;10;40;30;50;0;10;60;20;10;60;20;40;20;30;50;30;40;20;10;40;10;10;0;0;0;0;0;10;0;660;3;70;70;5
97;330;0;PE;160;0;10;45000;30;20;70;0;10;10;30;50;30;70;40;50;20;20;30;20;10;20;30;30;10;10;10;10;10;0;0;10;0;30;815;3;70;70;3,33333E+15
98;210;0;PE;140;10;0;275000;50;20;40;70;70;50;70;70;70;70;70;40;30;10;40;40;30;40;40;40;50;20;10;10;10;0;0;0;0;20;1085;3;70;70;6
99;510;10;PE;160;0;10;15000;50;30;70;70;70;60;70;70;10;70;70;70;40;20;40;50;10;30;50;10;20;10;10;10;10;0;10;10;0;40;1110;3;70;70;4
100;210;10;PE;140;10;10;100000;30;30;60;60;40;50;50;70;0;70;70;70;20;10;10;30;20;30;20;10;30;10;10;10;10;0;10;10;0;40;990;3;70;70;0
101;210;10;PE;140;10;0;45000;30;20;60;40;60;60;50;70;70;70;70;70;40;20;30;50;40;40;40;20;30;20;10;10;10;0;0;10;0;30;1060;3;70;70;3,33333E+15
102;210;10;PR;140;10;10;25000;40;40;60;30;40;40;30;50;40;60;30;50;50;30;40;50;30;40;50;40;50;10;30;10;10;0;10;10;0;40;890;3;70;70;0
103;310;10;PE;160;10;10;45000;20;10;70;30;20;20;70;70;70;40;70;70;20;10;40;50;30;40;40;10;50;10;10;10;10;0;0;10;0;30;800;3;70;70;5
104;270;0;PE;160;10;0;412500;20;10;70;20;70;50;70;70;70;70;70;10;40;30;30;50;40;40;40;30;40;20;10;10;10;0;0;10;0;30;1070;3;70;70;5
105;450;0;RJ;160;10;10;135000;40;20;70;60;60;70;50;70;60;70;50;70;20;10;30;20;10;30;10;10;10;10;10;10;10;0;10;10;0;40;1060;3;70;70;5
106;480;10;PE;160;10;10;65000;40;40;50;70;60;70;70;70;70;70;60;50;40;40;30;40;30;30;40;40;30;10;20;10;10;0;0;10;0;30;1075;3;70;70;0
107;190;10;PE;140;10;0;190000;50;10;70;0;40;60;60;70;0;70;70;30;10;10;10;20;20;40;40;30;20;30;10;10;10;0;0;10;0;30;990;3;70;70;8
108;560;10;PE;180;10;10;25000;20;20;40;50;20;30;20;20;30;70;60;60;10;10;20;20;20;20;10;10;20;10;10;0;0;0;0;10;0;10;790;3;70;50;0
109;250;10;PE;160;10;10;45000;10;10;70;0;0;10;30;40;30;70;70;50;20;10;10;40;20;10;40;20;40;10;10;10;10;0;0;0;0;20;800;3;70;70;0
110;190;10;PB;120;10;10;25000;30;30;70;30;10;10;30;30;40;20;40;40;20;10;30;20;10;20;10;10;40;10;10;10;0;0;0;0;0;10;610;3;70;70;0
111;440;10;PB;50;0;10;15000;30;30;70;70;70;70;70;70;70;70;70;70;30;40;40;30;30;40;20;40;50;40;20;10;10;0;0;0;0;20;1120;3;70;70;0
112;550;0;PB;50;0;10;15000;30;30;70;40;50;50;70;30;70;0;0;20;20;50;40;40;20;40;20;20;30;30;30;10;0;0;0;10;0;20;700;3;70;70;0
113;480;10;SP;160;0;0;25000;20;10;50;40;50;70;50;50;20;70;70;70;20;10;20;20;30;40;20;20;40;20;20;10;0;0;0;10;0;20;1040;3;70;70;5
114;420;10;SP;220;0;10;45000;20;20;70;30;30;50;20;70;20;60;50;50;40;10;20;40;20;20;40;10;40;20;10;10;10;0;0;10;0;30;870;3;70;70;0
115;580;0;SP;160;0;10;45000;20;10;70;40;70;70;50;40;40;70;70;70;30;10;30;40;20;30;40;10;40;20;10;10;10;0;0;10;0;30;1100;3;70;70;5
116;210;10;PE;140;10;10;100000;30;20;70;40;50;70;70;70;30;70;70;70;40;10;30;50;40;50;50;50;50;20;40;10;0;0;0;10;0;20;1060;3;70;70;3,33333E+15
117;440;10;RJ;160;0;10;100000;40;20;70;40;70;50;40;60;40;70;70;70;30;40;40;40;30;40;50;50;30;10;10;10;0;0;0;10;0;20;1070;3;70;70;5
118;280;10;SP;160;10;0;25000;30;20;70;20;40;20;0;50;20;30;50;70;10;10;30;30;10;30;20;20;30;10;10;10;10;0;0;10;0;30;740;3;70;70;3,33333E+15
119;750;10;RJ;180;10;0;135000;10;0;70;70;70;70;70;70;50;50;40;10;50;40;50;50;40;50;50;50;40;20;30;10;0;0;0;0;0;10;995;3;70;70;10
120;290;0;BA;160;10;10;100000;20;20;50;40;70;50;70;70;70;70;70;30;10;10;40;40;30;50;20;40;50;20;10;10;0;0;0;10;0;20;1080;3;70;70;0
121;290;0;BA;160;0;10;190000;20;20;70;60;50;70;70;70;70;50;70;30;30;10;20;30;20;40;20;40;30;20;10;10;0;0;0;10;0;20;960;3;70;70;0
122;260;0;BA;160;0;10;100000;40;40;70;50;60;60;60;40;70;60;50;60;40;20;10;40;20;10;30;30;40;20;10;10;10;0;0;10;0;30;1015;3;70;70;0
123;320;10;BA;160;10;10;25000;40;20;30;10;20;40;60;70;30;70;70;20;10;10;30;20;20;50;30;20;20;20;10;10;0;0;0;0;0;10;845;3;40;70;5
124;280;10;BA;160;10;0;135000;40;30;70;20;30;60;70;70;70;60;70;60;40;20;30;50;20;40;40;30;50;20;10;10;10;0;0;10;0;30;945;3;70;70;25
125;290;10;BA;160;10;10;100000;20;20;70;30;50;40;70;70;70;70;50;40;20;10;30;30;30;30;20;20;40;20;10;10;0;0;0;10;0;20;1005;3;70;70;0
126;330;10;PE;160;0;10;45000;20;20;70;20;50;50;50;70;30;70;70;60;10;10;20;30;20;40;40;20;40;20;30;10;10;0;0;10;0;30;1015;3;70;70;0
127;300;0;BA;160;0;10;45000;40;40;40;30;50;50;70;70;70;70;30;50;20;20;40;30;20;30;40;30;30;20;30;0;0;0;0;10;0;10;1010;3;70;70;0
128;300;10;BA;160;10;10;135000;20;20;70;50;70;70;70;70;40;20;70;10;40;20;30;40;20;20;40;40;40;30;20;0;0;0;0;10;0;10;890;3;70;70;0
129;330;10;CE;140;10;10;25000;20;20;70;20;50;60;30;30;40;40;40;20;20;40;50;30;30;40;40;30;40;20;20;10;10;0;0;10;0;30;850;3;70;70;0
130;430;10;CE;160;0;10;45000;30;20;20;10;70;70;70;40;70;70;10;0;40;20;50;50;30;50;40;30;20;10;30;10;0;0;0;0;0;10;975;3;30;70;3,33333E+15
131;450;0;CE;160;10;10;25000;30;30;70;50;70;70;70;70;40;30;10;30;20;10;40;40;20;50;40;50;20;20;30;10;10;0;0;10;0;30;910;3;70;70;0
132;370;10;PE;160;0;10;275000;40;20;70;60;60;60;70;70;70;70;70;70;40;20;30;50;40;50;30;10;40;10;10;10;10;0;0;0;0;20;1080;3;70;70;5
133;300;0;CE;120;0;0;15000;30;10;50;0;30;20;50;30;50;20;70;70;20;20;20;10;20;10;20;10;10;10;10;10;0;0;0;0;0;10;690;3;50;70;6,66667E+15
134;370;10;PE;160;0;10;100000;40;20;70;70;70;70;70;70;70;70;70;50;30;20;20;40;20;30;40;20;40;20;30;10;10;0;0;0;0;20;1110;3;70;70;5
135;220;0;CE;120;10;10;25000;30;20;70;20;30;40;60;70;0;50;40;20;20;50;50;30;30;40;30;30;20;10;40;10;10;0;10;0;0;30;840;3;70;70;3,33333E+15
136;530;10;CE;160;0;10;45000;30;30;70;20;0;20;30;70;20;70;0;50;40;40;50;50;20;40;50;20;50;20;40;10;0;0;10;10;0;30;775;3;70;70;0
137;210;10;CE;120;10;10;15000;50;30;70;0;70;0;70;70;70;70;70;40;30;50;40;30;20;30;50;50;30;20;20;10;10;0;0;10;0;30;1035;3;70;70;4
138;370;10;PE;160;0;10;190000;50;30;70;50;60;70;70;30;70;70;30;10;30;10;30;40;40;50;50;30;20;30;30;10;0;0;10;10;0;30;1040;3;70;70;4
139;330;0;CE;160;0;10;25000;30;0;60;10;70;30;50;50;40;50;30;20;40;20;40;30;30;50;20;20;10;10;20;10;0;0;0;0;0;10;935;3;70;70;10
140;500;10;CE;120;0;10;15000;30;10;40;50;30;30;70;30;40;60;0;20;40;30;10;50;40;40;50;50;20;20;30;10;10;0;10;0;0;30;860;3;70;70;6,66667E+15
141;290;0;CE;120;0;10;15000;30;10;70;20;30;10;20;70;50;40;70;0;40;20;30;50;20;10;50;30;50;10;10;10;10;10;0;10;0;40;735;3;70;70;6,66667E+15
142;450;0;CE;160;0;10;25000;30;10;50;30;50;40;50;50;40;40;40;40;40;20;20;40;20;50;40;20;40;20;30;0;0;0;0;10;0;10;860;3;70;70;6,66667E+15
143;270;10;CE;140;10;0;135000;20;10;70;0;70;70;70;70;70;70;0;70;30;40;40;50;20;50;10;10;40;10;20;10;10;10;0;0;0;30;1085;3;70;70;5
144;380;10;PE;160;0;10;100000;20;20;20;20;40;50;70;70;40;20;20;10;30;20;50;30;20;30;30;40;40;20;40;10;0;0;0;0;0;10;695;3;40;70;0
145;410;10;CE;90;0;10;15000;40;20;70;40;30;70;40;30;40;20;30;20;30;10;10;10;20;20;10;10;10;10;10;0;10;0;0;0;0;10;725;3;70;70;5
146;250;0;AM;140;0;10;15000;20;20;70;10;70;40;70;70;70;70;70;30;10;10;40;10;10;50;10;40;10;10;20;10;0;0;10;0;0;20;1070;3;70;70;0
147;240;0;RJ;110;10;10;15000;40;30;40;40;20;70;40;40;70;20;40;40;20;10;20;40;30;20;20;20;20;20;10;10;0;0;0;0;0;10;710;3;70;70;25
148;270;10;PE;160;10;10;45000;40;20;70;40;20;20;30;20;40;30;30;70;40;30;30;50;30;30;20;10;20;20;20;0;10;0;10;10;0;30;660;3;70;60;5
149;320;10;CE;160;10;10;15000;10;10;70;70;70;70;70;70;0;70;20;30;40;10;30;40;20;30;40;30;30;20;30;10;0;10;0;10;0;30;1075;3;70;70;0
150;440;10;PE;160;10;10;45000;30;20;70;0;60;50;50;0;30;70;70;70;20;20;30;30;10;30;40;30;30;10;20;10;10;0;10;0;0;30;890;3;70;30;3,33333E+15
151;400;10;PE;160;0;10;25000;40;20;70;70;60;70;60;70;70;70;70;70;40;30;10;20;20;30;10;40;20;10;30;10;10;0;10;10;0;40;1080;3;70;70;5
152;510;0;PE;160;0;10;25000;40;20;60;30;60;50;60;30;50;60;60;60;40;30;40;50;30;40;30;30;20;10;10;10;0;0;0;0;0;10;1010;3;70;70;5
153;580;10;PE;160;10;10;25000;10;10;30;20;40;60;60;60;60;70;60;70;40;30;40;40;20;40;40;40;40;30;40;10;10;0;10;10;0;40;965;3;50;70;0
154;390;10;PE;140;0;10;25000;40;20;70;20;50;20;50;60;50;40;60;50;30;10;10;50;20;40;50;40;50;10;10;10;0;0;0;0;0;10;855;3;70;70;5
155;370;10;PE;220;0;10;25000;30;20;70;60;50;60;60;70;50;60;70;60;30;10;20;50;10;10;50;10;40;10;10;10;0;0;0;0;0;10;995;3;70;70;3,33333E+15
156;450;10;PE;160;10;10;25000;10;0;70;20;40;10;70;0;50;70;70;70;10;50;20;20;10;10;10;10;10;10;10;10;0;0;0;0;0;10;890;3;70;50;10
157;440;10;PE;90;0;10;25000;30;20;70;20;20;30;30;70;10;70;70;70;10;40;50;20;10;10;10;10;20;10;10;10;10;0;10;10;0;40;890;3;70;70;3,33333E+15
158;400;10;PE;120;10;0;15000;20;10;60;10;50;0;10;30;0;40;20;50;10;10;30;50;10;30;50;40;50;10;10;0;10;0;0;10;0;20;615;3;70;30;5
159;400;10;PE;120;0;10;25000;40;20;70;70;70;50;60;70;70;60;70;70;30;50;40;50;10;30;50;40;30;10;10;10;10;0;0;10;0;30;1050;3;70;70;5
160;550;10;PE;160;10;10;25000;10;10;70;40;50;50;20;40;20;20;40;70;10;10;30;40;20;40;10;20;20;10;20;10;0;0;0;10;0;20;735;3;70;60;0
161;310;10;PE;120;0;0;15000;20;10;70;0;70;70;30;40;50;40;70;70;40;30;40;40;20;40;40;40;30;20;10;10;10;0;0;0;0;20;960;3;70;70;5
162;440;0;PE;120;0;10;45000;30;10;70;70;70;70;70;70;70;70;70;70;10;10;10;10;20;10;20;30;20;20;10;0;10;0;0;0;0;10;1120;3;70;70;6,66667E+15
163;350;10;PE;160;10;10;25000;10;10;40;20;40;30;50;70;50;40;50;70;30;20;30;40;20;30;40;20;40;20;40;10;0;0;0;0;0;10;820;3;60;70;0
164;410;10;SP;160;10;10;45000;10;10;50;20;20;10;20;70;10;30;60;50;40;20;50;40;20;40;50;50;30;20;20;10;10;0;0;10;0;30;685;3;70;70;0
165;400;10;PE;160;0;0;25000;20;10;70;20;70;70;40;70;50;0;70;70;30;20;10;30;20;10;30;20;20;10;10;10;0;0;0;0;0;10;810;3;70;70;5
166;360;10;PE;220;0;10;80000;30;20;70;30;30;50;30;70;0;40;50;50;40;30;50;50;30;50;40;20;50;40;50;10;0;0;0;0;0;10;800;3;70;70;3,33333E+15
167;430;0;PE;140;10;10;65000;20;20;70;50;70;40;20;70;50;40;70;70;20;10;40;20;20;40;10;10;20;10;10;0;0;0;0;0;10;0;920;3;70;70;0
168;440;10;PE;120;10;10;25000;30;20;30;0;70;70;40;10;40;70;30;70;10;10;10;20;10;10;40;10;10;10;10;0;10;0;0;0;0;10;910;3;30;50;3,33333E+15
169;530;0;PE;120;0;10;45000;50;30;70;50;70;60;70;70;70;70;70;0;30;50;10;50;20;10;40;50;20;10;10;10;10;0;0;10;0;30;1075;3;70;70;4
170;320;10;PE;140;10;10;25000;10;0;50;30;30;30;30;70;70;70;70;20;40;50;50;40;30;50;40;40;40;30;50;10;10;0;10;10;0;40;895;3;70;70;10
171;480;0;PE;120;0;10;80000;40;40;70;20;70;50;30;50;20;20;30;30;20;20;30;20;10;30;20;30;20;10;10;10;0;0;0;0;0;10;820;3;70;70;0
172;480;10;PE;120;0;10;25000;30;20;30;30;40;30;60;60;20;30;20;20;30;20;40;50;30;40;50;40;50;20;30;10;10;0;0;10;0;30;750;3;60;70;3,33333E+15
173;340;10;PE;120;0;10;45000;30;20;70;40;50;50;20;50;70;70;60;60;10;30;30;30;20;30;40;40;20;20;20;10;10;0;10;10;0;40;980;3;70;70;3,33333E+15
174;400;10;PE;160;0;10;25000;30;10;70;40;70;50;10;70;30;20;70;50;30;10;30;40;20;40;40;30;20;10;20;10;0;0;0;0;0;10;830;3;70;70;6,66667E+15
175;650;0;PE;120;0;10;45000;20;20;70;40;30;30;30;30;50;40;50;20;50;30;50;40;20;20;20;10;40;10;10;0;0;0;10;0;0;10;765;3;70;70;0
176;250;10;PE;140;10;10;65000;30;30;70;30;20;40;20;20;60;40;70;70;10;10;30;50;20;30;10;20;40;20;10;10;0;0;0;0;0;10;770;3;70;70;0
177;680;10;PE;120;10;0;15000;50;40;70;60;70;40;40;70;30;30;70;70;20;20;30;30;30;40;40;50;30;10;10;10;10;0;0;0;0;20;900;3;70;70;2
178;330;10;PE;120;10;10;15000;40;30;50;0;10;20;10;10;30;20;40;10;20;30;20;20;10;20;20;20;20;20;20;10;0;0;0;0;0;10;425;3;50;40;25
179;340;10;PE;160;0;10;100000;30;20;70;20;30;40;70;70;20;70;70;70;30;10;10;50;30;50;30;10;10;10;10;10;10;0;0;0;0;20;970;3;70;70;3,33333E+15
180;460;0;PE;140;0;10;65000;40;20;70;70;70;70;70;70;50;30;30;20;10;10;30;40;30;10;40;40;30;20;10;10;0;0;10;10;0;30;915;3;70;70;5
181;350;0;RJ;120;10;10;15000;50;30;50;20;30;30;20;30;60;40;60;20;20;20;30;30;30;40;10;10;10;10;10;10;10;0;10;0;0;30;760;3;70;70;4
182;200;10;CE;120;10;10;15000;50;20;0;30;70;40;60;60;50;40;70;50;40;20;10;40;40;50;30;20;40;30;10;10;0;0;0;0;0;10;870;3;30;70;6
183;310;10;CE;160;10;10;15000;40;30;70;40;70;20;50;30;0;70;70;70;20;10;40;30;20;40;50;50;20;10;30;10;0;0;0;0;0;10;890;3;70;30;25
184;280;10;CE;160;0;10;15000;40;20;70;40;30;70;70;70;20;70;70;10;30;10;20;40;50;30;50;40;20;10;10;0;0;0;0;10;0;10;970;3;70;70;5
185;500;10;CE;120;0;0;15000;40;0;70;0;70;70;70;0;30;70;70;70;30;50;40;40;20;50;40;30;30;20;30;10;10;10;10;10;0;50;960;3;70;30;10
186;400;10;CE;160;0;10;65000;70;30;70;10;70;70;70;40;70;70;70;70;40;40;50;20;20;40;20;40;10;10;10;10;10;0;0;10;0;30;1120;3;70;70;5,71429E+15
187;390;10;RJ;160;10;10;15000;20;20;10;10;20;0;10;20;10;50;20;40;40;20;20;30;20;30;10;30;20;20;30;10;10;0;0;10;0;30;460;3;20;30;0
188;510;10;PE;120;0;10;15000;40;20;70;30;70;70;30;50;20;30;50;70;20;30;50;30;20;40;20;20;20;20;30;10;10;0;10;0;0;30;910;3;70;70;5
189;520;10;CE;160;0;10;45000;20;10;20;70;30;70;10;70;0;70;70;70;30;30;50;40;20;50;40;10;40;10;30;10;0;0;0;10;0;20;940;3;70;70;5
190;240;0;RJ;140;10;10;25000;40;20;70;10;70;50;30;70;40;30;70;50;20;20;20;20;40;20;20;30;20;30;40;0;10;0;0;0;0;10;890;3;70;70;5
191;370;0;RJ;160;10;10;45000;10;10;50;30;40;40;40;60;30;30;50;40;30;30;40;20;30;30;20;30;30;30;10;10;10;0;0;10;0;30;785;3;70;70;0
192;470;0;RJ;220;0;10;190000;20;20;10;50;10;60;60;70;70;0;10;10;50;50;50;50;40;50;50;30;50;20;10;10;0;0;0;0;0;10;560;3;60;70;0
193;380;10;PE;120;0;10;25000;20;20;70;60;60;50;60;70;40;40;40;70;40;40;30;40;30;40;40;30;30;20;30;10;10;0;0;0;0;20;925;3;70;70;0
194;380;10;PE;120;0;10;25000;20;20;70;60;60;50;60;70;40;40;40;70;40;30;40;40;30;40;40;30;30;20;30;10;10;0;0;0;0;20;925;3;70;70;0
195;400;10;PE;160;0;0;15000;30;10;70;10;10;10;30;20;50;10;70;30;50;20;30;50;10;30;20;30;50;10;30;10;0;0;0;0;0;10;580;3;70;70;6,66667E+15
196;270;10;PE;120;0;10;15000;30;10;50;0;60;50;70;60;20;60;50;50;20;20;40;30;30;40;30;20;20;10;10;10;10;10;10;10;0;50;970;3;50;70;6,66667E+15
197;450;10;PE;120;0;10;25000;40;20;70;40;60;30;70;60;40;70;60;60;40;40;50;40;20;50;40;40;20;20;40;10;0;0;0;0;0;10;1040;3;70;70;5
198;240;0;SP;140;10;10;275000;40;40;50;60;20;70;0;60;50;70;70;40;30;20;30;40;20;30;20;20;40;20;10;10;10;0;0;10;0;30;885;3;70;70;0
199;270;10;PE;160;0;10;45000;20;20;70;50;60;40;20;70;70;50;50;70;20;10;20;30;20;30;30;20;40;30;10;10;0;0;0;10;0;20;920;3;70;70;0
200;200;10;MG;140;10;10;15000;10;10;30;0;30;60;10;0;60;0;40;30;40;50;30;40;20;30;40;50;50;40;40;10;0;0;0;10;0;20;495;3;30;60;0
201;400;10;SP;160;10;10;25000;60;60;20;70;70;70;30;0;0;0;0;20;40;50;40;40;40;40;40;40;50;50;40;10;10;0;10;0;0;30;460;3;70;0;0
202;230;10;RJ;120;10;10;15000;30;20;70;70;70;70;70;0;20;0;40;40;50;30;40;50;40;40;50;50;50;40;50;10;0;0;0;0;0;10;610;3;70;20;3,33333E+15
203;190;10;SP;140;10;10;80000;30;30;70;50;70;70;70;0;20;30;20;40;50;50;40;50;20;40;40;40;50;30;50;10;0;0;0;10;0;20;720;3;70;20;0
204;220;10;SP;140;10;10;45000;50;30;70;70;70;40;20;70;40;70;70;70;30;10;10;40;20;10;10;10;40;20;10;0;0;0;0;0;10;0;1040;3;70;70;4
205;390;10;RJ;160;0;10;65000;20;20;20;40;10;60;60;50;50;50;20;40;10;20;30;30;30;30;10;10;10;10;10;10;0;0;10;0;0;20;780;3;60;70;0
206;560;10;RS;160;10;0;80000;20;20;70;50;50;70;70;50;30;40;40;30;20;30;40;50;30;50;30;20;30;10;20;10;10;0;0;10;0;30;905;3;70;70;0
207;370;10;PR;140;10;10;25000;20;20;70;30;20;60;10;50;0;70;60;40;10;20;20;40;20;30;20;40;40;20;30;10;0;0;0;0;0;10;800;3;70;50;0
208;620;10;SP;120;0;0;45000;30;20;70;10;70;50;70;70;20;70;70;70;20;40;50;20;10;30;40;40;20;10;30;10;10;10;0;10;0;40;1100;3;70;70;3,33333E+15
209;630;10;RS;50;10;0;15000;10;10;30;20;40;50;30;30;30;40;20;10;30;20;50;40;30;50;20;30;20;20;30;0;10;0;0;0;0;10;715;3;50;60;0
210;580;0;SP;160;10;10;45000;20;20;70;30;40;70;50;70;50;20;70;40;40;20;30;40;30;40;40;30;40;10;30;10;0;0;0;10;0;20;795;3;70;70;0
211;460;10;MA;160;0;10;45000;40;20;70;70;70;70;70;70;70;70;70;20;40;10;40;40;20;40;40;30;40;20;40;10;10;0;10;0;0;30;1095;3;70;70;5
212;580;0;SP;160;10;10;65000;20;20;70;40;50;70;50;70;50;30;70;50;40;30;30;40;30;40;40;30;40;20;30;10;0;0;10;10;0;30;870;3;70;70;0
213;340;10;RN;160;10;0;15000;40;10;50;40;50;50;70;30;50;30;20;30;30;30;50;40;30;40;20;40;30;10;40;10;10;10;10;10;0;50;835;3;70;70;75
214;320;10;BA;120;0;10;15000;30;20;70;0;70;20;20;70;10;70;70;70;20;10;50;30;20;40;20;40;30;10;20;10;0;0;0;10;0;20;1020;3;70;70;3,33333E+15
215;430;10;MG;90;0;0;15000;30;10;70;0;70;0;0;10;70;0;70;50;20;10;40;20;30;30;50;40;30;30;10;10;0;0;10;10;0;30;690;3;70;70;6,66667E+15
216;460;10;BA;160;0;10;25000;40;20;70;70;60;70;70;70;50;70;50;40;40;10;40;40;40;40;40;50;20;30;30;10;0;0;0;0;0;10;1065;3;70;70;5
217;630;10;SP;160;0;10;100000;20;20;60;20;20;20;70;70;20;70;30;30;30;30;40;50;30;40;50;30;50;20;20;10;10;0;10;10;0;40;880;3;70;70;0
218;460;10;BA;160;0;10;25000;40;20;70;70;70;70;70;70;70;70;70;50;40;40;40;40;40;40;40;40;20;40;30;10;10;10;10;10;0;50;1110;3;70;70;5
219;620;10;RJ;140;10;0;45000;10;10;70;70;50;40;40;40;20;70;70;70;50;40;40;50;30;40;50;40;50;20;40;10;0;0;10;10;0;30;960;3;70;60;0
220;540;10;SP;140;10;10;25000;20;0;30;30;20;40;20;30;60;70;30;40;20;10;30;10;20;10;20;40;10;10;10;10;10;10;10;10;0;50;835;3;60;70;10
221;620;10;MG;120;0;0;45000;20;20;70;60;50;70;70;70;70;70;60;70;40;30;30;30;30;30;50;40;40;40;40;0;0;0;0;0;10;0;1055;3;70;70;0
222;430;10;SP;120;10;10;15000;20;20;70;70;70;70;70;70;70;40;70;40;40;10;50;50;20;50;50;30;40;10;40;10;10;10;10;10;0;50;985;3;70;70;0
223;730;10;SP;160;10;10;45000;20;10;40;30;50;60;40;70;30;70;20;10;40;20;40;40;40;50;40;50;40;40;50;10;10;0;10;10;0;40;965;3;70;70;5
224;520;10;SC;120;0;0;25000;60;50;70;0;70;70;40;70;40;70;70;70;30;20;30;30;10;20;40;30;20;10;10;10;0;0;0;0;0;10;1090;3;70;70;1,66667E+15
225;660;10;CE;110;0;0;25000;30;20;70;40;60;50;70;70;70;70;70;70;30;40;40;50;30;40;50;40;30;10;10;10;0;0;0;10;0;20;1070;3;70;70;3,33333E+15
226;360;10;MG;160;0;10;25000;20;20;30;20;30;30;20;30;40;20;50;60;10;20;20;30;20;40;10;40;20;10;10;10;0;0;0;0;0;10;655;3;50;70;0
227;710;10;SP;140;10;0;25000;50;30;70;10;30;30;70;40;30;70;70;40;10;20;40;40;30;50;50;40;20;10;10;10;0;0;0;0;0;10;945;3;70;70;4
228;500;10;PB;160;10;10;25000;10;0;50;60;50;70;40;70;50;60;50;50;40;30;50;40;30;50;40;20;30;10;10;10;10;0;0;0;0;20;970;3;70;70;10
229;490;10;BA;160;0;10;25000;50;30;70;20;70;30;30;30;30;30;70;40;50;40;50;50;30;50;20;20;40;20;30;10;10;0;0;10;0;30;825;3;70;60;4
230;550;10;RS;110;10;10;65000;20;20;40;10;40;70;50;70;10;50;70;10;40;30;40;40;20;40;40;20;20;10;10;10;10;10;10;10;0;50;860;3;50;70;0
231;400;10;RJ;160;10;0;45000;20;0;70;30;50;0;40;70;0;30;70;60;20;50;40;40;10;30;40;50;20;10;30;10;10;0;0;10;0;30;795;3;70;70;10
232;330;10;PR;160;0;10;25000;30;20;70;30;70;40;40;70;70;0;70;30;10;20;10;20;20;20;50;50;10;10;20;10;10;0;0;0;0;20;760;3;70;70;3,33333E+15
233;350;10;RS;160;10;10;15000;10;0;30;10;20;70;30;30;0;30;0;30;30;40;30;40;50;30;30;50;30;20;20;10;10;0;10;10;0;40;495;3;40;30;10
234;500;10;BA;160;0;10;25000;20;20;30;50;70;70;70;70;70;30;20;20;40;50;50;40;30;50;10;10;20;10;30;10;0;0;0;0;0;10;910;3;70;70;0
235;640;10;RJ;120;10;0;45000;40;30;70;70;50;40;50;50;50;70;70;40;20;30;40;40;30;40;50;50;40;20;40;10;0;0;10;0;0;20;995;3;70;70;25
236;570;10;SP;90;0;10;25000;30;20;70;30;40;70;70;30;60;50;70;70;40;40;10;20;40;40;50;40;10;10;10;0;0;0;10;10;0;20;950;3;70;70;3,33333E+15
237;600;10;RJ;120;10;0;25000;20;20;20;10;30;70;70;20;70;0;20;20;50;20;40;50;30;40;40;20;30;10;10;10;0;0;0;10;0;20;590;3;30;70;0
238;650;10;MG;160;10;0;15000;10;0;70;10;0;20;30;50;40;70;70;70;50;40;30;20;30;30;10;30;30;20;30;10;0;0;0;0;0;10;820;3;70;70;10
239;590;10;GO;140;10;10;25000;30;30;70;40;70;70;50;70;20;70;70;40;20;10;40;40;20;50;20;40;30;20;50;10;10;0;0;10;0;30;1085;3;70;70;0
240;200;10;CE;140;10;10;15000;40;10;70;10;60;30;20;0;50;70;70;70;50;50;50;30;10;20;50;40;50;30;40;10;10;0;0;10;0;30;920;3;70;50;75
242;530;10;DF;160;10;0;25000;20;10;40;20;10;20;40;30;0;40;40;20;40;10;20;40;20;20;40;30;30;10;20;10;10;0;10;10;0;40;520;3;60;30;5
243;370;10;CE;110;0;0;15000;40;10;50;0;0;0;20;0;70;10;20;0;30;30;50;50;40;50;20;50;10;10;10;10;10;0;0;10;0;30;450;3;50;70;75
244;620;10;SC;50;0;0;15000;20;20;70;40;30;70;30;60;20;60;70;70;50;10;50;30;20;30;40;50;20;20;10;10;10;0;0;10;0;30;920;3;70;70;0
245;650;10;SP;50;10;0;15000;30;30;40;50;40;40;20;40;70;0;20;0;20;30;30;40;20;20;40;40;40;10;10;10;10;0;0;10;0;30;610;3;70;70;0
246;600;10;BA;180;0;0;45000;20;20;70;40;50;60;70;40;70;70;70;70;20;30;40;40;30;40;50;50;50;20;40;10;0;0;0;10;0;20;1050;3;70;70;0
247;460;10;PR;160;10;10;25000;30;20;70;40;70;70;70;30;30;40;70;70;20;40;30;40;20;40;20;40;40;20;40;10;0;0;0;10;0;20;960;3;70;60;3,33333E+15
248;570;10;SP;120;0;10;25000;20;20;70;30;70;50;40;60;70;0;70;70;40;30;20;20;10;30;10;40;10;10;10;10;0;0;0;10;0;20;790;3;70;70;0
249;660;10;SP;160;10;0;25000;10;10;70;70;70;70;50;70;50;70;70;70;50;50;50;50;30;50;50;40;40;30;40;10;10;0;10;10;0;40;1100;3;70;70;0
250;510;10;BA;160;10;10;45000;30;0;70;10;40;10;10;40;70;30;40;40;30;30;30;30;20;30;40;30;30;30;30;10;0;0;0;0;0;10;720;3;70;70;10
251;450;10;MG;50;10;10;25000;10;10;70;70;70;60;40;40;30;30;30;50;30;30;40;40;20;30;20;30;40;10;30;10;0;0;10;0;0;20;890;3;70;70;0
252;450;10;RN;160;10;10;80000;30;30;70;70;30;70;70;70;70;30;0;40;10;10;50;30;20;50;10;40;40;20;30;10;10;0;10;0;0;30;790;3;70;70;0
253;510;10;SC;160;0;10;80000;40;30;70;20;40;50;50;40;40;70;30;40;40;20;50;40;20;50;40;50;40;20;30;10;0;0;0;0;0;10;955;3;70;70;25
254;420;10;SP;160;0;10;25000;50;20;70;20;70;40;40;70;50;70;70;70;10;30;40;40;40;50;50;50;20;10;30;10;10;0;0;0;0;20;1060;3;70;70;6
255;460;10;PI;160;0;0;15000;30;10;30;10;10;40;20;10;70;10;20;20;30;20;30;50;20;30;20;40;50;40;40;10;10;0;10;10;0;40;510;3;40;70;6,66667E+15
256;270;10;MG;160;10;10;65000;30;20;70;40;70;70;70;70;70;70;70;20;50;50;40;50;50;50;50;50;50;10;10;10;10;0;0;10;0;30;1095;3;70;70;3,33333E+15
257;360;10;SP;110;10;0;15000;30;0;70;70;70;70;40;40;50;70;70;50;50;50;50;50;50;50;50;50;30;20;50;10;0;0;10;0;0;20;1080;3;70;70;10
258;370;10;RJ;160;0;10;80000;20;20;60;50;60;60;40;60;50;70;70;70;20;30;40;30;30;40;20;40;40;20;30;10;0;0;10;10;0;30;1050;3;70;70;0
259;310;10;CE;120;10;0;15000;20;10;70;70;70;70;60;30;0;30;70;70;20;10;50;50;30;50;40;50;30;20;30;10;10;0;10;10;0;40;790;3;70;30;5
260;670;10;SP;160;0;0;100000;20;20;70;20;50;70;70;70;70;70;70;30;50;40;30;50;20;30;50;20;50;10;10;10;0;0;10;0;0;20;1040;3;70;70;0
261;480;10;PE;110;10;0;15000;20;0;0;0;0;0;0;0;0;0;0;0;10;10;10;10;10;10;10;40;10;10;10;0;0;10;0;0;0;10;0;1;0;0;10
262;360;10;BA;160;10;0;15000;20;0;70;30;70;70;40;70;70;30;70;70;30;50;20;40;40;40;30;40;40;20;30;10;0;0;0;0;0;10;930;3;70;70;10
263;660;10;CE;120;0;0;135000;30;0;70;0;50;40;70;70;70;50;40;0;20;20;30;40;30;30;40;20;20;20;20;0;0;0;0;10;0;10;900;3;70;70;10
264;640;10;PE;120;10;0;15000;40;10;70;0;20;20;30;10;20;70;70;30;10;20;10;30;10;10;10;30;10;10;10;0;10;0;0;0;0;10;700;3;70;30;75
265;570;10;PA;160;10;0;15000;50;10;70;40;20;20;70;20;50;70;30;20;10;30;40;50;40;50;50;40;10;10;10;10;10;0;10;0;0;30;875;3;70;70;8
266;500;10;BA;160;0;10;15000;30;10;70;70;70;70;70;60;0;70;20;50;40;20;30;40;40;50;50;50;10;20;50;10;10;0;0;0;0;20;1045;3;70;60;6,66667E+15
267;650;10;MG;90;10;0;15000;50;20;70;30;70;70;70;70;40;70;70;70;40;50;40;30;20;40;50;40;40;20;20;10;0;0;10;0;0;20;1120;3;70;70;6
268;630;0;MG;160;0;10;190000;10;10;60;30;50;60;70;60;10;50;20;50;30;20;30;30;30;30;40;40;30;20;20;10;0;0;0;0;0;10;935;3;70;70;0
269;610;10;BA;180;10;10;45000;10;0;70;40;70;70;70;70;50;70;50;50;40;40;40;50;50;50;50;50;50;40;40;10;0;0;0;10;0;20;1100;3;70;70;10
270;500;0;SC;90;0;10;45000;40;20;70;40;50;70;70;40;10;50;20;70;20;30;50;10;10;10;10;40;10;10;10;10;0;0;0;0;0;10;875;3;70;50;5
271;690;10;MG;160;0;0;45000;20;10;70;40;30;60;50;60;40;50;70;50;40;20;40;40;30;40;40;40;30;20;20;10;10;0;10;10;0;40;880;3;70;70;5
273;420;10;GO;160;10;0;15000;50;20;70;30;50;20;40;20;50;20;70;20;30;50;50;40;20;50;40;30;30;20;40;10;10;10;10;10;0;50;755;3;70;70;6
274;520;10;MG;120;10;0;15000;20;10;70;70;70;70;70;70;70;20;60;30;40;40;40;40;30;50;50;50;40;20;40;10;10;0;0;10;0;30;895;3;70;70;5
275;450;10;MG;160;10;10;25000;30;10;70;70;70;70;30;60;10;20;40;30;10;10;40;30;20;40;40;40;10;10;30;10;0;0;0;0;0;10;845;3;70;70;6,66667E+15
276;510;10;PE;120;10;0;15000;20;20;60;20;30;20;40;40;30;20;70;30;20;10;40;40;20;40;30;40;40;40;30;10;10;0;10;10;0;40;700;3;70;70;0
277;350;10;PR;160;10;10;80000;30;30;60;20;50;70;50;60;70;70;70;60;20;20;50;40;30;40;20;40;30;30;40;10;0;0;10;0;0;20;1035;3;70;70;0
278;580;10;SP;50;0;0;80000;40;20;70;40;70;70;40;70;70;70;70;20;40;30;30;50;40;40;40;50;20;20;20;10;10;0;10;10;0;40;1065;3;70;70;5
279;450;10;PR;160;10;10;80000;30;10;40;40;50;70;70;70;60;70;30;40;30;10;50;40;40;50;50;50;40;10;20;10;10;0;10;10;0;40;1025;3;70;70;6,66667E+15
280;280;10;GO;110;10;0;15000;30;0;70;40;30;50;60;70;30;40;70;70;20;20;40;30;40;50;40;40;20;20;30;10;0;0;0;0;0;10;850;3;70;70;10
281;510;10;DF;120;0;10;15000;20;20;70;0;70;30;0;20;70;0;70;70;40;10;50;40;20;40;50;40;40;10;30;10;10;0;0;10;0;30;730;3;70;70;0
282;320;0;PI;160;0;10;25000;20;10;70;30;70;30;50;70;40;70;70;70;30;10;40;50;20;30;50;20;50;10;10;10;0;0;0;0;0;10;1060;3;70;70;5
283;480;10;PE;110;10;0;15000;10;0;0;0;0;0;0;0;0;0;0;0;10;10;10;10;10;10;10;40;10;10;10;10;0;0;0;0;0;10;0;1;0;0;10
284;530;10;SP;160;0;10;65000;20;20;0;70;70;70;70;20;70;0;70;70;50;50;50;50;50;50;50;40;50;30;50;10;0;0;0;0;0;10;840;3;70;70;0
285;590;10;RJ;160;10;0;65000;10;10;60;30;50;30;30;70;20;70;60;30;30;40;50;40;20;50;40;40;30;20;50;10;10;0;10;0;0;30;955;3;70;70;0
286;360;0;RJ;110;0;10;25000;40;20;70;30;60;60;50;50;40;20;50;50;30;30;30;40;20;40;40;30;30;10;10;10;10;0;0;0;0;20;840;3;70;70;5
287;640;10;BA;160;0;0;15000;40;30;70;70;70;70;70;70;70;70;70;0;50;50;20;50;20;20;10;10;50;10;10;10;0;0;0;0;0;10;1085;3;70;70;25
288;400;10;PE;160;0;10;45000;30;20;70;40;70;40;30;70;60;60;60;60;20;10;10;40;20;10;30;30;40;20;20;10;10;0;0;10;0;30;1000;3;70;70;3,33333E+15
289;620;10;SP;140;10;10;45000;10;10;70;20;70;30;70;70;10;20;50;50;20;30;50;40;30;50;30;40;20;20;30;10;0;0;10;10;0;30;860;3;70;70;0
290;480;10;RN;180;10;10;25000;20;10;70;30;70;70;70;70;50;50;50;50;40;40;50;40;40;50;40;40;40;30;40;10;0;0;0;0;0;10;1020;3;70;70;5
291;620;10;RJ;120;10;0;25000;10;0;70;10;50;40;40;10;0;50;70;70;50;40;40;50;30;40;50;40;50;20;30;10;0;0;10;10;0;30;680;3;70;10;10
292;620;10;SP;120;0;0;65000;30;10;70;0;70;30;60;70;20;70;70;70;40;30;20;40;30;30;40;40;30;30;30;10;10;10;10;10;10;50;1070;3;70;70;6,66667E+15
293;470;10;SP;140;10;10;15000;40;20;70;30;70;70;30;70;50;70;70;70;20;10;20;40;20;20;10;40;50;20;20;10;10;10;10;10;0;50;1080;3;70;70;5
294;480;10;PE;110;10;0;15000;10;0;0;0;0;0;0;0;0;0;0;0;10;10;10;10;10;20;10;40;10;10;10;10;0;10;10;0;0;30;0;1;0;0;10
295;660;10;SP;160;10;0;25000;10;0;70;70;40;70;70;50;30;70;70;70;30;50;40;30;30;40;50;40;30;20;20;10;0;0;10;10;0;30;1030;3;70;70;10
296;590;10;MG;160;10;10;45000;10;10;30;10;70;30;70;30;70;0;40;50;40;20;10;40;30;40;40;40;30;20;30;10;0;0;0;10;0;20;715;3;40;70;0
297;260;0;AM;140;0;0;25000;30;20;60;20;0;0;10;70;0;70;40;70;10;10;50;10;10;20;10;10;10;10;10;0;0;0;0;10;0;10;765;3;70;70;3,33333E+15
298;580;0;BA;140;0;0;25000;30;20;0;30;40;70;30;70;70;20;0;0;40;40;50;50;30;50;40;30;40;20;10;10;10;0;10;10;0;40;640;3;30;70;3,33333E+15
299;590;10;GO;140;10;10;65000;30;30;70;40;70;40;60;70;0;70;70;20;20;10;20;40;20;50;40;40;40;20;40;10;0;0;0;0;0;10;1055;3;70;70;0
300;430;10;SP;160;0;0;135000;30;10;70;10;30;0;0;50;30;30;30;40;40;40;30;40;20;30;20;20;20;10;10;10;0;0;0;0;0;10;665;3;70;70;6,66667E+15
301;630;10;RJ;180;10;0;135000;10;0;50;70;50;70;70;70;40;50;0;60;40;30;20;50;30;40;40;40;20;10;20;0;0;0;0;10;0;10;940;3;70;70;10
302;600;10;SP;120;10;10;275000;40;30;70;50;30;70;70;30;10;70;0;0;40;50;50;50;40;50;50;50;50;20;20;10;10;0;10;10;0;40;810;3;70;40;25
303;680;10;MG;160;10;0;45000;50;20;70;30;20;70;60;60;70;20;30;30;40;40;50;50;20;40;40;40;40;20;40;10;10;0;10;10;0;40;720;3;70;70;6
304;410;10;PE;160;0;10;25000;30;20;50;30;50;20;50;30;70;0;70;40;40;40;50;50;10;40;40;40;40;10;30;10;10;0;10;10;0;40;695;3;70;70;3,33333E+15
305;620;10;BA;160;10;0;80000;30;10;70;70;40;70;70;50;70;70;70;70;40;40;50;40;30;50;40;40;30;20;30;10;0;0;10;0;0;20;1030;3;70;70;6,66667E+15
306;460;10;BA;160;0;10;45000;20;20;70;70;70;70;70;70;70;70;70;70;30;40;40;40;30;50;40;40;20;30;40;10;0;0;10;10;0;30;1120;3;70;70;0
307;530;10;DF;160;10;0;25000;20;10;70;40;50;40;40;50;0;50;50;40;20;20;20;20;20;20;20;20;20;10;20;10;10;0;10;10;0;40;815;3;70;50;5
308;460;10;PR;160;10;10;25000;30;20;70;50;70;70;40;30;30;30;40;30;20;20;40;30;20;40;20;30;30;20;40;10;10;0;10;10;0;40;855;3;70;60;3,33333E+15
309;210;10;PE;140;10;0;45000;30;20;70;70;70;70;70;70;70;70;0;0;50;50;50;50;50;50;50;40;50;30;50;0;0;0;0;10;0;10;1050;3;70;70;3,33333E+15
310;370;10;MG;120;10;0;15000;30;0;70;10;10;10;0;70;20;0;50;20;10;20;50;50;20;50;30;40;20;10;30;10;0;0;0;0;0;10;495;3;70;70;10
311;500;10;SC;160;10;10;25000;10;10;30;20;30;70;50;70;20;40;0;50;40;50;30;50;20;30;40;50;40;10;20;10;0;0;0;10;0;20;775;3;50;70;0
312;530;10;DF;160;10;10;100000;30;30;70;70;70;70;70;70;70;70;70;70;20;30;50;50;40;40;50;50;40;40;50;10;0;0;0;0;0;10;1120;3;70;70;0
313;350;10;SP;160;0;10;45000;40;30;70;70;70;0;70;70;70;70;0;70;40;50;50;40;30;50;10;30;40;40;50;10;0;0;0;0;0;10;1015;3;70;70;25
314;300;10;MG;120;10;10;25000;40;20;70;70;70;70;70;70;20;70;70;70;30;40;30;30;30;30;30;40;30;30;20;10;10;0;10;10;0;40;1120;3;70;70;5
315;420;10;BA;160;10;10;65000;10;10;70;70;30;70;40;70;70;70;70;70;20;10;50;50;40;50;40;10;40;20;10;10;10;0;10;10;0;40;970;3;70;70;0
316;500;0;SP;160;0;10;135000;30;20;70;40;40;30;70;60;30;70;70;40;40;30;40;40;30;40;20;20;40;20;30;10;0;0;10;10;0;30;975;3;70;70;3,33333E+15
317;530;10;GO;160;10;10;45000;30;30;50;10;50;50;50;50;0;20;0;50;30;30;20;30;20;30;40;30;10;10;20;10;0;0;0;0;0;10;675;3;60;50;0
318;610;0;SP;160;10;0;45000;10;0;50;0;30;30;60;20;50;40;30;50;20;50;40;40;20;40;40;40;20;10;40;10;0;0;0;0;0;10;760;3;50;70;10
319;540;0;RS;120;0;10;45000;30;30;70;50;50;40;30;50;50;50;40;40;20;20;30;40;30;30;40;40;20;20;30;10;10;0;0;10;0;30;880;3;70;70;0
320;300;10;MG;140;10;10;25000;30;20;40;40;70;70;70;50;70;30;70;70;30;30;10;20;20;30;30;20;20;20;40;10;10;10;10;10;0;50;960;3;70;70;3,33333E+15
321;450;10;PE;160;0;10;65000;30;10;60;60;60;40;30;70;70;60;60;70;40;30;30;50;40;50;10;20;40;30;10;10;10;0;0;0;0;20;975;3;70;70;6,66667E+15
322;650;10;PR;180;10;0;45000;20;10;70;70;70;70;70;70;40;40;70;10;30;30;40;40;30;50;40;50;20;10;10;10;0;0;0;10;0;20;970;3;70;70;5
323;510;10;RJ;110;10;0;15000;20;0;70;50;70;40;20;40;40;30;20;70;40;30;50;40;20;50;30;40;40;30;40;10;0;0;10;10;0;30;855;3;70;70;10
324;700;10;SP;120;10;0;25000;10;0;70;70;70;70;70;60;50;70;70;70;50;10;30;50;20;20;40;20;40;40;30;10;0;0;0;0;0;10;1120;3;70;70;10
325;650;10;SP;160;10;10;100000;20;0;70;20;30;40;50;60;40;40;50;70;50;50;50;50;30;50;50;50;50;30;50;10;0;0;10;10;0;30;820;3;70;70;10
326;540;10;RJ;160;0;0;15000;20;10;70;50;40;70;70;70;70;70;70;40;40;30;50;50;30;30;50;40;50;30;30;10;0;0;0;0;0;10;1015;3;70;70;5
327;260;0;BA;160;10;10;100000;30;30;70;40;70;30;30;70;20;70;70;70;30;10;30;40;20;40;20;40;40;20;10;0;10;0;0;10;0;20;1040;3;70;70;0
328;350;0;BA;160;10;10;15000;40;20;70;10;70;70;10;10;10;0;70;70;30;20;30;40;20;30;40;30;40;10;10;10;0;0;0;0;0;10;580;3;70;20;5
329;390;10;RJ;160;10;10;25000;30;20;50;30;0;50;70;20;70;60;30;50;30;20;40;40;20;40;30;40;40;20;40;10;10;0;10;0;0;30;820;3;70;70;3,33333E+15
330;530;10;SP;220;0;10;80000;20;20;70;30;70;70;70;70;0;70;70;70;40;40;50;40;20;50;40;40;40;20;50;10;0;0;0;0;0;10;1120;3;70;70;0
331;670;10;SP;140;0;0;65000;40;40;70;60;40;70;40;50;30;70;70;70;40;40;30;40;30;30;40;30;40;10;20;0;0;0;0;10;0;10;1000;3;70;70;0
332;450;10;RJ;140;0;0;25000;30;10;70;70;70;70;50;70;70;70;20;20;40;30;40;30;20;30;50;50;30;30;10;10;0;0;0;0;0;10;1050;3;70;70;6,66667E+15
333;610;10;MG;120;10;0;15000;10;0;70;70;0;70;70;70;20;70;0;60;10;50;50;10;10;10;40;40;10;10;30;10;0;0;0;0;0;10;870;3;70;70;10
334;460;0;MG;160;10;10;15000;20;10;70;20;30;10;20;50;20;30;40;10;40;40;40;20;30;40;20;30;40;20;30;10;0;0;10;0;0;20;685;3;70;70;5
335;630;10;PE;140;10;0;45000;30;20;70;70;70;70;70;70;70;70;0;0;50;50;50;50;40;50;50;40;50;30;50;0;0;0;0;10;0;10;1050;3;70;70;3,33333E+15
336;440;10;RS;90;0;0;45000;40;20;60;50;30;50;20;40;50;20;10;10;20;40;50;50;30;50;20;50;20;30;50;10;0;0;0;0;0;10;670;3;70;70;5
337;550;10;RJ;50;0;0;15000;30;20;10;30;50;30;20;20;10;0;0;0;10;10;10;10;10;10;20;40;30;10;20;10;0;0;0;0;0;10;400;3;40;30;3,33333E+15
338;480;10;RJ;120;0;0;15000;40;20;70;70;70;70;0;70;70;70;70;0;10;20;30;10;20;30;40;40;10;10;10;10;0;0;10;0;0;20;1015;3;70;70;5
339;710;0;SE;180;0;0;135000;40;10;40;20;60;70;70;50;70;0;0;10;40;20;50;40;30;50;30;40;50;40;50;10;0;0;0;0;0;10;725;3;60;70;75
340;430;10;PI;110;0;0;15000;30;10;70;40;70;40;20;30;70;70;20;0;20;40;40;40;20;40;50;40;50;20;40;10;10;0;10;10;0;40;980;3;70;70;6,66667E+15
341;610;10;SP;120;10;0;25000;10;10;70;30;70;70;70;50;40;40;70;30;40;40;40;40;30;40;30;40;20;20;20;10;10;0;10;10;0;40;980;3;70;70;0
342;410;10;GO;160;0;0;65000;30;10;70;30;70;70;40;70;30;70;70;30;50;40;50;40;20;40;50;20;40;10;30;10;0;0;0;10;0;20;1070;3;70;70;6,66667E+15
343;550;10;SP;120;0;0;45000;20;0;70;30;70;70;70;0;0;70;70;60;40;20;20;20;20;20;40;50;30;20;10;10;0;0;0;0;0;10;835;3;70;0;10
344;610;10;RJ;160;10;10;80000;40;20;70;50;70;50;50;70;60;60;70;70;30;30;50;40;30;50;30;50;30;30;40;10;0;0;0;10;0;20;1040;3;70;70;5
345;760;10;RJ;120;10;10;25000;10;0;30;70;70;70;70;70;60;70;70;70;50;50;50;50;50;50;50;40;50;30;40;10;0;0;0;0;0;10;1120;3;70;70;10
346;460;10;BA;140;0;10;25000;20;20;30;70;50;50;70;30;20;10;10;30;30;40;40;30;20;40;30;40;30;20;40;10;0;0;10;10;0;30;670;3;70;50;0
347;560;10;SC;120;10;0;15000;10;0;70;30;70;70;20;0;0;70;70;0;50;20;10;40;10;40;50;50;50;30;10;10;10;0;10;10;0;40;755;3;70;0;10
348;610;10;BA;120;10;0;25000;30;10;70;70;20;0;40;30;10;70;60;60;50;20;50;40;20;40;40;40;30;10;40;10;10;10;10;10;0;50;740;3;70;40;6,66667E+15
349;570;0;BA;110;0;10;25000;40;30;70;50;70;50;70;70;40;40;70;30;30;40;40;40;30;40;40;40;30;30;10;10;10;0;10;0;0;30;960;3;70;70;25
350;650;10;PR;110;10;10;25000;20;10;70;50;20;50;70;40;30;30;70;40;20;50;20;40;20;40;20;40;40;20;20;0;0;0;0;10;0;10;775;3;70;70;5
351;640;10;SP;160;0;0;25000;20;20;70;50;60;60;70;60;20;70;70;70;30;30;30;40;20;30;50;50;10;10;10;10;10;0;10;10;0;40;1080;3;70;70;0
352;400;10;RJ;160;10;0;25000;20;10;70;70;40;50;20;20;70;70;10;10;20;50;40;40;20;30;20;40;40;20;30;10;10;0;10;10;0;40;900;3;70;70;5
353;340;10;SP;110;10;10;45000;10;0;50;50;20;50;70;50;20;50;50;50;20;30;50;20;20;40;40;40;20;20;30;10;0;0;0;10;0;20;850;3;70;70;10
354;230;10;PB;140;10;0;25000;30;20;70;30;70;40;70;40;30;70;70;70;30;20;40;40;40;50;40;50;30;20;20;10;10;0;10;10;0;40;1090;3;70;70;3,33333E+15
355;580;10;BA;160;0;10;45000;20;10;70;50;50;70;70;60;50;0;20;20;30;40;40;30;30;40;30;40;30;30;30;10;0;0;10;10;0;30;730;3;70;70;5
356;560;10;BA;160;10;10;65000;20;10;70;70;70;50;70;40;50;70;20;70;30;30;30;50;30;30;40;30;40;20;20;10;10;0;10;10;0;40;1075;3;70;70;5
357;340;10;TO;140;10;10;15000;10;10;70;40;70;40;70;70;50;40;70;50;20;10;20;30;20;40;20;20;20;20;20;0;0;0;0;10;0;10;960;3;70;70;0
358;480;0;BA;160;0;10;45000;20;10;50;50;50;50;50;50;60;60;0;20;40;40;40;40;30;40;40;30;40;20;40;10;0;0;0;0;0;10;920;3;70;70;5
359;380;10;BA;160;10;10;45000;10;10;40;20;40;30;50;30;70;70;70;70;20;40;50;40;30;50;40;40;40;20;50;10;10;0;0;0;0;20;950;3;60;70;0
360;660;10;RJ;160;10;0;65000;20;10;70;20;70;70;70;0;70;70;70;0;50;50;50;50;50;50;40;40;50;40;40;10;0;0;0;0;0;10;1085;3;70;70;5
361;480;0;SP;160;10;10;15000;40;30;50;30;50;30;20;60;30;50;70;60;30;20;20;20;10;30;30;40;30;10;30;10;0;0;0;0;0;10;885;3;70;70;25
362;670;10;RJ;140;0;0;25000;20;0;10;70;70;70;70;70;70;40;30;20;50;40;20;50;30;50;50;50;50;20;30;10;0;0;0;0;0;10;955;3;70;70;10
363;610;10;MG;120;10;0;15000;10;10;70;30;70;70;70;70;20;70;0;70;40;40;50;10;10;50;10;40;10;10;30;10;10;0;0;10;0;30;1085;3;70;70;0
364;520;10;SP;110;0;10;25000;60;40;70;0;70;30;40;70;20;0;70;70;50;40;50;50;40;50;50;40;20;10;30;10;10;0;0;10;0;30;770;3;70;70;3,33333E+15
365;520;10;PB;160;0;0;45000;30;20;70;30;30;70;70;40;30;0;70;10;40;30;50;50;30;50;20;40;40;30;50;10;0;0;10;0;0;20;690;3;70;70;3,33333E+15
366;470;10;MG;160;0;10;65000;20;20;70;70;70;70;40;70;30;0;70;10;50;50;50;50;30;40;50;40;40;10;20;10;0;0;0;0;0;10;780;3;70;70;0
367;470;10;MG;90;10;0;25000;10;0;70;50;70;70;70;70;0;70;70;10;50;40;40;20;20;30;20;20;20;20;20;0;0;0;10;0;0;10;1090;3;70;70;10
368;650;10;SP;160;10;0;15000;20;10;70;70;70;50;70;70;70;0;0;50;50;50;50;50;20;40;50;40;50;20;50;10;0;10;0;0;0;20;775;3;70;70;5
369;540;10;GO;160;10;10;65000;30;30;40;60;50;40;60;30;50;70;20;30;20;10;30;30;20;10;10;40;20;20;10;10;0;0;10;10;0;30;975;3;70;70;0
370;660;10;BA;160;10;0;65000;30;0;70;20;70;70;70;30;70;70;70;70;40;10;40;40;30;40;20;10;40;10;30;10;0;0;10;0;0;20;1120;3;70;70;10
371;440;10;SC;120;0;0;80000;30;10;50;30;10;50;60;70;40;30;50;50;20;30;40;50;20;40;50;40;40;30;10;10;0;0;10;10;0;30;730;3;70;70;6,66667E+15
372;620;10;PB;120;10;0;15000;20;10;70;30;30;20;50;20;40;20;30;70;40;40;40;50;20;40;40;40;20;20;50;10;0;0;0;0;0;10;670;3;70;60;5
373;580;10;RJ;160;0;10;45000;20;10;70;70;70;70;70;70;20;70;10;70;30;10;40;40;30;30;10;30;30;20;30;0;0;0;10;0;0;10;1090;3;70;70;5
374;520;10;RS;50;10;10;15000;10;10;70;0;0;70;70;0;20;70;0;10;40;20;40;30;20;40;50;40;20;20;30;10;0;0;0;0;0;10;645;3;70;20;0
375;510;10;BA;160;10;10;45000;30;10;60;0;50;20;20;60;50;60;40;40;40;20;40;40;30;40;40;30;40;20;30;10;10;0;0;10;0;30;870;3;60;70;6,66667E+15
376;530;10;DF;160;10;0;25000;20;10;50;50;50;50;30;40;10;50;50;50;30;30;20;30;20;20;20;20;20;10;20;10;10;0;10;10;0;40;820;3;70;50;5
377;580;10;PR;140;0;0;45000;30;20;50;10;50;50;50;30;30;50;50;50;40;40;50;50;40;50;40;40;40;10;20;10;0;0;0;0;0;10;860;3;60;60;3,33333E+15
378;600;0;SP;160;10;0;15000;10;10;20;20;70;70;70;0;0;0;10;20;20;40;10;20;20;30;20;50;30;40;50;10;10;0;0;10;0;30;445;3;40;0;0
379;480;10;RJ;160;10;10;45000;20;20;70;70;70;70;70;70;40;40;70;70;40;40;30;40;20;20;40;50;30;10;10;0;10;0;0;10;0;20;1000;3;70;70;0
380;450;10;SP;160;10;10;25000;30;20;50;30;50;50;0;50;0;50;50;50;10;30;40;20;20;40;20;40;20;10;30;10;10;0;0;0;0;20;790;3;70;50;3,33333E+15
381;530;10;DF;160;10;0;15000;20;10;70;40;40;40;40;50;30;50;50;50;20;20;20;20;20;20;20;20;20;10;20;10;10;0;10;10;0;40;870;3;70;70;5
382;390;10;PR;160;0;10;45000;60;20;70;30;70;70;70;10;70;10;70;40;30;40;50;40;30;50;40;40;50;20;40;10;0;0;10;10;0;30;865;3;70;70;6,66667E+15
383;620;10;SP;120;0;0;25000;30;10;20;30;50;70;50;50;20;70;40;40;30;30;30;30;30;30;50;40;30;30;30;0;10;0;0;10;0;20;970;3;50;70;6,66667E+15
384;650;10;SP;160;10;10;100000;20;10;50;20;50;50;30;40;10;40;50;50;50;50;50;50;30;50;50;40;50;30;50;10;10;0;10;10;0;40;780;3;70;50;5
385;530;10;SP;220;0;10;80000;30;20;70;0;70;70;70;70;20;70;70;70;40;30;50;40;30;50;20;40;30;20;50;10;0;0;0;0;0;10;1120;3;70;70;3,33333E+15
386;570;10;BA;220;10;10;100000;10;0;70;40;40;40;40;30;0;40;0;30;40;50;50;50;40;50;50;50;40;30;40;10;0;0;10;0;0;20;635;3;70;30;10
387;290;10;MG;120;0;10;15000;70;30;60;10;70;40;30;60;60;60;40;40;30;20;50;40;30;50;40;50;40;20;50;0;0;0;0;10;0;10;980;3;70;70;5,71429E+15
388;270;0;PR;120;10;10;15000;20;20;30;20;20;20;20;20;20;20;20;20;40;30;30;30;30;30;30;30;30;30;30;10;0;0;0;0;0;10;460;3;50;40;0
389;430;10;PR;120;10;10;25000;30;30;70;70;70;70;70;40;30;0;70;70;20;10;40;20;30;40;30;40;30;20;30;10;0;0;0;0;0;10;840;3;70;70;0
390;660;10;SP;120;10;10;65000;10;10;70;70;70;70;70;70;50;70;70;20;40;40;50;50;30;50;40;30;40;20;20;10;0;0;10;0;0;20;1095;3;70;70;0
391;360;0;SP;120;0;0;15000;10;0;70;30;70;30;20;0;70;50;70;70;20;30;50;30;20;50;40;50;20;10;40;10;10;0;10;10;0;40;950;3;70;70;10
392;480;10;RN;160;10;10;25000;20;10;70;30;50;30;50;70;30;70;50;40;20;30;20;20;20;30;20;20;10;20;20;10;10;0;10;10;0;40;975;3;70;70;5
393;730;0;PE;120;10;10;25000;20;0;70;70;70;70;70;40;70;70;10;70;20;10;30;40;30;30;40;40;40;20;10;10;10;0;0;10;0;30;1090;3;70;70;10
394;620;10;PR;180;0;0;45000;30;20;70;70;70;70;70;0;40;70;30;70;40;50;40;40;30;40;30;30;30;30;40;10;0;0;10;10;0;30;980;3;70;40;3,33333E+15
395;530;10;DF;160;10;0;15000;20;10;50;40;50;40;40;50;30;50;50;50;20;20;20;20;20;20;20;20;20;20;20;10;0;0;10;10;0;30;900;3;70;70;5
396;600;10;MG;160;10;0;80000;20;10;0;0;70;70;70;60;70;50;70;0;40;30;40;40;20;40;30;30;20;20;30;10;10;0;10;0;0;30;865;3;0;70;5
397;590;10;SP;160;10;10;45000;30;20;70;50;70;70;70;10;70;60;30;20;40;40;40;50;40;50;50;40;40;30;50;10;0;0;10;0;0;20;1035;3;70;70;3,33333E+15
398;460;0;MG;160;10;10;15000;20;20;70;30;30;30;20;40;20;30;50;30;30;30;50;30;30;50;30;40;30;20;30;10;0;0;10;10;0;30;680;3;70;60;0
399;220;0;DF;120;10;0;15000;20;10;50;40;50;50;40;50;30;50;50;50;20;20;20;20;20;20;20;20;20;20;20;10;10;0;10;10;0;40;910;3;70;70;5
400;600;10;PI;160;0;10;45000;60;30;70;40;40;60;70;70;20;70;70;30;40;40;50;40;30;50;40;20;40;20;30;10;0;0;0;0;0;10;1000;3;70;70;5
401;490;0;RJ;160;0;10;25000;50;30;70;20;40;30;20;70;30;10;70;70;10;20;30;40;20;30;10;40;20;20;20;10;0;0;0;0;0;10;700;3;70;70;4
402;530;10;SP;160;0;10;45000;20;20;0;70;70;70;70;20;70;0;0;20;50;20;50;50;50;50;50;50;50;40;40;10;0;0;0;0;0;10;780;3;70;70;0
403;430;10;MG;160;0;10;45000;20;20;70;20;40;40;60;60;30;0;30;40;40;30;40;40;30;40;40;50;40;30;40;10;10;0;0;10;0;30;675;3;70;70;0
404;350;10;GO;140;0;10;45000;40;20;70;10;70;50;50;30;70;30;70;30;20;10;10;40;30;10;20;20;20;10;10;10;10;0;0;10;0;30;900;3;70;70;5
405;640;10;SP;140;0;0;25000;20;20;60;40;70;70;70;70;30;60;70;20;40;40;50;50;50;50;50;50;40;40;50;10;10;0;10;10;0;40;1055;3;70;70;0
406;550;10;RJ;120;10;0;15000;20;10;70;30;30;50;70;40;20;50;70;30;40;30;40;30;20;30;40;30;20;10;30;10;0;0;0;10;0;20;840;3;70;60;5
407;370;10;MA;160;0;0;45000;20;10;70;60;60;70;50;70;30;40;70;70;20;20;40;40;30;40;40;50;40;40;50;10;10;0;10;10;0;40;950;3;70;70;5
408;290;10;PI;140;10;10;15000;50;40;70;70;70;70;30;70;50;40;70;70;40;30;30;40;20;50;30;40;30;10;50;10;10;0;0;0;0;20;960;3;70;70;2
409;520;10;MG;160;10;10;25000;30;20;60;10;50;40;0;40;10;70;20;30;20;10;30;30;30;30;40;10;40;20;10;10;10;0;0;10;0;30;835;3;70;50;3,33333E+15
410;470;10;RN;120;10;0;25000;20;10;70;10;40;50;70;70;70;0;0;30;40;20;10;20;20;40;40;20;40;20;40;10;0;0;0;0;0;10;675;3;70;70;5
411;530;10;RS;50;0;0;15000;30;10;70;50;20;40;60;50;20;20;30;40;40;40;40;50;50;50;40;40;30;30;10;10;10;0;10;10;0;40;695;3;70;70;6,66667E+15
412;540;0;PR;50;10;10;25000;40;20;70;0;70;40;0;70;50;0;70;0;20;40;20;40;20;50;40;40;30;10;10;10;0;0;0;0;0;10;705;3;70;70;5
413;520;10;MG;140;10;10;25000;30;20;40;20;40;40;0;50;10;60;20;30;30;20;20;40;10;20;40;10;40;20;10;10;10;0;0;10;0;30;785;3;60;60;3,33333E+15
414;480;10;CE;120;0;10;15000;50;20;70;70;70;50;60;70;30;50;70;40;40;20;50;40;40;50;50;50;20;20;40;10;0;0;10;10;0;30;995;3;70;70;6
415;670;10;GO;180;10;10;45000;40;20;30;20;30;70;70;30;70;50;40;50;50;50;50;50;40;50;50;50;40;10;10;10;10;0;10;10;0;40;855;3;50;70;5
416;550;10;BA;90;0;0;15000;30;10;20;40;10;0;20;30;60;0;40;20;40;30;50;20;20;50;40;40;20;20;30;10;0;0;0;10;0;20;480;3;60;70;6,66667E+15
417;410;10;PE;160;0;0;45000;20;10;70;70;70;70;70;0;70;70;70;40;40;50;50;40;20;50;40;40;40;40;50;10;0;0;10;10;0;30;1105;3;70;70;5
418;600;0;PE;120;0;10;15000;30;10;70;0;70;30;10;70;40;20;60;50;10;20;40;40;20;40;30;30;10;20;40;10;0;0;0;0;0;10;805;3;70;70;6,66667E+15
419;370;0;MS;160;10;10;45000;20;10;70;40;70;60;20;60;40;40;70;50;30;40;30;40;30;40;40;40;40;30;30;10;10;0;10;10;0;40;930;3;70;70;5
420;380;10;SP;120;10;0;15000;30;10;70;0;30;40;20;0;30;0;70;70;20;20;40;20;10;40;20;20;30;10;40;10;0;0;0;0;0;10;480;3;70;30;6,66667E+15
421;460;10;SP;160;10;10;25000;50;20;70;40;50;50;40;50;50;50;50;30;30;30;40;30;20;30;40;40;30;30;30;0;10;0;0;10;0;20;900;3;70;70;6
422;430;10;MA;120;0;10;15000;40;20;40;20;70;70;70;70;70;70;70;70;50;50;50;50;50;50;50;50;50;30;50;10;0;0;0;0;0;10;1100;3;60;70;5
423;510;10;MG;160;0;0;15000;30;10;70;70;70;70;70;70;70;70;70;70;50;50;50;50;20;50;50;50;50;10;30;0;0;0;0;10;0;10;1120;3;70;70;6,66667E+15
424;420;10;GO;160;0;0;45000;40;10;70;20;70;70;70;70;10;70;70;70;30;20;10;20;20;20;20;30;20;10;10;10;0;0;0;10;0;20;1120;3;70;70;75
425;380;10;SP;140;0;0;15000;60;40;70;20;20;70;70;10;70;10;20;20;40;30;50;40;20;50;30;40;40;20;50;10;0;0;10;10;0;30;680;3;70;70;3,33333E+15
426;330;10;PE;140;10;10;45000;10;10;70;30;50;70;50;50;70;30;70;20;30;30;40;40;20;30;20;40;40;40;50;10;0;0;0;10;0;20;855;3;70;70;0
427;210;0;PE;140;10;10;275000;40;20;70;50;70;70;70;70;70;70;70;10;40;10;10;50;20;50;50;10;50;10;10;0;0;0;0;10;0;10;1090;3;70;70;5
428;270;0;PE;160;10;10;100000;20;20;70;20;20;50;20;20;70;70;70;70;40;40;40;40;10;30;40;50;50;30;30;10;10;0;0;10;0;30;900;3;70;70;0
429;600;0;CE;160;0;10;80000;30;30;70;30;60;50;70;70;60;60;70;70;30;10;30;40;20;30;20;30;10;10;10;10;10;0;0;10;0;30;1030;3;70;70;0
430;320;10;CE;110;0;10;15000;50;20;30;0;70;30;20;30;50;30;20;50;40;40;30;20;20;30;20;40;20;40;10;10;10;0;0;0;0;20;755;3;30;70;6
