IBGE;MUNIC;NHB11;NHB12;NHB13;NHB14;NHB15;NHB21;NHB22;NHB23;NHB24;NHB31;NHB32;NHB33;NHB34;NHB41;NHB42;NHB43;NHB44;NHB45;NHB46;NHB47;FBE11;FBE12;FBE13;FBE14;FBE15;FBE16;FBE21;FBE22;FBE23;FBE24;FBE31;FBE32;FBE33;FBE34;FBE35;FBE41;FBE42;FBE43;FBE44;FBE45;FBE46;OP11;OP12;OP13;OP14;OP21;OP22;OP23;OP24;OP25;OP31;OP32;OP33;OP34;OP35;OP36;OP37;OP38;OP41;OP42;OP43
2600054;Abreu e Lima;32,25;899,72;175,38;14,01;3,94;85,23;30,91;87,99;52,37;85,57;79,07;81,93;98,39;55,29;2,00;1,94;3,00;1,02;2,00;24,37;0,80;0,30;3,90;20,50;4,50;4,60;99,93;5,54;83,73;95,01;72,46;2,29;428,67;25,59;3,05;7,78;1,06;1,00;0,00;51,15;7,80;3,00;4,00;1,01;0,62;4,00;12,87;0,84;0,63;2,00;0,17;0,67;3,88;2,00;0,00;1,00;87,85;3,00;25,05;30,69;528,32
2600104;Afogados da Ingazeira;83,28;1084,00;162,26;14,84;6,05;80,31;83,76;100,00;50,36;76,94;98,60;98,93;99,38;23,09;2,00;5,15;4,00;37,28;5,00;9,94;0,80;0,80;4,80;17,90;5,35;5,60;93,60;10,20;77,74;94,32;73,39;1,99;464,44;21,86;2,49;6,14;2,11;1,00;1,99;46,70;13,12;11,00;0,00;0,91;0,72;9,00;14,84;1,19;0,91;2,00;0,15;0,90;529,15;5,00;45,05;2,00;88,38;3,00;38,68;49,68;556,26
2600203;Afrânio;93,70;840,80;88,34;12,66;7,33;40,63;16,30;57,17;28,73;7,04;98,21;68,62;95,73;20,23;2,00;10,67;5,00;32,13;4,00;16,07;0,40;0,38;4,50;18,90;4,55;3,80;52,81;2,25;37,44;69,57;70,68;2,80;394,50;12,98;10,71;0,36;5,99;1,00;29,99;47,36;16,18;3,00;0,00;1,76;0,74;3,00;16,03;1,34;24,54;2,00;0,54;0,17;138,73;3,00;238,10;2,00;97,85;3,00;34,75;52,35;505,04
2600302;Agrestina;78,15;1513,47;172,34;8,20;1,70;81,38;84,08;100,00;39,56;85,86;97,05;90,12;98,89;64,08;3,00;0,00;1,00;25,23;4,00;37,85;0,10;1,58;5,60;23,70;4,75;5,80;99,72;9,92;69,34;85,72;70,57;2,53;613,62;21,00;2,52;1,20;2,85;1,00;0,00;41,17;10,18;8,00;0,00;0,76;0,79;3,00;15,03;1,35;1,01;2,00;0,18;0,67;24,31;2,00;0,00;1,00;43,69;2,00;22,88;29,74;531,08
2600401;Água Preta;44,94;802,44;185,58;25,79;4,59;70,12;65,89;72,49;58,99;70,56;89,68;92,72;94,42;51,07;2,00;7,32;4,00;3,78;2,00;34,01;2,30;0,40;3,40;29,50;4,50;0,90;87,64;3,13;50,50;96,08;70,64;2,45;616,47;16,63;1,51;0,94;2,62;1,00;0,76;46,29;6,63;8,00;7,00;1,46;0,43;3,00;22,35;8,23;14,46;2,00;0,15;0,55;33,66;2,00;0,00;1,00;16,75;2,00;26,43;38,22;497,45
2600500;Águas Belas;79,04;723,99;129,69;17,12;3,82;31,73;38,87;48,11;24,11;51,88;89,97;85,38;95,35;9,21;2,00;4,69;4,00;4,81;2,00;26,48;2,20;3,00;6,90;31,50;4,60;4,20;60,94;3,60;49,96;94,36;66,44;2,86;481,28;22,43;7,22;3,22;3,40;1,00;0,24;59,44;12,55;8,00;9,00;0,95;0,75;4,00;18,26;1,32;1,62;2,00;0,15;0,86;126,54;3,00;2,11;2,00;38,55;2,00;24,54;31,58;487,44
2600609;Alagoinha;100,00;1331,26;95,90;10,87;4,02;23,10;49,73;52,33;11,32;63,87;95,39;82,11;98,81;66,31;3,00;8,35;4,00;14,77;2,00;22,15;0,50;0,08;5,40;33,10;4,25;18,40;94,39;10,61;56,32;84,17;73,04;2,23;402,81;22,71;1,48;0,65;2,80;1,00;0,74;45,39;11,97;5,00;5,00;0,82;0,78;3,00;17,39;4,60;4,46;2,00;0,22;0,90;133,25;3,00;75,19;2,00;377,36;5,00;19,70;30,83;474,59
2600708;Aliança;84,23;736,83;176,00;15,05;3,60;70,08;40,96;84,12;47,60;75,03;91,37;74,61;98,14;88,42;3,00;16,29;5,00;27,98;4,00;50,36;0,70;0,42;2,50;29,80;4,10;6,50;97,96;1,89;59,27;93,68;72,93;3,62;466,52;13,55;11,19;2,04;1,78;1,00;0,84;49,76;5,46;5,00;6,00;1,26;0,69;4,00;17,42;0,36;1,73;2,00;0,18;0,74;38,02;2,00;0,00;1,00;113,25;3,00;42,15;50,35;507,19
2600807;Altinho;74,90;882,76;125,44;24,15;1,05;68,10;78,04;92,05;34,34;65,31;97,91;95,75;98,26;134,00;4,00;12,07;5,00;9,67;2,00;58,04;0,10;0,60;2,50;27,70;4,60;2,10;97,04;10,05;45,45;95,12;72,54;2,67;451,57;14,83;9,67;3,37;3,00;1,00;0,00;44,91;13,20;9,00;9,00;0,83;0,81;4,00;21,26;0,76;8,06;2,00;0,18;0,88;171,35;3,00;238,10;2,00;118,91;3,00;19,36;26,42;555,93
2600906;Amaraji;64,75;964,64;249,87;10,83;3,68;63,92;68,74;88,42;43,93;69,78;77,87;76,90;91,98;197,78;5,00;10,78;5,00;21,97;3,00;16,48;0,50;1,24;4,20;22,10;4,40;1,30;95,96;15,73;65,62;93,46;69,89;3,14;501,39;22,87;5,49;0,98;1,77;1,00;3,85;54,33;4,92;8,00;0,00;1,55;0,68;4,00;23,47;0,51;1,98;2,00;0,44;0,87;53,89;2,00;0,00;1,00;199,07;4,00;10,61;10,92;513,07
2601003;Angelim;81,12;911,42;138,99;7,94;3,80;63,67;56,28;78,90;36,53;65,61;95,66;92,73;97,87;121,07;4,00;7,08;4,00;29,29;4,00;39,06;0,70;2,06;7,40;33,80;5,20;13,00;98,79;6,77;58,19;79,71;70,08;3,42;490,53;24,22;7,81;0,55;2,57;1,00;0,00;42,72;12,04;5,00;0,00;0,70;0,82;4,00;14,29;0,96;12,66;2,00;0,22;0,92;19,14;2,00;0,00;1,00;76,53;3,00;75,22;81,38;499,50
2601052;Araçoiaba;62,58;468,09;232,55;46,10;4,48;43,39;1,58;28,84;51,55;82,82;78,16;75,38;95,12;36,45;2,00;3,89;3,00;5,20;2,00;15,59;0,30;0,60;1,50;19,70;4,50;3,10;100,00;0,87;65,55;93,85;70,87;1,63;538,21;26,79;1,04;0,42;0,71;1,00;3,12;48,33;6,03;3,00;3,00;0,86;0,75;2,00;13,12;0,53;12,48;2,00;0,35;0,00;211,67;4,00;277,78;2,00;130,72;4,00;31,93;49,50;476,93
2601102;Araripina;84,25;770,21;117,22;13,61;4,48;45,16;48,73;72,46;37,36;48,51;88,99;73,74;96,61;40,83;2,00;2,29;3,00;27,03;4,00;19,98;1,80;2,40;4,20;13,70;4,75;2,90;77,18;19,80;55,29;93,37;72,12;3,10;454,25;18,99;7,05;4,51;2,12;1,00;7,76;45,26;24,50;1,00;0,00;1,09;0,75;5,00;20,48;1,16;1,51;2,00;0,39;0,52;34,37;2,00;0,00;1,00;40,94;2,00;42,93;59,44;557,76
2601201;Arcoverde;90,14;998,74;162,74;13,66;4,73;73,93;86,37;100,00;64,22;84,04;96,17;89,44;95,46;79,74;3,00;2,43;3,00;32,16;4,00;29,59;0,10;0,30;3,50;16,70;5,10;4,50;97,08;9,81;76,97;91,72;72,95;2,45;478,08;23,44;3,86;8,59;1,72;1,00;0,26;51,66;15,81;5,00;0,00;1,02;0,54;9,00;13,66;1,82;1,02;2,00;0,57;0,60;804,98;5,00;40,00;2,00;166,25;4,00;45,23;53,06;559,94
2601300;Barra de Guabiraba;63,64;690,27;108,54;6,58;4,31;80,06;88,37;98,40;43,37;84,32;90,14;78,29;93,71;180,55;4,00;5,74;4,00;8,15;2,00;81,55;0,50;0,60;3,60;18,40;6,80;0,70;99,51;9,81;51,12;75,48;68,54;3,44;547,83;30,52;6,52;2,50;1,85;1,00;1,63;48,09;6,71;3,00;4,00;0,76;0,84;2,00;26,32;0,14;2,45;2,00;0,67;0,53;16,36;2,00;0,00;1,00;285,71;5,00;31,39;45,21;462,48
2601409;Barreiros;62,03;725,52;301,73;30,41;4,54;82,18;75,20;92,69;56,37;80,18;85,81;93,54;98,25;74,05;3,00;4,77;4,00;9,97;2,00;29,91;0,60;2,00;3,00;23,50;4,55;4,80;99,44;10,31;67,98;95,40;68,82;3,79;619,64;22,83;2,99;2,93;2,00;1,00;0,50;53,05;7,30;7,00;6,00;0,92;0,74;2,00;22,00;0,22;1,74;2,00;0,29;0,85;9,55;2,00;0,00;1,00;48,90;2,00;76,50;74,78;518,62
2601508;Belém de Maria;62,25;386,23;232,50;12,34;3,30;59,54;67,87;73,97;60,71;69,93;91,42;81,59;94,52;98,72;3,00;6,44;4,00;9,64;2,00;19,27;0,30;0,00;1,10;16,90;4,95;2,80;99,74;0,28;50,12;89,31;69,95;2,76;541,96;22,34;1,93;0,29;1,98;1,00;0,96;59,93;12,48;11,00;5,00;1,28;0,65;5,00;16,33;0,30;2,65;2,00;0,44;0,31;153,08;3,00;0,00;1,00;32,21;2,00;13,70;16,97;485,27
2601607;Belém do São Francisco;43,09;656,05;110,33;33,78;6,59;61,49;73,82;80,96;17,20;51,28;91,30;55,59;81,96;18,98;2,00;0,00;1,00;31,69;4,00;16,39;0,80;2,90;4,90;26,70;4,80;5,90;74,05;17,73;49,54;95,16;72,06;3,14;480,54;16,40;16,39;0,36;3,43;1,00;2,19;51,47;32,91;9,00;8,00;1,02;0,81;7,00;18,24;1,22;6,38;2,00;0,36;0,80;162,04;3,00;20,83;2,00;200,80;4,00;38,82;51,48;513,74
2601706;Belo Jardim;86,25;678,54;185,76;18,10;3,81;78,10;92,42;100,00;44,51;78,95;97,63;90,57;98,38;56,73;2,00;7,26;4,00;16,35;3,00;35,22;2,10;4,50;6,30;29,20;3,95;7,30;91,43;22,38;66,75;93,94;71,95;2,48;534,30;25,94;7,55;4,77;1,39;1,00;0,25;42,91;12,11;12,00;3,00;0,99;0,67;9,00;13,62;2,07;17,86;2,00;0,00;0,51;627,18;5,00;707,07;2,00;47,06;2,00;40,00;45,64;554,57
2601805;Betânia;100,00;725,94;152,83;24,10;4,33;40,38;31,62;52,70;35,67;29,52;94,99;87,43;96,79;33,81;2,00;3,17;3,00;17,81;3,00;26,71;0,40;0,22;3,40;28,40;6,45;5,30;30,03;0,16;39,93;91,42;69,53;2,49;426,14;24,86;8,90;0,85;2,86;1,00;0,00;45,86;4,94;8,00;0,00;1,13;0,30;4,00;16,27;2,06;2,27;2,00;0,89;0,46;124,38;3,00;0,00;1,00;50,86;2,00;37,42;64,34;475,23
2601904;Bezerros;72,11;590,55;173,69;10,75;3,71;70,59;80,76;94,74;50,39;82,40;96,31;85,87;99,10;70,99;3,00;3,08;3,00;24,31;4,00;32,42;0,10;1,40;3,70;17,80;5,45;6,40;97,02;19,28;72,67;93,83;70,10;2,82;468,12;25,17;4,86;2,41;2,20;1,00;0,16;40,28;17,51;9,00;8,00;1,12;0,60;6,00;17,51;1,05;0,80;2,00;0,13;0,52;86,27;2,00;37,88;2,00;30,13;2,00;36,31;44,15;560,36
2602001;Bodocó;88,65;414,45;129,76;16,98;4,84;37,30;40,91;48,97;54,50;40,87;89,73;73,27;94,29;28,32;2,00;2,11;3,00;2,90;2,00;5,80;3,40;0,20;3,00;19,90;4,30;6,50;65,19;0,26;45,05;89,48;69,67;1,71;394,64;17,64;23,20;4,34;4,54;1,00;26,97;55,50;20,88;6,00;8,00;1,41;0,68;2,00;16,04;1,40;0,73;2,00;0,15;0,69;288,95;4,00;714,29;2,00;334,61;5,00;17,28;21,58;524,83
2602100;Bom Conselho;67,72;516,59;132,25;27,54;5,01;58,57;63,50;70,24;16,48;64,41;96,20;93,30;99,21;24,97;2,00;4,02;3,00;15,80;3,00;13,55;0,60;1,00;4,90;27,80;5,20;3,00;76,66;2,65;53,44;93,18;67,22;2,16;428,91;23,41;9,03;4,69;3,73;1,00;0,68;48,75;10,15;6,00;0,00;1,19;0,73;4,00;18,86;0,57;5,11;2,00;0,29;0,54;8,65;2,00;0,00;1,00;17,87;2,00;28,37;36,67;504,86
2602209;Bom Jardim;72,09;609,42;176,89;11,82;3,48;52,36;28,62;65,89;57,21;32,60;88,90;83,09;98,61;21,94;2,00;6,84;4,00;15,95;3,00;15,95;0,64;0,02;3,00;16,70;4,95;4,00;98,27;1,46;42,32;94,39;70,99;2,04;468,40;23,79;10,63;3,37;1,52;1,00;0,00;51,69;12,84;6,00;6,00;0,91;0,79;4,00;13,00;0,76;1,30;2,00;0,45;0,99;25,88;2,00;166,67;2,00;47,98;2,00;15,56;22,79;521,00
2602308;Bonito;77,48;826,75;164,79;22,18;3,88;68,54;80,01;95,93;43,51;67,78;85,69;84,74;90,83;53,37;2,00;4,11;3,00;5,34;2,00;29,35;0,50;0,10;4,00;12,00;5,80;2,90;93,58;9,24;57,67;80,06;70,26;2,72;549,99;19,08;2,67;4,59;2,04;1,00;0,00;48,45;12,10;5,00;7,00;0,76;0,84;4,00;19,78;0,14;1,22;2,00;0,45;0,13;10,42;2,00;0,00;1,00;42,35;2,00;11,41;12,27;531,92
2602407;Brejão;100,00;790,56;133,08;16,95;4,88;55,06;20,73;50,09;30,27;45,83;90,71;91,79;99,42;135,07;4,00;0,00;1,00;44,06;5,00;44,06;0,92;4,40;5,90;23,90;5,00;18,10;83,86;1,40;39,97;96,34;68,51;4,18;501,25;16,75;2,20;0,00;4,61;1,00;1,10;44,29;8,76;5,00;7,00;1,04;0,74;3,00;14,12;1,43;2,95;2,00;0,00;0,67;279,45;4,00;0,00;1,00;241,55;5,00;95,10;99,47;496,11
2602506;Brejinho;91,07;387,23;194,97;19,05;4,26;49,29;48,13;74,16;22,12;19,79;98,31;99,29;99,32;58,48;3,00;0,00;1,00;25,91;4,00;12,95;0,40;4,10;6,50;14,00;6,10;2,40;86,55;0,07;46,86;92,92;65,84;3,02;640,94;22,19;2,59;0,88;2,08;1,00;0,00;43,60;11,13;5,00;4,00;1,36;0,67;3,00;18,10;0,80;3,38;2,00;0,00;0,95;411,84;5,00;0,00;1,00;275,48;5,00;28,38;46,35;547,85
2602605;Brejo da Madre de Deus;79,87;524,22;171,85;17,11;4,65;28,30;61,58;56,75;29,79;69,28;93,07;81,03;98,35;50,23;2,00;12,11;5,00;12,33;2,00;39,06;1,30;9,80;4,70;23,90;4,15;8,40;88,00;3,40;42,06;93,24;69,06;2,86;489,23;17,54;10,28;4,62;1,48;1,00;0,21;47,48;12,96;4,00;4,00;1,68;0,58;6,00;18,35;1,19;1,11;2,00;0,30;0,61;193,70;4,00;0,00;1,00;113,42;3,00;23,89;34,03;530,11
2602704;Buenos Aires;78,07;748,64;161,15;12,05;5,27;72,40;10,97;78,97;55,39;71,65;97,87;93,20;94,06;47,86;2,00;15,13;5,00;10,93;2,00;39,04;0,30;0,06;3,50;20,30;4,75;0,40;97,23;5,84;49,60;97,11;71,66;2,22;465,95;11,75;18,74;2,11;1,51;1,00;0,00;51,93;8,23;2,00;7,00;0,98;0,80;1,00;12,05;0,12;18,32;2,00;0,43;0,79;57,93;2,00;0,00;1,00;58,58;2,00;20,18;28,94;494,76
2602803;Buíque;90,47;1735,97;143,60;13,87;5,05;23,79;42,95;34,16;57,16;33,34;89,53;77,15;94,66;19,68;2,00;11,44;5,00;9,60;2,00;28,79;0,50;0,90;7,60;27,70;4,80;4,90;75,04;4,62;42,74;92,45;69,75;2,14;390,27;17,20;3,84;5,53;2,79;1,00;0,58;54,82;18,34;9,00;0,00;1,41;0,67;4,00;19,17;1,14;1,52;2,00;0,53;0,71;278,42;4,00;29,33;2,00;109,56;3,00;28,91;42,45;525,29
2602902;Cabo de Santo Agostinho;40,92;946,89;206,64;12,61;6,40;77,46;61,48;92,13;21,83;70,82;77,94;79,27;97,02;198,81;5,00;9,46;5,00;8,36;2,00;80,61;0,50;1,50;3,60;22,80;4,90;4,00;99,18;8,95;90,12;94,03;73,74;2,89;462,33;26,85;4,92;6,12;2,42;1,00;0,15;44,75;4,69;5,00;6,00;2,96;0,37;8,00;15,06;1,75;4,22;2,00;0,27;0,80;886,27;5,00;54,35;2,00;632,98;6,00;40,90;40,88;530,78
2603009;Cabrobó;85,27;514,69;174,33;14,20;3,34;70,50;75,73;86,63;20,43;55,98;83,79;71,38;90,17;43,79;2,00;5,76;4,00;16,50;3,00;26,41;0,60;1,20;3,00;12,30;4,75;2,90;77,15;15,15;75,37;92,94;71,39;2,90;471,94;22,47;19,81;0,67;4,23;1,00;1,65;47,48;13,95;2,00;2,00;0,91;0,75;4,00;15,21;1,20;6,03;2,00;0,30;0,93;242,67;4,00;4,63;2,00;90,74;3,00;33,75;50,44;496,47
2603108;Cachoeirinha;71,79;950,63;184,09;13,56;3,62;71,91;85,40;100,00;22,01;75,47;97,58;95,69;99,24;40,11;2,00;0,00;1,00;20,10;3,00;30,15;0,90;8,90;5,90;19,90;5,65;4,50;91,44;8,87;70,25;93,68;70,18;2,63;632,94;20,64;10,05;3,65;4,55;1,00;0,00;40,47;16,04;4,00;6,00;0,92;0,77;2,00;16,27;3,87;69,72;4,00;0,35;0,42;719,49;5,00;0,00;1,00;747,07;6,00;24,35;36,14;549,63
2603207;Caetés;79,18;454,15;156,30;7,59;5,18;21,02;34,79;28,14;11,90;36,18;92,80;87,54;99,40;27,20;2,00;2,77;3,00;17,34;3,00;13,88;1,20;0,10;8,10;26,50;4,75;4,10;75,06;5,11;17,96;92,69;68,94;1,87;372,15;15,07;6,94;5,26;2,43;1,00;0,00;48,76;7,01;5,00;0,00;1,01;0,72;3,00;11,39;0,36;13,16;2,00;0,18;0,96;13,80;2,00;0,00;1,00;27,34;2,00;53,36;58,96;502,96
2603306;Calçado;91,47;455,25;117,21;16,00;4,69;27,39;40,46;39,30;50,55;46,80;95,66;94,36;99,48;75,79;3,00;17,91;5,00;9,01;2,00;45,07;0,10;1,32;5,70;23,60;4,70;11,90;90,06;3,05;35,95;94,69;68,84;1,55;267,32;20,70;1,80;2,11;2,27;1,00;0,00;54,46;7,86;7,00;0,00;1,38;0,62;2,00;17,60;0,76;3,42;2,00;0,22;0,69;161,20;3,00;0,00;1,00;361,66;5,00;62,43;65,49;526,16
2603405;Calumbi;100,00;1183,84;127,51;12,82;3,76;35,62;47,96;52,79;57,41;31,65;96,64;96,21;97,69;17,42;2,00;0,00;1,00;19,13;3,00;19,13;1,88;2,30;7,70;19,80;4,75;1,40;58,37;0,30;57,13;96,31;67,90;3,77;635,68;20,99;11,48;0,00;2,30;1,00;1,91;52,60;5,62;7,00;0,00;1,61;0,61;4,00;17,07;1,81;4,56;2,00;0,43;0,00;258,30;4,00;0,00;1,00;326,80;5,00;37,50;54,47;477,45
2603454;Camaragibe;36,25;900,93;184,77;16,29;5,13;67,71;19,07;79,37;68,33;71,58;71,42;70,56;98,22;88,16;3,00;1,28;2,00;3,38;2,00;33,16;0,40;0,30;2,90;20,10;4,85;7,60;100,00;4,96;93,18;92,18;73,28;2,60;468,35;31,26;3,38;8,50;0,99;1,00;0,00;56,94;5,29;4,00;5,00;2,71;0,52;6,00;11,69;1,83;0,27;2,00;0,00;0,48;26,81;2,00;0,00;1,00;47,15;2,00;29,60;37,42;526,36
2603504;Camocim de São Félix;72,18;583,23;139,03;9,09;3,53;74,73;91,39;80,16;30,07;88,04;96,25;91,11;98,76;21,39;2,00;2,12;3,00;22,96;4,00;11,48;0,20;0,18;5,40;19,40;4,80;2,40;100,00;16,51;76,12;87,83;69,25;1,43;371,11;23,89;5,74;0,86;2,05;1,00;0,00;49,02;6,26;3,00;4,00;0,85;0,81;9,00;17,73;1,10;24,56;2,00;0,00;0,98;66,89;2,00;0,00;1,00;113,56;3,00;26,80;42,33;508,39
2603603;Camutanga;80,99;581,94;190,52;9,90;3,71;62,42;22,47;89,20;18,33;69,98;93,94;64,19;92,21;50,28;2,00;0,00;1,00;5,16;2,00;38,71;0,30;0,64;5,10;22,80;4,25;8,00;100,00;7,39;87,42;93,39;70,58;2,29;452,31;19,83;7,74;3,12;2,38;1,00;0,00;53,50;14,20;2,00;6,00;1,36;0,21;3,00;17,82;3,97;68,05;4,00;0,00;0,86;75,68;2,00;0,00;1,00;211,86;4,00;35,98;42,31;519,27
2603702;Canhotinho;70,69;909,35;169,54;14,23;4,61;62,44;67,00;67,15;47,04;64,20;95,26;93,72;97,88;32,94;2,00;4,93;4,00;12,33;2,00;16,44;0,10;0,30;4,60;31,80;5,10;7,70;89,54;7,99;52,08;91,52;68,48;2,09;414,17;26,39;4,11;7,85;3,63;1,00;0,00;49,85;12,64;8,00;0,00;1,48;0,66;4,00;16,01;2,15;4,87;2,00;0,19;0,71;34,33;2,00;0,00;1,00;66,49;3,00;76,41;108,86;503,60
2603801;Capoeiras;69,45;578,61;204,73;26,12;4,66;30,99;36,51;42,53;53,32;39,69;98,27;90,60;99,80;56,89;2,00;10,83;5,00;16,36;3,00;16,36;0,92;5,50;5,60;26,00;4,75;2,80;72,24;6,71;48,27;92,04;69,74;1,94;456,00;17,37;5,45;3,13;3,84;1,00;0,55;46,13;15,66;2,00;0,00;1,72;0,60;5,00;10,45;0,68;6,54;2,00;0,18;0,99;129,93;3,00;0,00;1,00;103,20;3,00;50,69;63,49;527,55
2603900;Carnaíba;100,00;833,93;142,92;20,49;4,48;52,12;46,82;72,51;30,55;47,27;96,36;88,58;98,82;4,96;2,00;0,00;1,00;21,45;3,00;11,80;0,40;3,50;11,00;11,90;6,20;3,00;69,41;6,20;39,73;94,59;68,62;1,82;457,44;17,02;8,58;6,15;2,24;1,00;5,36;49,30;7,65;8,00;6,00;1,64;0,54;4,00;11,89;1,93;3,56;2,00;0,18;0,86;178,67;3,00;0,00;1,00;79,68;3,00;24,71;38,53;550,54
2603926;Carnaubeira da Penha;82,73;891,97;80,85;27,45;4,40;13,27;52,34;18,74;16,67;12,90;83,16;59,58;65,55;28,11;2,00;16,66;5,00;13,07;2,00;24,51;3,70;9,30;10,40;39,90;4,60;3,50;30,71;7,55;23,55;95,12;70,30;3,11;518,00;12,97;24,51;0,00;4,01;1,00;1,63;51,21;5,25;5,00;0,00;0,77;0,85;5,00;20,78;3,59;32,41;3,00;0,45;0,96;366,48;5,00;20,13;2,00;0,00;1,00;20,41;36,17;499,92
2604007;Carpina;77,11;686,00;173,80;14,29;5,39;86,69;3,73;99,69;39,06;89,51;92,56;88,75;99,19;39,60;2,00;2,38;3,00;8,83;2,00;22,70;1,10;0,20;2,20;14,60;4,95;3,60;99,87;12,44;87,94;91,26;73,36;2,76;491,47;22,43;5,04;5,01;1,30;1,00;0,00;49,62;3,79;9,00;0,00;1,18;0,60;3,00;10,11;3,61;9,74;2,00;0,33;0,70;49,95;2,00;0,00;1,00;43,27;2,00;26,15;32,45;539,34
2604106;Caruaru;82,47;608,92;170,16;16,03;3,27;81,80;83,06;100,00;33,17;87,20;95,42;90,19;99,20;59,41;3,00;6,50;4,00;17,46;3,00;35,71;1,20;2,80;6,20;23,60;5,30;5,90;99,59;16,09;88,30;95,63;72,96;2,27;506,50;25,30;7,41;6,02;1,59;1,00;0,03;42,08;17,43;13,00;12,00;0,90;0,72;10,00;11,64;2,29;0,78;2,00;0,33;0,71;481,68;5,00;50,17;2,00;307,30;5,00;57,17;69,66;568,71
2604155;Casinhas;83,62;778,05;92,51;12,52;3,91;17,45;26,07;22,31;60,17;22,01;91,15;86,69;98,58;144,30;4,00;8,30;4,00;7,71;2,00;77,12;0,20;0,00;1,90;24,70;5,70;0,56;100,00;5,25;13,93;97,32;68,25;3,66;421,13;24,00;23,14;0,09;1,68;1,00;0,77;52,60;11,96;4,00;4,00;1,47;0,68;1,00;17,65;0,24;1,72;2,00;0,44;0,99;30,63;2,00;0,00;1,00;98,77;3,00;26,38;44,14;491,75
2604205;Catende;59,74;605,33;170,15;23,81;3,12;83,81;92,17;86,80;64,96;76,12;97,29;87,91;97,29;117,92;4,00;11,94;5,00;24,88;4,00;59,09;1,30;1,00;3,70;24,00;4,45;5,50;98,35;0,92;68,09;92,38;70,59;3,75;550,63;17,21;3,11;2,49;1,13;1,00;0,00;47,63;8,75;8,00;5,00;1,39;0,57;3,00;17,14;0,75;1,74;2,00;0,00;0,70;101,45;3,00;0,00;1,00;39,57;2,00;14,06;14,30;533,36
2604304;Cedro;100,00;743,40;88,94;33,78;4,91;60,94;57,94;82,00;72,06;73,69;97,92;95,44;98,98;15,69;2,00;3,36;3,00;19,02;3,00;11,41;1,10;0,90;6,10;16,80;4,50;2,80;92,36;10,84;61,76;96,57;68,00;2,92;498,06;16,15;19,02;0,59;2,92;1,00;0,00;50,36;29,66;6,00;6,00;1,10;0,77;3,00;14,86;0,83;6,73;2,00;0,22;0,91;378,57;5,00;0,00;1,00;111,61;3,00;47,03;70,19;504,47
2604403;Chã de Alegria;66,67;586,47;164,20;26,14;4,58;62,87;49,64;70,07;42,87;64,60;86,99;85,89;97,96;30,43;2,00;14,96;5,00;7,70;2,00;38,51;2,50;0,02;1,80;9,60;4,65;2,80;100,00;2,76;64,03;92,94;70,69;3,32;430,19;21,70;3,08;0,10;1,14;1,00;0,00;48,82;2,19;2,00;6,00;1,10;0,66;2,00;16,34;2,71;1,87;2,00;0,22;0,43;59,85;2,00;0,00;1,00;164,74;4,00;14,27;17,71;513,84
2604502;Chã Grande;61,89;752,43;186,11;7,09;3,84;55,33;61,70;66,60;47,19;50,12;77,59;68,99;95,75;56,15;2,00;9,62;5,00;9,73;2,00;29,20;0,60;1,20;2,90;17,80;3,45;2,40;98,09;15,18;61,56;93,64;73,18;2,70;524,42;18,79;9,73;1,00;1,21;1,00;0,00;45,05;2,13;3,00;4,00;0,93;0,72;5,00;17,73;0,60;21,26;2,00;0,36;0,31;673,66;5,00;0,00;1,00;197,24;4,00;29,51;42,83;536,16
2604601;Condado;77,03;631,66;156,37;18,18;3,70;41,34;0,59;52,20;52,60;91,90;90,40;85,10;98,46;30,79;2,00;0,00;1,00;8,13;2,00;24,40;1,18;1,36;5,30;25,00;4,40;6,50;100,00;2,53;65,93;89,47;67,79;3,46;448,25;30,64;4,07;2,31;0,83;1,00;0,00;43,53;5,26;7,00;0,00;1,06;0,68;3,00;10,18;0,26;48,33;3,00;0,17;0,74;85,70;2,00;0,00;1,00;104,75;3,00;17,63;27,06;519,84
2604700;Correntes;44,34;589,29;130,79;26,29;3,99;68,73;62,15;80,40;53,51;67,82;96,57;93,56;96,87;45,61;2,00;6,51;4,00;11,67;2,00;29,19;1,00;0,40;6,00;30,60;3,95;4,80;92,84;3,35;43,81;94,84;68,57;1,68;442,64;21,69;5,84;0,33;4,49;1,00;0,00;51,55;7,04;3,00;0,00;0,98;0,66;2,00;12,79;0,36;8,69;2,00;0,73;0,75;2,34;2,00;0,00;1,00;48,43;2,00;76,76;86,67;482,41
2604809;Cortês;50,00;1235,75;185,80;13,07;3,54;73,87;70,92;82,93;13,81;63,42;86,29;84,12;93,95;60,98;3,00;0,00;1,00;5,88;2,00;58,84;0,80;0,00;2,10;17,60;5,05;5,20;91,01;0,28;44,10;67,10;67,42;3,32;703,13;18,44;1,96;1,52;1,33;1,00;0,00;48,18;8,82;3,00;0,00;1,36;0,72;3,00;14,38;1,42;4,28;2,00;0,43;0,67;76,18;2,00;0,00;1,00;24,13;2,00;23,98;34,40;455,35
2604908;Cumaru;83,06;1211,29;306,34;6,71;3,81;17,07;9,65;78,50;63,98;49,00;91,29;83,93;96,81;96,67;3,00;0,00;1,00;6,28;2,00;25,13;1,90;0,44;6,20;22,10;4,55;2,50;88,74;12,56;40,10;84,46;68,18;2,23;412,86;16,84;6,28;1,42;3,70;1,00;0,63;40,73;19,25;6,00;0,00;0,98;0,63;2,00;13,42;0,39;1,42;2,00;0,18;0,84;37,35;2,00;0,00;1,00;36,40;2,00;3,42;3,14;497,83
2605004;Cupira;96,25;689,03;188,04;6,49;5,01;84,64;88,04;100,00;31,94;86,66;97,19;94,51;99,18;82,25;3,00;11,04;5,00;17,01;3,00;38,27;0,10;2,20;2,40;23,70;5,80;4,30;100,00;8,96;63,81;93,24;70,80;3,27;468,95;22,88;4,25;5,80;1,72;1,00;0,00;44,57;7,38;7,00;9,00;1,26;0,78;4,00;13,64;0,78;9,27;2,00;0,34;0,64;160,64;3,00;0,00;1,00;52,91;2,00;26,24;34,93;536,71
2605103;Custódia;100,00;744,03;165,40;9,71;5,47;40,29;63,87;59,69;64,42;40,95;96,61;91,23;98,28;35,38;2,00;3,20;3,00;29,18;4,00;15,92;0,10;1,40;4,30;16,80;6,25;12,00;78,47;6,73;55,58;94,64;67,33;1,55;398,54;18,43;2,65;6,44;5,00;1,00;3,98;52,47;13,24;6,00;0,00;1,24;0,61;2,00;15,34;2,57;0,70;2,00;0,53;0,84;155,67;3,00;47,62;2,00;115,67;3,00;19,64;26,83;555,22
2605152;Dormentes;90,00;649,49;104,31;15,96;6,57;31,12;20,46;42,17;60,89;34,90;97,41;79,14;95,61;41,53;2,00;4,41;3,00;23,27;4,00;17,45;0,28;0,02;4,20;12,90;5,80;1,80;53,82;10,73;61,73;91,91;69,46;2,04;386,14;17,09;29,09;2,56;6,86;1,00;27,93;47,04;19,75;4,00;0,00;1,76;0,74;2,00;17,55;2,03;0,00;1,00;0,55;0,99;314,43;4,00;0,00;1,00;146,70;4,00;37,94;55,60;525,75
2605202;Escada;67,13;711,61;215,52;12,69;3,78;76,71;45,78;79,41;68,30;71,20;77,49;81,61;96,81;157,93;4,00;3,23;3,00;13,36;2,00;71,80;1,60;0,20;2,10;15,80;4,50;2,20;99,12;13,64;75,93;92,05;71,83;3,22;469,41;21,23;8,35;8,12;2,07;1,00;0,84;51,04;2,79;8,00;0,00;1,12;0,77;7,00;16,36;2,24;3,26;2,00;0,59;0,55;41,95;2,00;0,00;1,00;38,77;2,00;19,94;23,21;505,16
2605301;Exu;79,65;419,44;125,72;27,52;4,34;36,88;5,22;61,07;41,25;45,47;92,15;83,23;95,14;39,62;2,00;6,18;4,00;43,97;5,00;18,84;1,40;9,00;4,80;16,90;5,00;4,20;60,32;0,16;47,77;94,94;71,47;2,94;357,48;14,55;9,42;0,42;4,74;1,00;11,93;51,45;14,02;5,00;8,00;1,12;0,67;3,00;23,39;2,02;9,39;2,00;0,15;0,90;241,13;4,00;0,00;1,00;52,08;2,00;24,93;4,28;501,70
2605400;Feira Nova;93,35;1359,57;153,07;14,23;9,41;70,09;6,10;93,96;40,33;83,12;97,06;92,75;98,95;57,27;3,00;26,89;5,00;4,67;2,00;42,00;0,52;0,00;2,70;17,40;5,05;2,10;99,93;6,72;66,75;95,61;73,43;2,68;473,85;20,70;14,00;4,30;1,41;1,00;0,00;43,72;2,14;2,00;0,00;1,47;0,61;3,00;14,95;0,00;0,00;1,00;0,35;0,96;331,66;4,00;0,00;1,00;261,95;5,00;57,29;63,91;523,07
2605459;Fernando de Noronha;100,00;605,10;109,05;14,58;4,26;97,46;94,83;100,00;14,08;99,15;75,42;79,66;93,22;0,00;1,00;0,00;1,00;6,32;2,00;0,00;0,32;1,30;7,10;8,10;6,60;11,00;100,00;13,70;93,41;30,41;75,36;0,50;263,47;35,99;0,00;7,91;5,69;1,00;0,00;48,05;0,00;2,00;4,00;0,93;0,69;2,00;21,43;0,00;0,00;1,00;0,33;0,46;461,74;5,00;0,00;1,00;223,71;4,00;94,05;121,32;484,40
2605509;Ferreiros;81,88;638,51;201,75;34,78;3,90;71,57;53,23;90,40;42,40;81,96;92,03;90,16;98,40;96,85;3,00;6,41;4,00;9,32;2,00;19,97;1,42;0,96;3,60;24,20;4,35;5,30;100,00;8,14;34,76;90,34;72,24;2,05;446,58;19,69;6,66;5,19;1,58;1,00;0,67;48,02;3,03;2,00;0,00;1,36;0,21;3,00;18,26;0,00;7,89;2,00;0,00;0,85;90,16;3,00;0,00;1,00;74,84;3,00;28,52;44,33;486,47
2605608;Flores;98,14;517,42;91,93;35,71;4,58;45,11;47,57;64,38;45,13;41,96;96,89;96,04;98,52;20,38;2,00;3,51;3,00;4,91;2,00;34,40;0,20;2,50;10,10;20,30;5,45;5,10;54,92;2,53;43,32;94,93;69,67;2,72;522,17;18,96;14,74;0,50;2,40;1,00;6,88;45,28;8,00;11,00;8,00;1,61;0,61;3,00;15,48;1,22;7,17;2,00;0,36;0,54;48,34;2,00;0,00;1,00;210,30;4,00;9,42;13,83;543,15
2605707;Floresta;62,47;552,44;115,56;20,18;5,68;55,31;79,57;95,64;47,11;57,10;89,61;67,56;85,75;33,80;2,00;4,81;4,00;23,23;4,00;13,27;1,90;3,30;4,80;29,60;4,50;3,30;71,96;17,11;61,88;91,33;71,52;1,52;407,30;24,95;9,95;2,54;4,94;1,00;0,66;55,67;14,00;9,00;0,00;0,77;0,85;6,00;19,73;4,98;1,19;2,00;0,15;0,77;357,24;4,00;2,52;2,00;185,80;4,00;43,47;65,30;540,99
2605806;Frei Miguelinho;82,17;748,42;84,91;21,98;3,37;17,24;11,04;44,39;2,51;49,04;94,85;85,80;99,27;56,04;2,00;2,55;3,00;22,00;3,00;22,00;3,60;0,24;3,00;26,30;4,40;1,30;99,94;6,46;53,71;96,77;70,47;2,32;298,30;27,35;4,40;5,47;2,57;1,00;0,00;46,06;14,99;5,00;0,00;0,74;0,80;0,00;9,34;1,01;0,00;1,00;0,22;0,24;42,86;2,00;0,00;1,00;0,00;1,00;17,97;26,61;509,45
2605905;Gameleira;82,40;557,35;201,95;14,76;4,67;64,80;63,84;71,84;48,64;70,72;86,28;84,83;93,44;67,19;3,00;10,80;5,00;5,49;2,00;54,90;1,40;0,40;4,20;35,30;4,15;1,40;95,84;11,59;57,21;94,14;70,54;3,60;616,61;26,98;8,78;0,31;1,12;1,00;0,00;45,19;4,17;9,00;0,00;1,17;0,66;1,00;21,40;0,00;1,98;2,00;0,36;0,95;140,39;3,00;0,00;1,00;51,10;2,00;20,16;28,95;488,46
2606002;Garanhuns;76,76;580,13;173,45;13,68;4,28;80,34;75,54;100,00;44,33;84,39;94,75;90,02;98,96;98,29;3,00;3,96;3,00;21,75;3,00;44,21;0,30;1,80;4,20;21,30;5,00;3,90;98,58;12,38;89,78;95,09;72,69;2,50;497,82;21,49;7,72;3,21;2,02;1,00;0,14;53,22;14,79;3,00;6,00;1,04;0,74;6,00;12,82;4,01;0,23;2,00;0,55;0,76;742,23;5,00;46,19;2,00;277,29;5,00;76,14;89,36;561,34
2606101;Glória do Goitá;93,13;680,78;143,81;27,03;4,87;53,10;53,55;62,26;45,11;65,35;89,20;86,37;97,62;67,91;3,00;19,95;5,00;12,95;2,00;51,11;0,30;0,00;1,30;21,00;5,10;0,10;99,86;2,33;55,37;95,24;70,88;2,00;385,09;19,13;3,41;3,05;1,31;1,00;0,68;47,76;3,14;2,00;0,00;1,10;0,66;6,00;15,95;0,73;2,49;2,00;0,00;0,90;126,36;3,00;833,33;2,00;110,05;3,00;19,22;25,73;534,41
2606200;Goiana;90,23;1008,15;187,63;15,61;4,24;48,65;15,76;68,57;41,12;70,97;67,33;77,03;96,33;150,31;4,00;11,83;5,00;11,10;2,00;65,39;1,40;0,30;2,50;19,90;4,35;4,20;99,92;5,61;92,20;95,06;71,75;2,96;498,25;28,40;6,17;6,58;1,71;1,00;2,10;45,94;5,65;2,00;9,00;1,02;0,43;6,00;15,79;1,24;2,91;2,00;0,26;0,90;747,49;5,00;120,48;2,00;159,74;4,00;79,58;80,43;536,83
2606309;Granito;88,89;896,39;74,76;27,78;2,86;51,24;30,31;59,41;49,53;50,78;89,97;77,26;97,46;11,93;2,00;0,00;1,00;14,35;2,00;11,48;1,70;0,40;4,00;28,20;5,10;12,80;60,25;0,51;43,55;97,00;71,40;3,30;290,97;10,31;14,35;3,00;8,31;1,00;55,98;47,11;28,50;15,00;2,00;1,41;0,68;3,00;23,15;4,44;3,48;2,00;0,22;0,55;317,46;4,00;0,00;1,00;50,76;2,00;34,23;47,04;514,47
2606408;Gravatá;65,70;676,36;167,81;11,82;3,41;79,25;82,42;100,00;30,53;76,30;88,52;76,21;95,34;101,02;3,00;8,88;4,00;11,56;2,00;45,08;0,50;0,40;2,80;17,50;4,85;4,70;97,14;20,95;86,72;95,01;72,63;2,76;466,13;18,98;5,78;7,98;1,58;1,00;0,00;40,98;13,19;7,00;7,00;0,93;0,72;5,00;15,86;0,71;0,31;2,00;0,00;0,98;490,52;5,00;0,00;1,00;172,94;4,00;32,86;41,97;546,81
2606507;Iati;100,00;420,04;170,72;13,94;4,43;42,52;44,59;50,48;43,93;47,62;97,05;86,57;97,68;20,92;2,00;4,17;3,00;11,65;2,00;34,95;1,06;0,60;9,50;28,90;4,70;6,30;63,05;6,06;68,07;92,08;71,09;2,40;441,32;22,64;11,65;0,39;4,05;1,00;2,91;48,88;16,24;2,00;0,00;1,11;0,60;6,00;19,16;0,00;1,51;2,00;0,54;0,67;22,99;2,00;0,00;1,00;94,16;3,00;48,72;66,45;542,69
2606606;Ibimirim;89,34;1017,41;90,32;7,83;4,01;44,11;48,20;60,68;49,79;64,56;93,05;82,36;95,02;26,30;2,00;1,38;3,00;7,52;2,00;18,80;0,60;0,50;6,80;23,20;5,25;3,30;56,42;6,61;40,86;92,17;67,33;2,65;366,19;25,13;6,77;0,34;2,85;1,00;0,38;56,46;12,49;2,00;0,00;0,93;0,76;2,00;14,36;0,74;11,45;2,00;0,18;0,28;29,51;2,00;7,55;2,00;208,19;4,00;17,12;25,01;507,62
2606705;Ibirajuba;70,59;990,61;90,19;10,11;3,70;45,17;59,36;69,97;46,89;58,57;94,44;91,76;97,97;111,98;4,00;28,12;5,00;8,40;2,00;56,02;1,50;0,88;5,20;17,30;5,00;6,00;74,56;13,30;41,67;95,34;70,16;1,72;448,41;21,39;0,00;0,00;4,39;1,00;0,00;46,05;16,02;10,00;7,00;0,83;0,81;1,00;17,58;0,29;9,75;2,00;0,00;0,40;28,12;2,00;0,00;1,00;61,73;2,00;27,45;35,08;500,49
2606804;Igarassu;56,66;838,00;169,07;17,43;4,99;76,89;6,23;74,22;49,19;86,85;77,37;81,06;98,40;70,98;3,00;6,63;4,00;12,15;2,00;27,78;0,70;0,90;2,80;18,90;4,85;4,70;99,84;7,38;80,58;94,38;71,83;2,18;475,69;25,39;3,47;5,58;1,71;1,00;0,26;49,47;5,76;7,00;0,00;0,86;0,75;8,00;13,61;1,00;0,25;2,00;0,38;0,91;192,19;4,00;0,00;1,00;62,41;2,00;30,69;33,72;548,21
2606903;Iguaracy;98,45;562,58;111,53;23,62;4,50;49,14;62,78;67,79;41,36;50,13;95,94;91,22;94,70;35,70;2,00;3,30;3,00;18,05;3,00;18,05;0,10;1,00;4,30;17,10;5,85;4,40;78,47;3,51;43,38;81,64;71,19;2,65;418,69;16,28;27,07;0,21;4,40;1,00;9,93;46,78;13,11;9,00;0,00;0,91;0,72;3,00;11,81;2,64;5,52;2,00;0,00;0,31;179,69;3,00;185,19;2,00;136,43;4,00;11,52;15,11;536,79
2607000;Inajá;100,00;374,47;134,31;23,88;3,73;34,23;25,16;60,91;43,93;33,31;85,43;61,13;67,16;14,80;2,00;7,68;4,00;7,81;2,00;31,25;0,30;1,30;7,00;34,50;4,85;5,60;48,58;4,19;29,41;91,92;67,66;1,95;365,59;19,44;3,91;1,32;2,29;1,00;1,95;53,55;9,68;3,00;0,00;1,09;0,68;3,00;20,90;0,57;7,60;2,00;0,00;0,93;92,22;3,00;3,50;2,00;227,45;5,00;69,71;83,57;508,67
2607109;Ingazeira;87,84;528,98;112,81;13,71;3,53;50,58;58,52;66,56;20,38;57,27;98,13;94,47;97,17;0,00;1,00;9,04;4,00;12,59;2,00;12,58;2,60;1,60;1,50;20,60;5,50;11,70;74,44;24,23;45,63;94,82;70,96;0,85;287,05;20,49;4,20;0,46;5,50;1,00;12,58;48,45;19,71;7,00;5,00;0,88;0,80;4,00;12,96;2,95;6,38;2,00;0,23;0,94;42,68;2,00;0,00;1,00;341,30;5,00;74,83;101,99;532,32
2607208;Ipojuca;67,48;691,21;215,60;12,45;6,33;46,77;54,57;66,35;65,75;81,17;68,80;83,16;97,63;115,97;4,00;3,95;3,00;11,12;2,00;48,52;0,20;0,30;5,80;21,30;4,55;3,60;98,60;15,38;92,54;94,78;71,44;2,85;455,14;21,50;3,03;1,27;24,75;2,00;0,61;46,73;3,88;4,00;2,00;1,07;0,72;4,00;18,00;1,65;1,47;2,00;0,15;0,90;487,31;5,00;76,34;2,00;213,82;4,00;89,33;88,52;521,47
2607307;Ipubi;95,39;761,54;131,64;23,67;7,28;34,01;42,61;54,36;12,22;53,82;77,94;78,55;96,22;36,27;2,00;13,66;5,00;31,02;4,00;31,02;1,10;0,30;4,50;13,70;4,90;3,40;84,21;5,39;61,36;88,51;67,72;2,67;464,69;13,12;13,79;2,49;2,47;1,00;10,00;48,42;14,47;5,00;0,00;0,78;0,78;2,00;20,51;0,94;22,67;2,00;0,61;0,59;13,66;2,00;0,00;1,00;67,93;3,00;19,03;27,00;507,37
2607406;Itacuruba;30,88;678,24;174,66;5,38;6,67;72,16;82,09;99,90;45,42;73,43;93,50;84,01;93,50;0,00;1,00;0,00;1,00;23,34;4,00;14,01;0,10;4,90;1,70;43,00;5,15;7,70;94,25;21,45;84,21;95,72;67,70;1,31;501,67;23,06;18,67;0,20;3,29;1,00;0,00;49,13;58,57;7,00;10,00;1,02;0,81;4,00;14,86;13,13;3,96;2,00;0,22;0,36;273,72;4,00;8,34;2,00;238,38;5,00;94,40;137,02;504,80
2607505;Itaíba;86,07;822,29;187,67;5,36;4,16;52,46;42,88;78,73;57,15;47,89;96,65;90,05;98,52;45,75;2,00;0,00;1,00;15,31;3,00;18,38;0,62;0,84;2,80;28,20;4,30;5,90;57,17;0,90;43,49;96,06;66,25;1,93;364,28;18,82;6,13;0,10;5,98;1,00;0,61;58,08;14,59;15,00;0,00;0,94;0,72;2,00;16,89;0,24;2,51;2,00;0,18;0,00;3,67;2,00;0,00;1,00;14,74;2,00;12,29;18,63;521,31
2607604;Ilha de Itamaracá;24,17;624,17;181,92;8,03;4,05;64,35;5,19;100,00;59,97;57,19;57,78;74,22;98,23;144,53;4,00;17,96;5,00;4,07;2,00;81,50;0,30;0,74;4,50;13,50;4,55;2,50;100,00;21,31;90,64;91,46;73,55;2,29;369,37;25,29;2,44;4,09;0,69;1,00;0,00;55,78;4,18;7,00;0,00;0,59;0,86;6,00;16,87;1,17;1,16;2,00;0,20;0,84;377,16;5,00;0,00;1,00;289,86;5,00;9,95;16,74;507,02
2607653;Itambé;100,00;643,92;203,17;7,43;3,62;66,94;7,26;83,05;43,93;93,21;92,20;90,22;98,26;146,56;4,00;5,61;4,00;14,31;2,00;71,56;3,10;0,70;1,90;23,60;4,45;8,10;99,83;1,18;82,89;95,11;68,59;2,88;452,86;22,61;5,72;1,03;1,81;1,00;0,57;52,31;3,44;8,00;7,00;1,04;0,73;2,00;18,32;0,41;2,80;2,00;0,15;0,29;5,61;2,00;151,52;2,00;103,94;3,00;31,87;45,68;530,45
2607703;Itapetim;100,00;274,24;217,25;23,39;3,49;58,83;64,27;82,69;43,59;62,73;96,64;91,36;99,73;37,02;2,00;5,77;4,00;14,50;2,00;29,00;0,40;9,00;5,10;26,50;5,55;5,90;73,45;2,56;47,62;93,92;67,25;2,39;502,65;19,72;7,25;0,23;3,21;1,00;2,18;44,56;7,23;7,00;4,00;1,36;0,67;5,00;14,62;0,77;2,11;2,00;0,65;0,56;198,86;4,00;0,00;1,00;119,23;3,00;16,32;22,71;527,73
2607752;Itapissuma;45,88;839,96;162,36;2,78;4,61;74,68;15,94;59,35;65,89;89,67;67,25;78,52;98,80;27,69;2,00;7,75;4,00;3,60;2,00;18,02;0,40;0,60;1,70;21,20;4,95;4,50;100,00;3,46;92,64;93,42;70,85;1,32;474,21;25,27;3,60;1,61;1,00;1,00;0,72;50,71;1,90;9,00;5,00;1,05;0,78;3,00;15,00;2,28;1,74;2,00;0,20;0,91;48,03;2,00;0,00;1,00;77,74;3,00;70,53;85,64;474,35
2607802;Itaquitinga;81,82;803,24;217,50;37,63;3,59;64,35;18,66;64,26;64,00;78,21;90,06;89,35;96,36;93,74;3,00;7,09;4,00;6,04;2,00;54,37;1,70;2,00;1,30;24,70;3,60;5,20;99,40;6,33;56,96;92,75;67,87;4,55;538,45;28,58;6,04;0,11;1,06;1,00;1,21;51,92;5,59;3,00;0,00;1,31;0,70;2,00;21,51;0,21;2,14;2,00;0,19;0,44;12,87;2,00;0,00;1,00;46,23;2,00;52,31;67,60;489,08
2607901;Jaboatão dos Guararapes;42,43;868,94;150,54;16,93;5,32;74,34;26,81;80,01;36,73;75,42;67,54;76,23;97,94;84,41;3,00;3,78;3,00;4,97;2,00;38,35;0,40;1,40;3,80;20,00;4,90;4,90;99,97;7,77;93,58;95,02;74,82;2,36;429,35;20,18;4,04;8,33;0,91;1,00;0,08;47,47;5,54;11,00;7,00;1,05;0,63;8,00;12,45;2,60;0,16;2,00;0,07;0,94;264,75;4,00;9,96;2,00;164,52;4,00;38,93;45,21;541,99
2607950;Jaqueira;91,93;679,16;282,98;6,49;5,47;43,54;25,16;61,58;43,93;45,68;92,60;82,39;94,12;129,62;4,00;10,16;5,00;29,28;4,00;72,22;1,40;0,30;1,40;27,90;4,15;4,40;99,80;0,24;54,55;91,70;70,07;3,08;683,13;24,82;3,90;3,32;1,29;1,00;0,98;58,76;7,05;7,00;7,00;1,37;0,70;3,00;27,92;2,33;4,27;2,00;0,43;0,72;94,45;3,00;0,00;1,00;266,08;5,00;33,81;47,31;504,17
2608008;Jataúba;64,80;1069,06;191,91;30,57;4,52;11,96;55,52;20,12;8,62;30,77;94,88;85,20;97,82;109,65;4,00;4,68;4,00;31,56;4,00;50,50;2,70;0,40;2,90;17,00;4,60;5,90;51,36;4,55;46,99;93,43;67,74;3,16;433,42;15,17;3,79;2,20;2,65;1,00;0,00;48,17;9,00;8,00;5,00;0,60;0,77;1,00;12,66;1,83;2,50;2,00;0,36;0,75;29,88;2,00;0,00;1,00;70,75;3,00;32,32;47,97;517,91
2608057;Jatobá;94,34;999,73;93,81;19,80;4,09;63,95;70,29;95,02;68,51;59,04;72,39;78,47;95,80;19,53;2,00;2,65;3,00;21,40;3,00;28,53;0,30;10,60;7,10;39,40;4,60;6,50;95,81;10,15;52,55;84,30;71,52;2,84;326,81;23,37;7,13;0,24;1,59;1,00;0,00;55,92;14,85;9,00;8,00;1,12;0,73;5,00;23,27;3,95;2,11;2,00;0,22;0,87;391,33;5,00;42,28;2,00;421,35;5,00;32,67;49,64;531,63
2608107;João Alfredo;100,00;595,77;180,69;10,31;2,72;49,87;38,60;63,21;63,78;40,58;88,36;90,59;98,42;50,21;2,00;5,89;4,00;7,21;2,00;28,85;0,60;0,00;4,40;17,20;5,15;1,30;93,34;6,51;62,68;94,17;68,18;3,27;498,65;23,57;18,03;2,76;0,92;1,00;0,00;50,81;15,64;5,00;7,00;1,02;0,78;4,00;12,03;0,22;2,81;2,00;0,29;0,37;41,25;2,00;0,00;1,00;67,99;3,00;21,26;30,20;555,92
2608206;Joaquim Nabuco;73,76;743,80;133,45;12,05;4,22;77,55;82,55;76,29;68,50;79,77;91,49;89,24;94,67;72,60;3,00;5,01;4,00;7,54;2,00;67,83;0,40;0,06;4,10;27,20;4,45;3,10;96,53;0,80;54,74;94,33;65,55;2,99;612,11;19,79;4,52;1,54;1,07;1,00;0,00;52,84;4,56;7,00;7,00;0,97;0,58;7,00;18,67;2,14;0,00;1,00;0,71;0,88;14,73;2,00;0,00;1,00;39,34;2,00;15,99;20,40;478,77
2608255;Jucati;91,96;684,28;177,42;12,82;4,03;22,44;62,14;46,18;62,97;47,02;91,84;95,91;99,15;69,32;3,00;0,00;1,00;78,15;5,00;26,05;1,00;0,10;6,10;22,40;5,00;4,00;98,98;4,75;27,69;95,90;65,87;2,96;534,44;19,60;3,47;0,70;2,30;1,00;0,00;52,33;8,83;2,00;0,00;1,13;0,69;2,00;22,44;0,30;5,59;2,00;0,00;0,29;51,43;2,00;0,00;1,00;178,80;4,00;56,60;62,97;540,77
2608305;Jupi;100,00;1239,42;212,05;12,35;4,29;5,31;54,67;15,61;14,75;66,89;96,68;91,48;99,59;215,11;5,00;5,29;4,00;19,57;3,00;71,76;0,78;0,04;8,60;17,60;5,00;2,70;96,22;20,22;92,36;87,67;66,88;3,56;537,91;23,86;5,22;0,56;2,24;1,00;0,00;48,33;5,40;3,00;0,00;1,13;0,69;2,00;12,76;0,90;2,18;2,00;0,43;0,69;25,49;2,00;0,00;1,00;75,66;3,00;52,39;58,77;533,43
2608404;Jurema;66,03;536,07;187,47;14,93;5,10;69,15;86,36;100,00;25,11;69,70;95,76;93,42;94,55;81,68;3,00;14,37;5,00;10,26;2,00;58,62;0,64;0,20;5,70;29,20;5,00;6,70;99,70;8,66;52,83;92,67;65,87;3,53;522,10;15,85;7,33;2,37;1,75;1,00;0,00;54,64;9,52;12,00;8,00;0,96;0,67;3,00;24,38;2,31;3,42;2,00;0,00;0,71;86,22;2,00;0,00;1,00;70,92;3,00;12,68;16,29;490,89
2608453;Lagoa do Carro;100,00;558,90;206,92;37,56;3,60;50,08;2,35;64,90;58,98;81,75;86,17;84,25;98,81;46,46;2,00;4,20;3,00;22,25;3,00;22,25;1,14;0,54;4,10;20,10;4,55;4,60;100,00;13,98;63,86;95,13;72,31;1,75;470,42;23,38;5,56;4,80;1,86;1,00;0,00;52,57;1,48;3,00;4,00;1,18;0,60;4,00;18,31;0,70;29,16;3,00;0,52;0,70;74,47;2,00;0,00;1,00;63,98;2,00;2,64;2,79;503,13
2608503;Lagoa de Itaenga;93,18;721,27;226,49;17,54;3,31;49,39;31,41;82,29;47,59;82,57;94,75;95,42;99,08;94,88;3,00;3,59;3,00;21,05;3,00;42,10;2,10;0,34;8,00;19,90;4,40;0,80;100,00;0,24;43,34;93,59;71,44;3,41;483,29;19,49;5,26;0,83;1,70;1,00;0,00;52,92;3,31;7,00;6,00;0,94;0,76;3,00;15,09;0,10;19,31;2,00;0,17;0,00;90,37;3,00;0,00;1,00;97,28;3,00;29,15;38,50;494,74
2608602;Lagoa do Ouro;78,49;789,47;227,83;5,99;4,22;82,10;50,10;58,20;37,53;53,88;95,20;86,19;97,10;31,94;2,00;5,97;4,00;25,14;4,00;16,76;0,10;0,36;4,70;27,40;5,45;3,60;94,91;2,34;56,74;80,84;68,99;2,27;499,67;22,95;8,38;0,88;4,59;1,00;1,68;47,19;3,16;5,00;0,00;0,98;0,66;7,00;14,97;3,83;2,74;2,00;0,43;0,53;342,02;4,00;3333,33;4,00;207,47;4,00;30,70;29,06;531,75
2608701;Lagoa dos Gatos;71,00;483,33;116,73;33,78;3,91;61,33;69,38;67,89;66,24;65,28;96,15;87,34;91,73;49,78;2,00;13,89;5,00;7,10;2,00;49,73;1,80;1,90;2,10;19,10;4,95;5,70;97,46;10,57;43,41;90,80;68,49;2,52;574,01;26,24;11,37;4,77;1,52;1,00;0,00;66,01;10,71;2,00;0,00;1,28;0,65;2,00;13,51;0,25;15,66;2,00;0,36;0,90;41,67;2,00;0,00;1,00;50,38;2,00;21,98;27,26;508,53
2608750;Lagoa Grande;91,47;433,12;135,68;32,09;6,84;79,62;84,72;63,91;60,26;72,07;92,58;91,75;95,46;97,75;3,00;8,21;4,00;41,51;5,00;53,97;1,40;5,00;6,80;17,60;5,05;3,70;84,14;16,95;92,22;92,52;67,28;3,02;322,15;18,94;4,15;0,84;3,23;1,00;4,15;47,14;5,47;5,00;6,00;1,06;0,68;2,00;20,32;2,02;1,87;2,00;0,72;0,94;139,49;3,00;0,00;1,00;191,56;4,00;22,91;33,55;518,02
2608800;Lajedo;81,13;623,73;191,58;23,73;3,95;65,55;56,78;100,00;46,50;76,12;95,63;92,78;99,66;120,32;4,00;9,65;5,00;35,37;5,00;50,53;1,90;0,80;4,90;13,10;4,75;1,70;97,01;17,30;69,64;93,02;70,50;3,95;512,23;24,23;5,05;7,83;2,38;1,00;0,00;42,63;15,38;4,00;4,00;1,38;0,62;6,00;14,87;2,98;2,24;2,00;0,29;0,57;323,44;4,00;0,00;1,00;110,13;3,00;48,46;58,26;529,76
2608909;Limoeiro;91,92;824,59;217,92;9,09;3,85;58,07;26,02;90,01;31,18;76,71;92,74;88,84;96,67;30,94;2,00;4,89;4,00;15,93;3,00;19,47;0,50;0,70;3,10;14,10;5,25;1,60;98,94;14,41;77,62;95,42;72,81;2,36;479,69;33,82;3,54;4,99;1,84;1,00;0,00;48,43;9,66;6,00;0,00;1,22;0,57;10,00;12,12;1,04;23,11;2,00;0,13;0,54;180,03;3,00;370,37;2,00;90,19;3,00;17,60;22,40;578,11
2609006;Macaparana;92,78;688,44;195,66;8,65;3,88;77,13;78,47;75,70;33,30;74,66;96,01;86,05;98,80;132,14;4,00;8,20;4,00;4,19;2,00;54,44;0,60;0,00;4,40;15,80;4,90;3,80;82,85;3,32;46,97;94,62;71,70;3,37;644,59;24,85;8,38;4,73;1,49;1,00;0,00;46,22;9,36;3,00;4,00;1,08;0,73;5,00;13,54;0,19;7,34;2,00;0,18;0,85;16,39;2,00;0,00;1,00;99,16;3,00;30,20;45,80;541,91
2609105;Machados;98,54;416,94;201,61;5,62;3,68;64,87;2,99;61,12;60,55;69,87;90,77;90,00;98,19;49,10;2,00;16,89;5,00;26,47;4,00;44,12;0,10;0,00;6,80;18,70;7,00;3,70;98,06;0,97;60,77;94,16;70,99;3,02;552,60;25,74;3,53;0,01;1,13;1,00;0,00;49,92;23,89;3,00;0,00;0,91;0,79;2,00;16,29;0,00;4,64;2,00;0,21;0,87;321,00;4,00;0,00;1,00;640,00;6,00;38,51;50,49;509,43
2609154;Manari;79,26;651,29;163,12;18,94;5,18;24,99;2,60;40,10;60,99;27,46;95,49;97,29;97,80;26,71;2,00;8,38;4,00;4,21;2,00;12,62;1,32;0,12;7,90;20,00;4,15;3,00;62,79;1,22;23,05;94,41;65,89;1,29;394,96;16,61;5,05;0,92;1,63;1,00;0,84;50,25;6,38;9,00;0,00;1,09;0,68;4,00;16,29;0,30;2,71;2,00;0,18;0,47;92,20;3,00;0,00;1,00;155,76;4,00;29,15;42,12;552,79
2609204;Maraial;56,50;657,78;217,03;15,04;5,61;46,23;51,26;46,82;60,22;67,16;92,52;67,03;84,24;142,35;4,00;6,92;4,00;0,00;1,00;32,05;3,20;3,50;1,90;38,80;4,30;12,70;91,45;3,37;39,93;75,59;66,85;4,58;340,68;20,98;10,68;3,27;2,68;1,00;3,21;49,12;9,26;9,00;6,00;1,37;0,70;2,00;25,56;1,29;13,53;2,00;0,22;0,82;33,40;2,00;0,00;1,00;101,87;3,00;66,31;93,60;477,96
2609303;Mirandiba;90,00;1016,21;89,15;27,67;3,98;51,76;49,00;94,17;31,17;43,02;91,92;76,68;89,84;26,11;2,00;2,62;3,00;21,18;3,00;7,06;0,10;0,20;4,10;22,70;4,40;2,70;51,32;9,41;39,88;71,83;71,12;2,05;598,74;15,11;14,12;0,75;4,91;1,00;4,94;58,55;6,50;11,00;10,00;1,24;0,58;1,00;18,58;0,67;7,99;2,00;0,00;0,94;224,34;4,00;3,01;2,00;100,17;3,00;23,00;30,00;519,49
2609402;Moreno;65,18;728,93;192,90;16,22;4,40;66,79;50,52;79,86;37,57;66,40;71,73;69,81;94,04;120,55;4,00;3,46;3,00;7,23;2,00;56,07;1,40;3,30;3,50;22,30;4,35;2,70;98,46;5,01;72,99;93,67;73,28;2,89;484,95;21,08;3,62;10,15;1,15;1,00;0,72;46,05;7,08;7,00;6,00;0,69;0,65;3,00;16,52;0,46;4,46;2,00;0,00;0,31;48,43;2,00;75,19;2,00;102,47;3,00;35,43;42,67;539,05
2609501;Nazaré da Mata;67,74;1034,49;173,61;11,80;0,65;79,32;79,54;96,30;45,55;76,07;90,21;90,43;98,48;180,11;4,00;12,30;5,00;6,53;2,00;71,78;0,10;0,04;2,50;17,00;4,75;4,90;99,94;13,29;71,38;95,26;72,31;4,12;452,03;13,38;6,53;7,56;1,65;1,00;0,00;48,92;4,67;12,00;6,00;0,64;0,74;5,00;10,91;2,15;8,71;2,00;0,43;0,29;55,35;2,00;0,00;1,00;49,97;2,00;42,60;56,86;560,54
2609600;Olinda;70,14;974,77;144,66;15,38;7,47;85,89;48,99;100,00;51,70;72,39;67,69;83,52;96,97;64,66;3,00;5,28;4,00;4,00;2,00;30,00;0,10;0,90;5,00;22,00;4,80;3,50;100,00;13,96;93,63;95,88;75,16;2,63;455,65;21,68;3,71;6,81;0,95;1,00;0,00;53,45;1,22;12,00;11,00;1,62;0,52;11,00;13,77;3,27;0,09;2,00;0,22;0,87;92,45;3,00;30,12;2,00;71,54;3,00;49,81;58,61;550,69
2609709;Orobó;63,02;617,05;153,51;12,30;3,77;32,79;19,29;31,93;60,92;28,24;92,32;91,02;96,34;36,71;2,00;0,00;1,00;13,76;2,00;27,51;0,20;0,00;4,50;12,20;6,35;0,70;100,00;11,66;66,80;92,66;72,19;2,52;473,68;24,31;4,59;3,63;1,93;1,00;0,00;46,46;7,05;9,00;5,00;0,47;0,80;4,00;10,25;0,94;11,23;2,00;0,35;0,46;8,92;2,00;0,00;1,00;91,16;3,00;32,16;48,40;528,33
2609808;Orocó;88,89;333,14;178,01;35,18;4,61;82,94;79,73;41,81;66,05;47,26;56,97;78,34;91,57;25,46;2,00;0,00;1,00;29,38;4,00;44,08;2,00;1,00;3,00;17,20;4,00;2,40;44,06;18,00;68,35;65,84;70,96;1,91;284,07;19,08;7,35;0,71;2,59;1,00;0,00;52,89;8,15;5,00;8,00;0,90;0,67;2,00;18,09;1,51;5,07;2,00;0,89;0,41;220,72;4,00;10,86;2,00;80,10;3,00;32,73;50,94;464,75
2609907;Ouricuri;75,63;485,34;147,65;23,38;5,03;61,63;73,12;80,51;19,57;44,83;94,76;82,40;95,45;61,54;3,00;6,05;4,00;45,98;5,00;39,85;3,10;2,00;5,70;19,10;4,40;3,70;62,76;7,57;57,23;94,17;71,40;2,03;395,17;18,45;6,13;1,61;3,08;1,00;6,90;53,36;20,22;2,00;7,00;1,15;0,70;4,00;19,45;9,62;1,90;2,00;0,53;0,24;532,08;5,00;54,95;2,00;94,59;3,00;21,41;29,56;532,07
2610004;Palmares;55,21;853,40;205,39;14,71;5,01;78,14;70,81;84,50;63,23;62,28;90,53;87,30;96,23;152,78;4,00;10,63;5,00;21,98;3,00;87,94;0,10;0,10;3,10;22,60;4,75;2,60;95,70;5,72;72,65;94,07;69,62;3,22;572,98;26,73;3,66;6,28;1,63;1,00;0,18;51,94;5,46;12,00;7,00;0,97;0,58;10,00;16,79;1,63;43,22;3,00;0,13;0,78;329,64;4,00;156,25;2,00;68,45;3,00;42,11;51,33;545,27
2610103;Palmeirina;39,60;958,85;211,78;22,22;5,68;58,59;61,33;81,73;67,94;66,51;95,93;93,26;94,36;25,11;2,00;27,27;5,00;8,53;2,00;28,45;1,50;0,94;7,70;31,50;3,85;4,30;93,19;3,17;40,18;97,40;65,87;2,85;425,48;18,95;14,22;5,01;4,94;1,00;0,00;48,64;11,85;1,00;0,00;1,11;0,67;3,00;10,00;0,00;36,28;3,00;0,43;0,60;5,45;2,00;0,00;1,00;47,28;2,00;79,84;102,93;495,41
2610202;Panelas;79,32;745,14;127,81;29,03;4,46;54,04;58,83;68,67;21,25;57,83;87,65;88,58;97,89;112,69;4,00;16,92;5,00;21,75;3,00;56,54;0,20;1,14;8,50;20,40;5,80;14,50;98,40;4,11;62,48;91,50;71,68;3,70;362,29;15,69;13,05;3,61;1,76;1,00;0,00;50,42;10,60;6,00;0,00;2,30;0,71;2,00;16,77;0,21;1,16;2,00;0,00;0,79;25,37;2,00;208,33;2,00;84,32;3,00;45,44;66,83;561,93
2610301;Paranatama;72,64;508,27;221,69;5,46;4,86;9,48;1,99;12,02;50,36;30,30;87,58;76,30;99,25;111,03;4,00;3,44;3,00;49,18;5,00;32,79;1,00;2,20;9,40;24,70;5,10;7,20;75,49;5,58;62,51;95,29;67,17;3,10;472,20;17,18;6,56;0,60;2,60;1,00;0,00;43,76;8,20;7,00;0,00;1,81;0,52;4,00;12,57;1,42;8,34;2,00;0,44;0,32;128,62;3,00;0,00;1,00;1071,43;6,00;2,13;2,04;522,09
2610400;Parnamirim;86,18;572,12;78,81;16,39;4,35;58,76;42,27;65,01;46,34;30,54;83,99;76,76;92,32;40,88;2,00;3,74;3,00;21,49;3,00;16,12;0,40;1,10;1,40;10,50;4,90;2,30;50,75;4,09;46,47;92,52;71,58;3,06;381,34;13,65;16,12;0,05;6,50;1,00;23,64;42,45;8,43;4,00;3,00;1,23;0,65;2,00;19,67;1,19;0,67;2,00;0,00;0,88;140,68;3,00;0,00;1,00;128,34;4,00;11,42;13,78;509,35
2610509;Passira;100,00;592,60;128,96;5,70;4,24;39,73;1,70;62,19;45,46;62,58;89,28;80,12;98,50;31,07;2,00;1,35;3,00;7,06;2,00;21,17;0,20;1,30;4,80;16,70;5,00;3,30;87,34;7,89;48,70;93,00;70,78;2,40;507,41;25,05;3,53;4,32;1,83;1,00;0,00;48,35;19,87;5,00;4,00;0,85;0,74;4,00;15,10;0,35;7,11;2,00;0,35;0,15;123,40;3,00;0,00;1,00;62,70;2,00;4,74;6,26;518,10
2610608;Paudalho;96,36;756,81;187,42;17,05;4,03;60,22;24,18;72,88;49,07;59,90;73,19;72,19;93,59;68,31;3,00;6,86;4,00;7,06;2,00;44,12;0,60;0,10;3,60;24,60;4,65;5,20;99,49;6,76;67,75;94,58;71,92;2,56;488,90;25,18;3,53;4,57;1,82;1,00;0,00;56,48;6,49;6,00;8,00;1,15;0,60;4,00;16,81;0,80;3,32;2,00;0,00;0,58;120,08;3,00;70,92;2,00;121,93;3,00;10,23;13,00;504,58
2610707;Paulista;43,59;739,64;151,78;14,98;5,91;81,64;61,57;100,00;45,97;81,34;81,20;80,85;98,29;50,34;2,00;4,36;3,00;8,48;2,00;22,50;1,30;0,20;3,70;17,00;4,80;3,30;100,00;10,63;82,71;95,48;74,77;1,72;399,22;22,95;3,21;6,86;0,71;1,00;0,00;45,72;3,88;6,00;12,00;1,17;0,66;5,00;11,01;1,16;0,56;2,00;0,50;0,82;105,84;3,00;14,06;2,00;92,33;3,00;32,61;39,48;546,10
2610806;Pedra;82,67;752,77;170,42;28,85;3,95;34,24;52,45;54,05;61,42;52,94;94,71;82,81;95,70;54,10;2,00;3,55;3,00;4,39;2,00;26,32;0,10;0,14;9,80;37,10;4,70;8,90;57,19;7,69;39,61;67,01;69,59;2,10;517,83;25,38;4,39;0,34;6,60;1,00;1,32;51,48;25,84;10,00;0,00;0,72;0,87;2,00;17,95;1,65;1,39;2,00;0,37;0,27;391,35;5,00;0,00;1,00;204,92;4,00;30,30;44,53;489,79
2610905;Pesqueira;62,51;1015,18;145,36;14,98;5,78;51,17;67,11;67,08;48,35;64,18;95,92;88,28;96,46;54,53;2,00;6,98;4,00;30,29;4,00;27,10;1,00;3,40;6,50;26,40;4,80;6,50;75,33;19,68;56,32;95,65;70,04;3,21;534,52;18,05;9,57;1,37;1,91;1,00;1,28;51,10;17,64;5,00;0,00;0,87;0,60;9,00;20,16;1,07;1,14;2,00;0,39;0,77;283,91;4,00;10,04;2,00;117,27;3,00;34,78;46,34;533,58
2611002;Petrolândia;51,85;786,66;149,90;17,33;3,95;79,00;60,63;91,06;51,60;76,61;93,05;86,56;96,76;23,92;2,00;1,09;2,00;14,64;2,00;17,56;0,30;3,40;3,80;25,50;5,20;5,60;78,98;28,85;71,10;91,94;70,30;2,09;469,07;24,29;3,51;1,36;2,07;1,00;0,00;48,77;29,31;5,00;6,00;1,12;0,73;4,00;21,66;3,57;53,21;3,00;0,18;0,30;182,80;3,00;3,00;2,00;217,16;4,00;29,47;43,87;529,89
2611101;Petrolina;75,62;553,19;184,34;16,66;4,24;86,29;68,07;100,00;35,19;86,53;91,30;82,15;97,99;82,47;3,00;5,99;4,00;33,87;5,00;43,18;0,30;1,00;4,30;18,00;5,30;6,00;93,16;27,99;94,22;95,76;72,95;2,24;481,35;20,05;6,46;2,82;1,86;1,00;2,22;34,57;12,11;6,00;9,00;0,88;0,63;10,00;13,72;4,41;0,21;2,00;0,25;0,85;1475,87;5,00;45,43;2,00;124,94;3,00;57,18;71,28;566,55
2611200;Poção;100,00;884,33;222,47;6,71;3,58;7,94;44,79;59,09;17,62;63,35;96,43;86,19;96,99;72,18;3,00;18,07;5,00;19,05;3,00;38,10;0,60;0,50;4,10;22,40;5,20;3,40;80,09;13,44;62,93;79,50;65,59;2,85;346,88;26,27;9,52;1,76;2,52;1,00;0,00;50,10;13,00;5,00;4,00;1,14;0,36;2,00;15,44;2,18;4,44;2,00;0,21;0,56;72,27;2,00;3,22;2,00;211,86;4,00;29,63;44,86;513,93
2611309;Pombos;37,23;591,82;201,28;9,09;4,03;57,63;51,03;82,75;40,45;48,80;82,06;74,16;96,04;121,40;4,00;7,08;4,00;18,15;3,00;54,44;3,90;0,30;2,00;14,50;4,40;1,40;98,34;16,57;72,61;92,37;72,42;2,40;476,08;20,11;7,26;3,16;3,65;1,00;0,73;53,65;3,27;7,00;4,00;0,86;0,76;2,00;10,30;0,77;21,10;2,00;0,35;0,45;33,97;2,00;0,00;1,00;76,23;3,00;30,80;43,31;504,95
2611408;Primavera;22,99;446,46;128,22;6,33;3,34;51,39;67,61;45,84;72,02;61,79;79,33;80,09;88,36;148,70;4,00;2,69;3,00;21,68;3,00;86,72;1,60;4,00;2,30;19,10;4,25;5,00;99,37;26,30;58,64;93,65;71,03;2,11;446,14;25,51;14,45;0,82;1,75;1,00;0,72;54,97;3,00;6,00;0,00;1,55;0,68;2,00;20,89;0,59;3,99;2,00;0,44;0,67;14,42;2,00;0,00;1,00;0,00;1,00;27,57;34,21;530,64
2611507;Quipapá;53,57;547,34;115,11;22,73;4,76;59,86;66,92;100,00;17,07;64,70;97,10;83,23;93,33;45,30;2,00;10,87;5,00;16,73;3,00;27,89;2,50;5,70;2,60;19,30;4,85;1,90;97,48;3,41;54,74;93,61;69,57;2,50;469,25;18,87;4,46;2,39;2,10;1,00;0,00;52,02;11,47;5,00;4,00;1,01;0,74;1,00;20,00;0,84;1,39;2,00;0,53;0,40;86,95;3,00;0,00;1,00;135,69;4,00;59,59;74,08;512,20
2611533;Quixaba;92,38;662,15;172,53;12,35;4,59;48,44;49,57;65,26;26,14;43,72;98,53;99,18;99,70;13,47;2,00;0,00;1,00;18,31;3,00;9,15;0,90;1,20;1,70;11,50;6,15;3,10;85,99;6,09;35,99;95,84;70,14;2,67;593,19;19,05;3,05;0,55;13,32;1,00;12,21;49,03;11,14;5,00;5,00;1,64;0,54;2,00;9,88;3,35;4,84;2,00;0,44;0,69;24,38;2,00;0,00;1,00;49,02;2,00;41,29;63,51;580,81
2611606;Recife;61,40;924,37;164,24;13,48;4,78;89,16;56,69;96,43;50,83;87,14;75,39;83,07;97,95;97,94;3,00;5,46;4,00;24,18;4,00;47,62;0,50;1,70;3,70;17,30;5,15;4,80;100,00;19,08;95,39;96,16;74,50;2,53;454,24;32,13;4,97;7,91;1,58;1,00;0,01;48,52;3,02;11,00;10,00;0,93;0,69;11,00;10,32;2,93;0,03;2,00;0,33;0,46;550,54;5,00;67,77;2,00;249,80;5,00;222,04;235,40;584,12
2611705;Riacho das Almas;72,26;602,58;171,11;15,33;3,30;38,46;44,64;58,89;47,34;56,47;90,97;86,56;99,15;60,83;3,00;5,78;4,00;14,54;2,00;33,92;1,34;2,40;7,70;17,70;4,40;3,20;98,38;12,84;68,78;93,78;70,39;3,01;504,82;26,38;9,69;0,39;2,13;1,00;0,00;49,23;15,90;3,00;5,00;0,90;0,72;2,00;14,94;1,64;2,77;2,00;0,00;0,54;47,71;2,00;0,00;1,00;64,83;3,00;21,16;29,93;545,94
2611804;Ribeirão;68,14;600,26;183,56;10,10;5,29;77,07;82,17;71,00;47,16;78,42;91,51;93,15;96,75;66,74;3,00;17,02;5,00;17,91;3,00;53,72;1,20;1,18;3,30;21,30;4,20;4,10;96,18;8,86;61,84;94,40;67,68;2,98;495,14;19,65;5,97;3,93;1,41;1,00;0,30;57,43;3,69;3,00;0,00;1,38;0,73;4,00;20,20;0,24;7,55;2,00;0,00;0,89;3,40;2,00;0,00;1,00;35,52;2,00;29,04;42,49;542,41
2611903;Rio Formoso;85,93;683,00;182,65;32,73;3,56;60,56;20,60;51,95;68,37;63,54;50,22;82,89;97,48;66,19;3,00;8,48;4,00;19,99;3,00;29,99;0,40;3,00;2,00;26,70;5,10;2,90;99,46;13,10;63,87;93,75;73,56;1,87;542,22;23,10;5,00;1,44;1,75;1,00;0,00;49,48;3,45;5,00;0,00;1,49;0,46;4,00;17,09;0,58;4,07;2,00;0,18;0,38;138,08;3,00;0,00;1,00;86,33;3,00;35,15;26,52;486,87
2612000;Sairé;80,31;822,92;158,44;8,93;3,24;53,44;2,45;100,00;3,34;57,54;90,15;79,19;96,98;43,18;2,00;3,92;3,00;18,37;3,00;9,19;1,90;0,20;2,70;14,50;4,75;6,50;99,98;21,24;46,96;88,11;72,05;2,70;361,80;25,46;1,84;4,82;5,30;1,00;0,00;42,73;4,41;2,00;0,00;0,99;0,77;4,00;20,54;0,36;38,73;3,00;0,22;0,66;18,21;2,00;0,00;1,00;33,06;2,00;36,94;50,59;556,72
2612109;Salgadinho;100,00;383,45;114,39;15,30;3,65;22,85;1,69;33,93;86,56;28,65;84,90;73,78;97,21;0,00;1,00;0,00;1,00;34,92;5,00;3,49;0,62;0,00;1,70;16,30;5,50;0,80;95,28;1,34;42,11;96,70;68,77;3,43;419,55;26,02;6,98;1,41;1,22;1,00;0,00;45,39;17,72;7,00;6,00;1,02;0,78;3,00;14,89;2,83;4,91;2,00;0,87;0,90;68,17;2,00;0,00;1,00;127,39;3,00;23,19;32,40;502,08
2612208;Salgueiro;81,77;1174,44;124,40;10,68;4,55;81,24;83,93;100,00;36,78;82,22;95,04;88,43;93,21;6,56;2,00;3,10;3,00;27,26;4,00;16,03;0,20;1,20;4,20;14,60;5,05;4,90;88,43;16,87;77,51;92,48;72,92;2,76;499,04;23,83;8,02;4,02;3,28;1,00;1,28;44,99;15,10;4,00;9,00;1,12;0,68;7,00;18,06;1,44;0,53;2,00;0,26;0,47;465,12;5,00;3,16;2,00;133,62;4,00;46,70;60,60;551,16
2612307;Saloá;91,53;780,86;159,07;22,22;4,62;42,76;44,27;38,28;39,04;58,66;93,39;96,20;99,60;26,41;2,00;27,64;5,00;28,91;4,00;36,14;2,10;1,02;6,00;29,00;5,40;1,80;92,29;5,63;45,69;95,59;69,61;3,67;446,01;21,52;7,23;0,69;2,45;1,00;0,72;54,85;9,91;8,00;0,00;1,81;0,52;3,00;10,56;2,77;9,28;2,00;0,35;0,26;55,27;2,00;0,00;1,00;213,90;4,00;35,82;44,45;489,70
2612406;Sanharó;100,00;615,20;76,69;19,92;4,38;59,13;63,96;79,18;52,32;72,57;94,08;86,80;97,78;113,92;4,00;5,87;4,00;53,69;5,00;10,74;0,30;0,20;3,30;22,60;4,70;1,30;77,84;16,84;63,21;80,20;70,47;3,65;373,94;25,00;12,89;8,51;2,13;1,00;0,00;48,23;18,09;6,00;5,00;0,85;0,77;3,00;13,55;2,55;4,98;2,00;0,18;0,89;333,96;4,00;0,00;1,00;180,34;4,00;30,95;45,48;511,01
2612455;Santa Cruz;65,20;1228,28;106,06;14,78;7,23;35,00;31,73;46,17;45,71;34,50;91,53;89,87;96,34;5,73;2,00;0,00;1,00;14,45;2,00;13,00;2,50;7,00;6,10;23,60;4,75;1,50;41,88;1,61;45,89;90,80;68,31;1,67;317,26;14,03;7,22;0,05;4,62;1,00;1,44;52,65;12,70;9,00;7,00;1,15;0,70;4,00;18,72;0,96;1,94;2,00;0,93;0,52;279,70;4,00;1250,00;3,00;336,13;5,00;32,38;45,48;504,47
2612471;Santa Cruz da Baixa Verde;73,04;692,48;135,95;13,79;3,52;5,40;44,21;1,50;15,22;52,85;95,13;96,85;96,87;54,75;2,00;9,46;5,00;8,65;2,00;17,29;0,80;0,80;5,10;16,10;5,30;5,90;98,94;4,16;48,86;76,88;72,14;2,56;475,52;18,07;8,65;2,70;2,04;1,00;1,73;47,44;6,41;3,00;0,00;1,27;0,78;4,00;16,55;1,20;6,09;2,00;0,22;0,43;270,27;4,00;0,00;1,00;126,26;3,00;30,70;44,59;503,62
2612505;Santa Cruz do Capibaribe;75,06;338,07;134,99;18,45;4,43;43,78;98,13;69,27;8,10;92,88;98,89;97,39;99,14;33,92;2,00;3,94;3,00;7,12;2,00;24,43;0,70;0,20;7,20;23,90;4,70;4,90;99,61;12,82;91,89;94,25;73,35;1,69;446,33;18,83;3,05;1,04;1,10;1,00;0,00;43,25;12,12;5,00;0,00;0,60;0,77;8,00;13,06;0,85;3,95;2,00;0,23;0,70;151,66;3,00;247,93;2,00;17,74;2,00;31,32;37,67;538,96
2612554;Santa Filomena;56,35;587,23;81,05;18,63;4,99;31,46;2,22;37,88;40,39;31,82;86,45;88,96;95,96;35,50;2,00;2,75;3,00;24,78;4,00;8,26;1,80;8,20;7,20;18,10;4,80;1,00;21,78;3,76;28,37;91,13;70,10;2,76;330,33;20,11;24,78;0,00;3,22;1,00;28,09;51,58;18,90;2,00;0,00;1,15;0,70;2,00;20,50;0,87;4,54;2,00;0,00;0,91;167,70;3,00;0,00;1,00;229,89;5,00;27,37;40,56;520,16
2612604;Santa Maria da Boa Vista;81,69;364,36;100,04;16,86;3,79;72,42;51,86;45,33;65,10;43,25;88,19;67,41;92,17;36,63;2,00;5,79;4,00;22,18;3,00;27,11;1,50;5,40;5,20;30,80;4,45;12,20;48,38;9,56;53,04;89,92;71,39;2,08;299,17;18,35;2,46;1,69;2,26;1,00;3,20;55,33;8,26;7,00;0,00;0,62;0,81;7,00;18,89;0,44;4,91;2,00;0,00;0,90;163,98;3,00;33,33;2,00;82,33;3,00;23,71;33,50;516,07
2612703;Santa Maria do Cambucá;61,40;629,02;215,57;29,24;3,35;15,74;14,48;55,01;22,75;29,29;86,19;83,34;98,30;83,09;3,00;5,65;4,00;7,14;2,00;35,68;2,20;0,00;4,40;21,40;4,10;2,90;99,94;4,58;33,44;93,98;69,08;2,15;439,15;24,51;1,43;0,56;1,48;1,00;0,00;49,73;11,25;3,00;4,00;0,74;0,80;1,00;19,30;2,01;8,97;2,00;0,22;0,74;28,10;2,00;0,00;1,00;0,00;1,00;5,21;7,57;538,03
2612802;Santa Terezinha;97,86;285,38;104,74;15,63;4,39;57,83;64,01;81,93;16,06;59,77;97,24;96,43;99,03;35,78;2,00;0,00;1,00;9,76;2,00;39,05;2,00;0,22;3,30;18,00;4,75;6,30;78,12;23,86;46,00;80,99;69,20;3,45;398,38;19,41;5,86;0,25;1,78;1,00;4,88;48,86;10,09;5,00;0,00;1,29;0,63;3,00;14,84;0,00;34,38;3,00;0,00;0,56;170,16;3,00;0,00;1,00;160,77;4,00;24,90;35,94;534,83
2612901;São Benedito do Sul;81,25;381,80;172,50;14,60;5,09;61,92;16,03;44,33;52,79;64,41;91,16;77,84;91,74;24,65;2,00;7,81;4,00;30,50;4,00;30,50;2,10;2,60;2,10;19,00;4,60;1,00;98,82;0,41;29,10;93,08;69,17;2,45;406,51;20,00;1,53;0,18;2,48;1,00;1,53;55,87;13,20;3,00;4,00;1,01;0,74;3,00;20,44;0,70;3,21;2,00;0,00;0,60;15,08;2,00;0,00;1,00;88,11;3,00;26,45;41,45;497,94
2613008;São Bento do Una;84,05;605,94;137,43;13,39;3,72;43,31;59,96;51,82;44,76;62,79;93,31;91,94;99,26;77,91;3,00;3,99;3,00;22,25;3,00;44,49;0,60;5,00;6,10;19,60;5,25;3,50;73,02;13,57;55,67;95,25;72,34;2,56;464,59;22,64;6,07;4,11;4,93;1,00;0,61;51,62;18,37;9,00;10,00;0,99;0,67;4,00;15,93;0,65;0,58;2,00;0,26;0,64;251,26;4,00;517,24;2,00;37,04;2,00;20,71;28,62;525,97
2613107;São Caitano;80,30;837,60;202,76;19,80;3,68;60,89;47,96;81,77;3,65;67,46;92,09;74,76;98,69;260,23;5,00;4,21;3,00;21,55;3,00;91,58;0,40;0,10;4,60;21,30;4,45;10,30;98,20;0,97;71,00;94,64;70,38;4,10;477,07;23,05;2,69;2,02;3,25;1,00;0,00;43,55;13,83;4,00;0,00;0,87;0,72;3,00;12,48;1,32;4,77;2,00;0,15;0,72;36,70;2,00;0,00;1,00;55,45;2,00;21,73;30,05;528,49
2613206;São João;75,71;543,43;146,01;19,66;4,26;52,62;18,09;73,94;49,33;50,28;90,47;86,66;99,13;52,14;2,00;5,16;4,00;25,17;4,00;16,78;0,80;0,10;5,00;34,00;4,85;12,60;92,75;3,73;42,39;95,00;71,09;2,85;528,94;25,39;7,55;2,10;2,38;1,00;0,00;48,24;10,61;6,00;0,00;1,11;0,67;3,00;13,20;0,00;1,42;2,00;0,53;0,96;32,88;2,00;0,00;1,00;91,58;3,00;83,05;92,17;521,25
2613305;São Joaquim do Monte;94,18;1096,13;167,69;21,28;2,94;71,87;87,48;89,64;34,33;76,52;95,58;84,28;96,38;95,95;3,00;11,15;5,00;17,97;3,00;34,94;1,60;0,20;2,30;20,60;4,90;7,50;99,68;1,03;45,33;91,32;69,47;2,95;581,88;24,87;3,99;0,71;2,09;1,00;1,00;44,18;12,11;6,00;5,00;1,15;0,69;3,00;14,54;0,31;2,45;2,00;0,18;0,96;247,92;4,00;0,00;1,00;243,61;5,00;24,31;33,63;514,99
2613404;São José da Coroa Grande;86,42;562,47;189,62;19,23;4,46;63,56;2,52;92,66;74,82;85,39;61,76;78,04;96,90;164,08;4,00;50,83;5,00;15,94;3,00;90,31;0,50;0,30;2,80;24,00;4,30;2,70;98,28;24,69;80,78;90,93;69,15;3,99;464,16;23,71;10,62;3,98;1,27;1,00;0,53;44,50;7,26;10,00;7,00;1,26;0,48;2,00;17,69;0,46;41,53;3,00;0,00;0,70;20,33;2,00;1666,67;4,00;61,39;2,00;4,92;6,74;525,58
2613503;São José do Belmonte;63,35;589,75;120,90;10,08;4,43;55,91;31,17;67,91;51,88;53,01;97,24;90,17;91,05;12,59;2,00;0,00;1,00;22,96;4,00;8,61;1,20;0,30;4,50;14,30;5,00;1,50;70,92;7,18;62,64;91,64;71,12;2,41;475,37;17,65;17,22;5,09;2,41;1,00;18,08;53,24;13,27;3,00;3,00;1,13;0,63;4,00;13,10;1,54;0,98;2,00;0,15;0,70;299,20;4,00;3,62;2,00;145,67;4,00;35,40;40,20;538,93
2613602;São José do Egito;100,00;587,55;136,25;19,75;4,89;68,63;87,81;88,71;53,12;63,42;98,54;98,17;95,91;51,16;2,00;6,22;4,00;25,80;4,00;41,93;0,78;0,30;1,40;15,00;5,65;0,90;88,09;7,23;66,63;94,79;71,13;3,24;457,28;21,63;8,39;0,79;3,16;1,00;4,19;41,45;11,94;8,00;0,00;1,29;0,63;4,00;16,54;2,31;24,81;2,00;0,15;0,64;236,35;4,00;0,00;1,00;206,04;4,00;27,91;37,18;549,84
2613701;São Lourenço da Mata;45,83;845,88;226,92;16,34;4,07;67,62;41,67;85,88;55,78;72,26;71,21;75,91;97,20;93,09;3,00;1,72;3,00;6,29;2,00;43,15;1,40;1,00;4,20;23,60;4,50;6,10;100,00;3,97;74,49;93,79;72,57;2,36;478,67;22,22;2,70;4,80;0,91;1,00;0,09;51,09;4,14;4,00;1,00;1,02;0,67;4,00;13,49;1,47;3,00;2,00;0,13;0,77;542,82;5,00;97,09;2,00;88,82;3,00;27,57;37,24;539,99
2613800;São Vicente Férrer;87,36;815,43;121,85;12,88;3,35;39,76;45,22;50,00;57,11;44,61;84,40;87,42;97,74;21,92;2,00;4,37;3,00;23,99;4,00;29,98;0,40;0,18;5,10;23,30;4,65;5,80;99,51;0,94;54,94;90,77;67,90;2,78;493,47;22,76;10,79;4,29;1,94;1,00;0,60;46,99;17,40;6,00;6,00;1,08;0,73;3,00;19,31;0,35;1,81;2,00;0,00;0,84;164,49;3,00;0,00;1,00;66,09;3,00;33,03;49,48;511,82
2613909;Serra Talhada;88,92;990,09;181,31;19,59;7,47;70,45;83,27;100,00;48,16;68,49;96,72;90,99;97,56;37,87;2,00;2,06;3,00;17,35;3,00;26,02;0,10;1,00;6,90;16,50;5,25;4,90;81,99;20,75;71,57;95,54;72,97;2,38;468,55;16,37;4,34;1,57;2,74;1,00;7,48;42,92;9,54;5,00;10,00;0,83;0,77;8,00;13,79;1,26;2,83;2,00;0,11;0,36;673,46;5,00;28,99;2,00;211,13;4,00;53,44;68,93;531,37
2614006;Serrita;100,00;915,43;89,02;24,27;4,89;43,18;49,73;61,65;5,69;41,55;91,70;79,42;97,11;0,00;1,00;0,00;1,00;10,98;2,00;5,49;0,70;0,00;1,80;17,90;5,15;0,50;53,98;11,14;28,33;96,82;70,62;2,66;372,19;16,78;16,48;0,53;4,53;1,00;21,97;50,43;17,37;3,00;7,00;1,10;0,77;3,00;11,17;0,28;1,58;2,00;0,00;0,58;187,14;3,00;0,00;1,00;397,77;5,00;44,44;67,15;499,44
2614105;Sertânia;75,36;1014,12;165,69;34,48;5,24;42,63;48,92;61,65;73,73;53,39;93,66;82,02;97,64;23,61;2,00;6,58;4,00;48,76;5,00;6,10;0,50;0,06;2,50;23,00;5,20;4,00;57,23;11,85;56,81;95,18;70,14;2,12;393,84;22,15;6,10;2,31;4,71;1,00;1,83;49,12;10,41;10,00;0,00;1,24;0,54;5,00;18,39;0,22;8,02;2,00;0,45;0,70;345,94;4,00;196,08;2,00;180,26;4,00;28,00;38,72;531,49
2614204;Sirinhaém;11,13;601,99;173,66;22,36;4,90;68,34;70,52;58,71;70,50;78,12;77,95;87,54;97,82;105,25;3,00;4,43;3,00;13,30;2,00;47,88;0,50;0,32;1,60;21,30;4,85;3,60;96,78;4,03;57,22;93,76;70,76;3,10;550,09;23,96;3,19;1,60;1,38;1,00;1,60;55,37;2,43;9,00;0,00;1,22;0,64;0,00;24,19;1,34;15,17;2,00;0,18;0,76;104,92;3,00;666,67;2,00;94,88;3,00;27,85;37,51;488,67
2614303;Moreilândia;84,91;425,95;68,32;16,13;4,58;47,17;8,51;50,50;52,77;50,35;90,87;87,66;96,90;37,48;2,00;10,65;5,00;1,90;2,00;9,49;0,30;0,70;5,50;16,80;4,45;1,20;82,17;2,63;52,67;94,88;71,05;1,30;316,26;12,64;7,59;2,58;3,71;1,00;23,72;50,62;16,39;3,00;4,00;1,12;0,67;2,00;17,74;0,40;2,60;2,00;0,67;0,43;37,92;2,00;0,00;1,00;128,62;4,00;33,29;45,50;525,34
2614402;Solidão;100,00;961,22;123,28;26,67;6,26;29,32;34,44;36,03;54,80;36,83;94,97;91,70;99,52;0,00;1,00;6,92;4,00;3,84;2,00;19,19;0,10;0,46;4,80;13,40;5,80;5,90;89,84;13,91;28,77;94,61;70,27;0,78;531,33;18,50;3,84;0,00;2,07;1,00;32,63;40,10;6,33;9,00;0,00;1,19;0,72;3,00;21,33;0,40;132,38;5,00;0,91;0,48;156,62;3,00;0,00;1,00;108,70;3,00;28,35;48,51;508,51
2614501;Surubim;82,82;759,91;176,02;10,01;2,84;72,09;80,85;100,00;51,20;77,83;96,24;93,70;90,24;70,89;3,00;11,94;5,00;7,80;2,00;29,63;0,40;0,30;5,00;15,90;5,05;3,90;97,06;10,18;75,44;87,73;70,37;2,58;497,84;26,23;9,36;6,67;1,66;1,00;0,16;47,14;12,11;12,00;7,00;1,47;0,68;4,00;11,76;0,87;7,91;2,00;0,59;0,71;23,89;2,00;0,00;1,00;81,80;3,00;22,82;30,06;583,64
2614600;Tabira;78,66;488,57;182,59;13,55;4,43;74,32;81,29;100,00;57,97;76,87;97,16;98,63;90,39;43,17;2,00;2,75;3,00;14,45;2,00;18,06;0,90;0,10;4,80;17,00;5,75;5,60;89,06;21,49;62,90;94,23;71,19;2,55;463,13;16,81;7,23;1,88;2,63;1,00;6,86;45,15;16,08;6,00;3,00;1,19;0,72;5,00;14,36;0,36;2,08;2,00;0,36;0,61;7,06;2,00;0,00;1,00;46,37;2,00;20,56;32,60;536,10
2614709;Tacaimbó;92,61;646,27;105,73;38,17;4,40;50,21;53,23;81,62;48,17;55,67;97,81;95,10;97,48;96,65;3,00;12,21;5,00;21,84;3,00;36,40;1,50;0,62;7,00;36,40;4,45;18,40;78,20;20,33;46,29;72,51;69,86;3,37;313,76;15,37;29,12;2,78;3,23;1,00;0,00;49,95;12,63;6,00;5,00;0,81;0,77;3,00;21,37;0,42;0,83;2,00;0,58;0,28;15,08;2,00;0,00;1,00;208,33;4,00;23,94;39,75;509,34
2614808;Tacaratu;90,54;506,83;139,04;28,47;5,02;45,48;12,84;67,73;66,18;39,08;84,40;80,78;95,60;15,26;2,00;8,42;4,00;20,92;3,00;16,74;0,80;12,40;11,70;34,80;4,90;5,30;67,57;14,15;40,85;93,50;67,63;1,46;333,39;19,34;8,37;2,92;1,72;1,00;0,84;56,58;14,11;8,00;9,00;1,41;0,41;6,00;19,57;0,15;1,46;2,00;0,00;0,97;126,28;3,00;9,96;2,00;141,24;4,00;21,18;33,26;491,79
2614857;Tamandaré;67,61;670,80;278,98;19,89;4,67;50,70;37,10;100,00;66,27;64,10;55,54;81,86;97,61;142,34;4,00;5,06;4,00;12,73;2,00;63,66;1,70;0,46;1,90;23,00;4,50;2,60;97,90;22,27;92,52;93,13;69,71;2,83;480,75;19,87;8,49;2,62;1,73;1,00;0,00;49,99;4,18;7,00;6,00;1,44;0,62;5,00;18,18;1,52;1,42;2,00;0,18;0,37;132,42;3,00;0,00;1,00;98,06;3,00;29,04;38,61;507,53
2615003;Taquaritinga do Norte;76,39;559,85;146,87;5,85;3,26;16,56;47,74;45,60;21,39;73,02;94,59;88,91;98,45;79,04;3,00;7,91;4,00;48,51;5,00;56,60;0,20;4,20;6,10;23,60;5,20;5,20;96,26;8,31;90,40;91,14;72,76;3,21;534,35;22,07;4,04;1,68;2,29;1,00;0,00;45,24;20,40;3,00;3,00;0,97;0,72;4,00;15,50;0,42;1,16;2,00;0,18;0,69;7,91;2,00;0,00;1,00;32,55;2,00;22,44;32,96;509,02
2615102;Terezinha;79,85;982,43;152,08;23,79;4,19;42,00;48,82;52,98;42,38;45,77;98,58;98,62;99,49;27,27;2,00;0,00;1,00;15,35;3,00;15,35;0,10;1,00;7,00;25,10;4,95;2,70;94,64;2,37;49,25;96,58;67,65;2,16;532,22;24,20;15,35;0,00;3,44;1,00;3,07;50,19;2,83;7,00;0,00;1,19;0,73;2,00;18,18;0,00;4,60;2,00;0,00;0,86;152,67;3,00;0,00;1,00;222,84;4,00;98,35;132,30;525,64
2615201;Terra Nova;83,56;969,56;115,69;8,40;6,86;74,22;83,25;99,97;37,38;60,98;95,70;32,13;97,37;38,55;2,00;4,16;3,00;6,73;2,00;20,18;0,50;0,82;2,40;9,90;5,30;5,50;70,88;7,43;47,57;80,92;69,43;0,83;372,48;17,18;11,21;0,00;2,58;1,00;0,00;42,34;15,90;7,00;6,00;0,61;0,46;2,00;16,81;0,95;82,28;4,00;0,00;0,61;367,56;5,00;0,00;1,00;116,28;3,00;39,99;59,40;524,35
2615300;Timbaúba;86,57;595,20;158,20;8,50;4,29;75,15;52,85;97,75;55,19;88,13;92,05;89,40;99,06;49,30;2,00;7,93;4,00;6,50;2,00;41,17;0,10;1,40;2,90;16,20;5,20;4,90;97,52;15,73;71,86;94,34;71,14;2,92;544,13;29,48;10,83;4,77;1,62;1,00;0,43;52,88;13,49;7,00;7,00;1,12;0,74;4,00;15,65;2,12;7,11;2,00;0,44;0,70;173,07;3,00;0,00;1,00;83,73;3,00;31,60;38,44;553,83
2615409;Toritama;71,02;499,07;211,68;14,95;4,81;25,37;74,15;79,80;58,17;91,19;94,11;88,40;99,43;70,54;3,00;3,48;3,00;12,15;2,00;34,03;2,80;10,70;9,20;23,70;4,85;6,20;100,00;12,58;91,66;96,13;72,83;1,97;444,52;24,73;2,43;6,11;1,06;1,00;0,00;49,40;16,01;8,00;0,00;0,96;0,67;2,00;16,29;0,28;3,53;2,00;0,45;0,91;56,35;2,00;0,00;1,00;24,84;2,00;29,03;37,27;534,81
2615508;Tracunhaém;80,21;577,37;246,13;22,73;3,91;70,45;29,50;78,97;17,56;79,89;87,04;90,32;98,99;63,33;3,00;2,83;3,00;7,21;2,00;28,85;0,50;0,00;2,40;13,10;5,25;4,20;98,38;6,96;65,06;94,94;71,58;3,79;515,36;15,61;0,00;4,55;1,56;1,00;0,00;49,99;2,93;2,00;6,00;0,98;0,80;4,00;13,64;3,37;4,27;2,00;0,22;0,58;28,16;2,00;0,00;1,00;48,10;2,00;7,36;11,98;518,63
2615607;Trindade;87,89;778,06;209,38;30,13;4,51;64,64;32,24;97,13;35,08;65,20;91,25;70,49;97,31;47,62;2,00;2,61;3,00;23,09;4,00;23,09;0,50;3,40;3,10;19,20;4,80;5,00;91,63;12,20;76,20;93,79;71,05;2,76;564,98;16,27;13,19;2,71;2,92;1,00;0,33;42,21;21,59;7,00;7,00;1,24;0,71;4,00;22,41;0,38;0,84;2,00;0,30;0,81;503,81;5,00;263,16;2,00;153,93;4,00;26,89;39,59;507,45
2615706;Triunfo;86,91;728,73;139,98;5,24;3,74;36,05;16,48;58,89;33,68;49,80;97,50;97,62;98,99;12,74;2,00;0,00;1,00;6,80;2,00;6,80;0,48;1,10;5,50;10,80;5,95;0,70;88,38;1,02;63,28;95,19;74,00;1,92;459,00;22,73;8,16;0,72;1,32;1,00;5,44;49,10;4,21;8,00;0,00;1,27;0,78;8,00;13,09;1,17;2,26;2,00;0,00;0,79;156,74;3,00;0,00;1,00;267,86;5,00;37,37;53,44;522,62
2615805;Tupanatinga;82,42;579,28;122,49;11,02;4,78;44,51;48,48;50,20;48,18;33,66;92,07;84,12;94,55;27,65;2,00;7,31;4,00;6,68;2,00;11,14;0,90;0,00;3,20;28,00;4,65;5,20;50,82;5,74;26,70;93,57;69,82;1,44;304,94;18,87;14,85;7,03;3,59;1,00;1,48;49,93;16,16;5,00;0,00;1,41;0,67;2,00;20,11;0,04;3,33;2,00;0,36;0,61;197,43;4,00;0,00;1,00;170,26;4,00;33,13;52,63;521,70
2615904;Tuparetama;100,00;616,99;103,51;17,09;5,14;72,44;71,31;100,00;41,00;73,24;98,23;99,00;99,37;60,17;3,00;4,74;4,00;12,49;2,00;24,98;0,40;0,40;6,80;14,70;5,70;3,50;82,85;2,70;67,29;95,15;69,95;3,86;580,64;27,12;12,49;3,21;2,89;1,00;9,99;50,00;18,78;4,00;4,00;0,88;0,80;5,00;15,38;2,69;25,04;2,00;0,43;0,92;557,31;5,00;0,00;1,00;386,85;5,00;21,69;31,06;536,76
2616001;Venturosa;40,56;748,61;163,15;8,30;3,75;54,41;71,12;60,00;46,69;64,86;98,43;96,29;99,47;131,03;4,00;11,31;5,00;17,39;3,00;75,36;0,20;0,20;3,00;20,20;4,80;1,90;79,30;5,22;72,70;97,03;70,04;3,18;468,95;23,87;2,32;1,10;4,96;1,00;0,00;52,09;15,50;3,00;0,00;0,74;0,86;2,00;15,77;0,13;1,28;2,00;0,18;0,44;113,13;3,00;0,00;1,00;64,24;3,00;33,60;48,17;527,35
2616100;Verdejante;79,41;1034,27;177,24;22,22;4,22;63,49;39,66;100,00;50,92;50,72;95,01;81,47;96,15;27,75;2,00;8,27;4,00;15,27;2,00;30,54;0,10;6,40;4,60;19,30;4,10;4,90;59,36;12,73;31,73;93,77;70,62;2,56;514,84;20,14;10,91;0,57;2,38;1,00;4,36;52,82;13,19;7,00;6,00;1,16;0,62;3,00;12,59;0,00;77,90;4,00;0,22;0,94;150,80;3,00;0,00;1,00;116,96;3,00;43,97;63,88;478,33
2616183;Vertente do Lério;100,00;730,80;104,00;32,26;3,44;5,10;13,80;39,95;15,94;39,45;96,22;96,26;96,55;48,16;2,00;0,00;1,00;13,23;2,00;44,99;0,20;0,00;1,30;25,10;5,15;0,90;98,52;2,59;31,69;94,66;68,54;2,08;473,77;20,28;13,23;1,60;2,02;1,00;0,00;52,60;18,65;4,00;6,00;1,47;0,68;2,00;17,20;0,00;108,30;5,00;0,22;0,80;52,66;2,00;0,00;1,00;0,00;1,00;32,00;48,99;496,16
2616209;Vertentes;46,55;897,41;134,15;10,31;3,20;28,28;40,46;73,65;14,75;76,57;91,63;86,68;99,36;117,26;4,00;1,94;3,00;13,66;2,00;27,32;4,30;0,00;5,40;14,30;4,18;0,50;89,82;5,68;30,69;96,09;68,69;2,11;338,66;20,94;2,73;5,74;2,01;1,00;0,00;46,69;20,32;2,00;0,00;0,82;0,78;1,00;15,46;0,51;9,02;2,00;0,44;0,53;12,59;2,00;0,00;1,00;181,49;4,00;25,05;35,53;551,30
2616308;Vicência;87,34;662,67;182,24;6,02;2,89;72,87;45,84;58,48;69,03;70,13;92,93;90,75;98,11;59,23;3,00;4,82;4,00;7,59;2,00;64,49;0,50;0,04;1,80;23,00;4,70;4,30;89,25;1,54;60,62;92,08;70,26;3,23;558,35;25,02;3,79;2,70;1,80;1,00;0,00;50,34;11,05;2,00;6,00;1,20;0,63;3,00;17,17;0,45;13,13;2,00;0,15;0,24;36,77;2,00;0,00;1,00;36,02;2,00;46,30;57,71;503,46
2616407;Vitória de Santo Antão;57,71;683,81;217,71;9,70;2,20;75,38;86,54;77,79;31,77;80,49;95,50;93,88;92,53;107,97;4,00;12,73;5,00;5,97;2,00;52,95;2,30;1,10;2,90;20,00;5,05;5,90;98,60;18,46;70,24;94,21;71,07;2,79;568,40;13,36;2,98;4,30;1,77;1,00;0,15;42,31;3,35;5,00;5,00;1,37;0,61;4,00;15,35;0,91;0,20;2,00;0,00;0,66;598,44;5,00;55,56;2,00;100,21;3,00;50,46;57,02;552,29
2616506;Xexéu;58,88;669,42;282,62;22,10;5,83;80,25;90,46;65,07;43,93;80,11;92,64;88,07;96,76;105,51;4,00;0,00;1,00;60,29;5,00;68,90;0,90;1,60;2,40;16,40;4,30;3,40;99,16;3,46;53,08;91,32;67,15;4,57;759,67;21,47;8,61;1,03;3,12;1,00;0,86;51,79;4,95;2,00;5,00;1,46;0,43;2,00;21,55;0,60;15,87;2,00;0,22;0,42;10,10;2,00;0,00;1,00;42,28;2,00;64,51;92,34;467,33
